{"ckpt": "checkpoints/Track2/A-V-P/ternary/pipeline__A_VpP__opensmile__openface__bilstm_mean__fold3_seed42/best_model_2026-05-16-01.34.01.pth", "track": "Track2", "task": "ternary", "subtrack": "A-V+P", "audio_feature": "opensmile", "video_feature": "openface", "encoder_type": "bilstm_mean", "seed": 42, "experiment_name": "pipeline__A_VpP__opensmile__openface__bilstm_mean__fold3_seed42", "val": {"acc": 0.6470588235294118, "f1": 0.6479925303454714, "kappa": 0.3892215568862276, "ccc": 0.30876908382761337, "rmse": 0.691057546557578, "mae": 0.5277218888787663, "confusion_matrix": [[6, 3, 0], [2, 4, 0], [0, 1, 1]], "selection_score": 0.6479925303454714, "r2": 0.09785237498673871, "cls_loss": 1.5657663985210306, "reg_loss": 0.4775605191860129, "loss": 2.0433268617181217}, "metric_split": "val", "test": {"acc": 0.36363636363636365, "f1": 0.2450980392156863, "kappa": -0.14498141263940534, "ccc": 0.09806059544495427, "rmse": 0.7078483783451188, "mae": 0.5839243842796846, "confusion_matrix": [[6, 5, 0], [6, 2, 0], [1, 2, 0]], "selection_score": 0.2450980392156863, "r2": -0.8156053490288213}, "ids": [1, 5, 7, 13, 15, 22, 28, 33, 34, 40, 42, 44, 47, 58, 74, 83, 85, 89, 90, 93, 105, 110], "probs": [[0.5550421476364136, 0.1150742769241333, 0.3298835754394531], [0.9536630511283875, 0.007219887338578701, 0.03911703824996948], [0.9798562526702881, 0.003878948511555791, 0.016264772042632103], [0.5252583622932434, 0.4570808708667755, 0.01766076870262623], [0.9541093707084656, 0.005481816828250885, 0.040408700704574585], [0.511565625667572, 0.47631651163101196, 0.01211786549538374], [0.8608888983726501, 0.12612484395503998, 0.012986307963728905], [0.8104863166809082, 0.01824037916958332, 0.17127330601215363], [0.9296152591705322, 0.004757487215101719, 0.06562734395265579], [0.018483584746718407, 0.9622907638549805, 0.019225681200623512], [0.21889865398406982, 0.7400895953178406, 0.04101170226931572], [0.007886898703873158, 0.8684277534484863, 0.12368538230657578], [0.4467456340789795, 0.533180832862854, 0.02007351443171501], [0.013102367520332336, 0.9656133651733398, 0.02128419280052185], [0.01934131234884262, 0.9192854762077332, 0.06137318164110184], [0.12273893505334854, 0.569646418094635, 0.30761465430259705], [0.014829801395535469, 0.9561517238616943, 0.029018502682447433], [0.012217801995575428, 0.9696369767189026, 0.018145235255360603], [0.9130135774612427, 0.012775191105902195, 0.07421129941940308], [0.9855942130088806, 0.003014754503965378, 0.011391081847250462], [0.9730836749076843, 0.012679298408329487, 0.01423703134059906], [0.7225835919380188, 0.03978908434510231, 0.23762734234333038]], "phq_pred_log1p": [1.9303123950958252, 1.242875337600708, 0.3909418284893036, 1.3278547525405884, 1.1770871877670288, 1.1753283739089966, 1.1271153688430786, 1.758219838142395, 0.8026566505432129, 1.8650835752487183, 1.6032546758651733, 2.4423158168792725, 1.3054441213607788, 1.9108060598373413, 2.174828052520752, 2.048269271850586, 1.9273453950881958, 1.8766099214553833, 1.46703040599823, 0.61646568775177, 0.9399339556694031, 1.3592356443405151], "phq_true_log1p": [2.4849066734313965, 1.945910096168518, 1.945910096168518, 1.945910096168518, 1.945910096168518, 1.0986123085021973, 1.0986123085021973, 1.0986123085021973, 1.945910096168518, 1.0986123085021973, 1.945910096168518, 1.0986123085021973, 1.0986123085021973, 1.0986123085021973, 2.4849066734313965, 1.0986123085021973, 2.4849066734313965, 1.945910096168518, 1.945910096168518, 1.0986123085021973, 1.0986123085021973, 1.0986123085021973], "y_true": [2, 1, 1, 1, 1, 0, 0, 0, 1, 0, 1, 0, 0, 0, 2, 0, 2, 1, 1, 0, 0, 0], "y_pred": [0, 0, 0, 0, 0, 0, 0, 0, 0, 1, 1, 1, 1, 1, 1, 1, 1, 1, 0, 0, 0, 0]}