{"ckpt": "checkpoints/Track1/A-V-P/ternary/pipeline__A_VpP__wav2vec__openface__bilstm_mean__frozen_val_seed3407/best_model_2026-05-15-22.38.17.pth", "track": "Track1", "task": "ternary", "subtrack": "A-V+P", "audio_feature": "wav2vec", "video_feature": "openface", "encoder_type": "bilstm_mean", "seed": 3407, "experiment_name": "pipeline__A_VpP__wav2vec__openface__bilstm_mean__frozen_val_seed3407", "val": {"acc": 0.6666666666666666, "f1": 0.45714285714285713, "kappa": 0.42553191489361697, "ccc": 0.22972588602057276, "rmse": 0.8575787103272517, "mae": 0.6804659101698134, "confusion_matrix": [[4, 2, 0], [0, 2, 0], [0, 1, 0]], "selection_score": 0.45714285714285713, "r2": -0.2355340282387024, "cls_loss": 1.1653806898328993, "reg_loss": 0.7354412385159068, "loss": 1.9008219242095947}, "metric_split": "val", "test": {"acc": 0.5217391304347826, "f1": 0.3531746031746032, "kappa": 0.11228070175438587, "ccc": -0.010067153284816645, "rmse": 0.7010409863965887, "mae": 0.5988659703213236, "confusion_matrix": [[7, 7, 0], [3, 5, 0], [0, 1, 0]], "selection_score": 0.3531746031746032, "r2": -0.860537016936122}, "ids": [1, 6, 8, 13, 18, 24, 26, 32, 33, 35, 45, 48, 51, 59, 69, 70, 83, 86, 91, 92, 97, 106, 117], "probs": [[0.20920108258724213, 0.5163655281066895, 0.2744333744049072], [0.2900877892971039, 0.5101149082183838, 0.19979727268218994], [0.3711681663990021, 0.42319032549858093, 0.2056414932012558], [0.2779630124568939, 0.4810492992401123, 0.24098771810531616], [0.34499070048332214, 0.4578973352909088, 0.19711191952228546], [0.5301680564880371, 0.33896008133888245, 0.13087186217308044], [0.6159120202064514, 0.2593420147895813, 0.12474603205919266], [0.5345345735549927, 0.349499374628067, 0.11596603691577911], [0.2537233829498291, 0.47662901878356934, 0.2696475386619568], [0.4642486870288849, 0.3867315351963043, 0.14901982247829437], [0.39941051602363586, 0.3792535066604614, 0.22133594751358032], [0.811979353427887, 0.13042938709259033, 0.05759124085307121], [0.27708733081817627, 0.4938710331916809, 0.22904165089130402], [0.26302483677864075, 0.5373820662498474, 0.19959308207035065], [0.32766076922416687, 0.43805432319641113, 0.2342848926782608], [0.4706351161003113, 0.37658974528312683, 0.15277507901191711], [0.4946468472480774, 0.3594028353691101, 0.14595037698745728], [0.27603843808174133, 0.4892556965351105, 0.23470580577850342], [0.3763293921947479, 0.34506770968437195, 0.2786028981208801], [0.37265264987945557, 0.45787855982780457, 0.16946884989738464], [0.3873782157897949, 0.3934086263179779, 0.21921315789222717], [0.3766776919364929, 0.44339263439178467, 0.1799297034740448], [0.4644794166088104, 0.35985520482063293, 0.17566531896591187]], "phq_pred_log1p": [2.299170970916748, 2.063356399536133, 1.9947519302368164, 2.0761163234710693, 1.9528602361679077, 1.6214476823806763, 1.470998764038086, 1.481435775756836, 1.9295082092285156, 1.58162522315979, 2.0470364093780518, 0.7527525424957275, 2.086652994155884, 1.8735570907592773, 2.1534061431884766, 1.7518306970596313, 1.590553879737854, 2.059612274169922, 2.158228635787964, 1.9049984216690063, 1.9808322191238403, 1.8689895868301392, 1.830430507659912], "phq_true_log1p": [2.5649492740631104, 2.079441547393799, 1.0986123085021973, 2.079441547393799, 1.0986123085021973, 1.0986123085021973, 2.079441547393799, 1.0986123085021973, 1.0986123085021973, 2.079441547393799, 1.0986123085021973, 2.079441547393799, 1.0986123085021973, 1.0986123085021973, 2.079441547393799, 1.0986123085021973, 1.0986123085021973, 2.079441547393799, 1.0986123085021973, 2.079441547393799, 1.0986123085021973, 1.0986123085021973, 1.0986123085021973], "y_true": [2, 1, 0, 1, 0, 0, 1, 0, 0, 1, 0, 1, 0, 0, 1, 0, 0, 1, 0, 1, 0, 0, 0], "y_pred": [1, 1, 1, 1, 1, 0, 0, 0, 1, 0, 0, 0, 1, 1, 1, 0, 0, 1, 0, 1, 1, 1, 0]}