{"ckpt": "checkpoints/Track2/A-V-P/binary/pipeline__A_VpP__wav2vec__resnet__bilstm_mean__frozen_val_seed2026/best_model_2026-05-15-21.45.10.pth", "track": "Track2", "task": "binary", "subtrack": "A-V+P", "audio_feature": "wav2vec", "video_feature": "resnet", "encoder_type": "bilstm_mean", "seed": 2026, "experiment_name": "pipeline__A_VpP__wav2vec__resnet__bilstm_mean__frozen_val_seed2026", "val": {"acc": 0.7777777777777778, "f1": 0.775, "kappa": 0.5714285714285714, "ccc": -0.16300513743707928, "rmse": 0.87187369496426, "mae": 0.6201573875215318, "confusion_matrix": [[3, 2], [0, 4]], "selection_score": 0.775, "r2": -0.3845558125132209, "cls_loss": 0.7041457030508254, "reg_loss": 0.7601637418071429, "loss": 1.4643093943595886}, "metric_split": "val", "test": {"acc": 0.5, "f1": 0.4989648033126294, "kappa": 0.0, "ccc": 0.18049448213329075, "rmse": 0.5269295081225472, "mae": 0.4632687893780795, "confusion_matrix": [[6, 5], [6, 5]], "selection_score": 0.4989648033126294, "r2": -0.006111261846373228}, "ids": [1, 5, 7, 13, 15, 22, 28, 33, 34, 40, 42, 44, 47, 58, 74, 83, 85, 89, 90, 93, 105, 110], "probs": [[0.17375865578651428, 0.8262413740158081], [0.543576180934906, 0.456423819065094], [0.46053922176361084, 0.5394607782363892], [0.33544498682022095, 0.664555013179779], [0.5261499285697937, 0.4738501310348511], [0.431702196598053, 0.5682977437973022], [0.4291069805622101, 0.5708930492401123], [0.49879682064056396, 0.5012031197547913], [0.6694148778915405, 0.3305850625038147], [0.4391203820705414, 0.560879647731781], [0.48282554745674133, 0.517174482345581], [0.5818728804588318, 0.4181271195411682], [0.42777740955352783, 0.5722225904464722], [0.6809871196746826, 0.319012850522995], [0.40605103969573975, 0.5939489603042603], [0.5811344385147095, 0.41886553168296814], [0.6208685040473938, 0.3791315257549286], [0.6024425029754639, 0.39755746722221375], [0.5899657011032104, 0.41003432869911194], [0.6173427104949951, 0.3826572597026825], [0.5553942322731018, 0.4446057677268982], [0.5439468622207642, 0.45605310797691345]], "phq_pred_log1p": [2.32026743888855, 1.5414583683013916, 1.6143596172332764, 1.9388750791549683, 1.5988048315048218, 1.7660863399505615, 1.7448045015335083, 1.6248366832733154, 1.1808619499206543, 1.7757937908172607, 1.6836440563201904, 1.4603910446166992, 1.797187089920044, 1.1642131805419922, 1.7737398147583008, 1.373344898223877, 1.356564998626709, 1.4342224597930908, 1.4873045682907104, 1.384736180305481, 1.519460916519165, 1.5738965272903442], "phq_true_log1p": [2.4849066734313965, 1.945910096168518, 1.945910096168518, 1.945910096168518, 1.945910096168518, 1.0986123085021973, 1.0986123085021973, 1.0986123085021973, 1.945910096168518, 1.0986123085021973, 1.945910096168518, 1.0986123085021973, 1.0986123085021973, 1.0986123085021973, 2.4849066734313965, 1.0986123085021973, 2.4849066734313965, 1.945910096168518, 1.945910096168518, 1.0986123085021973, 1.0986123085021973, 1.0986123085021973], "y_true": [1, 1, 1, 1, 1, 0, 0, 0, 1, 0, 1, 0, 0, 0, 1, 0, 1, 1, 1, 0, 0, 0], "y_pred": [1, 0, 1, 1, 0, 1, 1, 1, 0, 1, 1, 0, 1, 0, 1, 0, 0, 0, 0, 0, 0, 0]}