{"ckpt": "checkpoints/Track2/G-P/binary/pipeline__GpP__mfcc__resnet__bilstm_mean__fold4_seed42/best_model_2026-05-16-01.29.47.pth", "track": "Track2", "task": "binary", "subtrack": "G+P", "audio_feature": "mfcc", "video_feature": "resnet", "encoder_type": "bilstm_mean", "seed": 42, "experiment_name": "pipeline__GpP__mfcc__resnet__bilstm_mean__fold4_seed42", "val": {"acc": 0.5294117647058824, "f1": 0.5277777777777778, "kappa": 0.05555555555555558, "ccc": -0.007217048890332517, "rmse": 0.6852060756268864, "mae": 0.5711652741712683, "confusion_matrix": [[5, 4], [4, 4]], "selection_score": 0.5277777777777778, "r2": -0.01033919143442752, "cls_loss": 0.6958951494273018, "reg_loss": 0.4695073611596051, "loss": 1.165402517599218}, "metric_split": "val", "test": {"acc": 0.3181818181818182, "f1": 0.3167701863354037, "kappa": -0.36363636363636354, "ccc": -0.023733406544675914, "rmse": 0.5362368290141888, "mae": 0.5014775178649209, "confusion_matrix": [[4, 7], [8, 3]], "selection_score": 0.3167701863354037, "r2": -0.041967677638813816}, "ids": [1, 5, 7, 13, 15, 22, 28, 33, 34, 40, 42, 44, 47, 58, 74, 83, 85, 89, 90, 93, 105, 110], "probs": [[0.5335294008255005, 0.4664705693721771], [0.5325350761413574, 0.4674649238586426], [0.48694971203804016, 0.5130502581596375], [0.476228266954422, 0.5237717032432556], [0.48961204290390015, 0.5103879570960999], [0.49888014793395996, 0.50111985206604], [0.49512502551078796, 0.5048750042915344], [0.47690725326538086, 0.5230927467346191], [0.5022467970848083, 0.49775320291519165], [0.4986574053764343, 0.5013425946235657], [0.5009370446205139, 0.4990629255771637], [0.4953809380531311, 0.5046190619468689], [0.5048497319221497, 0.49515026807785034], [0.503994882106781, 0.496005117893219], [0.5141596794128418, 0.4858403205871582], [0.5004154443740845, 0.49958452582359314], [0.5249341726303101, 0.47506582736968994], [0.5018937587738037, 0.4981062710285187], [0.5150825381278992, 0.48491746187210083], [0.49612748622894287, 0.5038725137710571], [0.5014017820358276, 0.49859821796417236], [0.4928363263607025, 0.5071637034416199]], "phq_pred_log1p": [1.4774259328842163, 1.4396730661392212, 1.585645318031311, 1.5606943368911743, 1.5457115173339844, 1.4824398756027222, 1.5574527978897095, 1.55656099319458, 1.5109988451004028, 1.5367846488952637, 1.576093316078186, 1.5500824451446533, 1.5260895490646362, 1.5310522317886353, 1.5372258424758911, 1.5571388006210327, 1.52960205078125, 1.5731757879257202, 1.502761721611023, 1.573621392250061, 1.550394892692566, 1.5126301050186157], "phq_true_log1p": [2.4849066734313965, 1.945910096168518, 1.945910096168518, 1.945910096168518, 1.945910096168518, 1.0986123085021973, 1.0986123085021973, 1.0986123085021973, 1.945910096168518, 1.0986123085021973, 1.945910096168518, 1.0986123085021973, 1.0986123085021973, 1.0986123085021973, 2.4849066734313965, 1.0986123085021973, 2.4849066734313965, 1.945910096168518, 1.945910096168518, 1.0986123085021973, 1.0986123085021973, 1.0986123085021973], "y_true": [1, 1, 1, 1, 1, 0, 0, 0, 1, 0, 1, 0, 0, 0, 1, 0, 1, 1, 1, 0, 0, 0], "y_pred": [0, 0, 1, 1, 1, 1, 1, 1, 0, 1, 0, 1, 0, 0, 0, 0, 0, 0, 0, 1, 0, 1]}