{"ckpt": "checkpoints/Track2/A-V-G+P/binary/pipeline__A_V_GpP__mfcc__resnet__bilstm_mean__frozen_val_seed3407/best_model_2026-05-15-21.49.23.pth", "track": "Track2", "task": "binary", "subtrack": "A-V-G+P", "audio_feature": "mfcc", "video_feature": "resnet", "encoder_type": "bilstm_mean", "seed": 3407, "experiment_name": "pipeline__A_V_GpP__mfcc__resnet__bilstm_mean__frozen_val_seed3407", "val": {"acc": 0.6666666666666666, "f1": 0.6666666666666666, "kappa": 0.3414634146341463, "ccc": -0.18115404563990178, "rmse": 0.8826463009159923, "mae": 0.6464969979392158, "confusion_matrix": [[3, 2], [1, 3]], "selection_score": 0.6666666666666666, "r2": -0.4189814834943977, "cls_loss": 0.8713662640915977, "reg_loss": 0.7790645319554541, "loss": 1.650430781973733}, "metric_split": "val", "test": {"acc": 0.45454545454545453, "f1": 0.4358974358974359, "kappa": -0.09090909090909083, "ccc": 0.21486361443853058, "rmse": 0.5086113937244225, "mae": 0.4587749080224471, "confusion_matrix": [[7, 4], [8, 3]], "selection_score": 0.4358974358974359, "r2": 0.0626254882922821}, "ids": [1, 5, 7, 13, 15, 22, 28, 33, 34, 40, 42, 44, 47, 58, 74, 83, 85, 89, 90, 93, 105, 110], "probs": [[0.03357188403606415, 0.9664281606674194], [0.5532546043395996, 0.446745365858078], [0.6144260764122009, 0.38557395339012146], [0.3008853793144226, 0.6991146206855774], [0.5393722653388977, 0.4606277346611023], [0.28887489438056946, 0.7111250758171082], [0.19570767879486084, 0.8042923212051392], [0.8829771876335144, 0.11702288687229156], [0.7650129795074463, 0.2349870204925537], [0.40831291675567627, 0.5916870832443237], [0.7700116038322449, 0.22998842597007751], [0.8026446104049683, 0.19735538959503174], [0.44140249490737915, 0.5585975050926208], [0.706237256526947, 0.293762743473053], [0.1331583857536316, 0.8668415546417236], [0.8739179968833923, 0.1260819286108017], [0.774768590927124, 0.22523140907287598], [0.6447702646255493, 0.3552297055721283], [0.5555881261825562, 0.4444119334220886], [0.6218836307525635, 0.37811633944511414], [0.5800870060920715, 0.41991299390792847], [0.7398450970649719, 0.2601549029350281]], "phq_pred_log1p": [2.1639864444732666, 1.6092525720596313, 1.5333172082901, 1.7313727140426636, 1.572912573814392, 1.7956880331039429, 1.8688524961471558, 1.1857613325119019, 1.3798495531082153, 1.7049592733383179, 1.3150395154953003, 1.3394079208374023, 1.6872689723968506, 1.4599014520645142, 1.9593931436538696, 1.273147463798523, 1.388407588005066, 1.5069787502288818, 1.6070412397384644, 1.5689421892166138, 1.6176981925964355, 1.4217065572738647], "phq_true_log1p": [2.4849066734313965, 1.945910096168518, 1.945910096168518, 1.945910096168518, 1.945910096168518, 1.0986123085021973, 1.0986123085021973, 1.0986123085021973, 1.945910096168518, 1.0986123085021973, 1.945910096168518, 1.0986123085021973, 1.0986123085021973, 1.0986123085021973, 2.4849066734313965, 1.0986123085021973, 2.4849066734313965, 1.945910096168518, 1.945910096168518, 1.0986123085021973, 1.0986123085021973, 1.0986123085021973], "y_true": [1, 1, 1, 1, 1, 0, 0, 0, 1, 0, 1, 0, 0, 0, 1, 0, 1, 1, 1, 0, 0, 0], "y_pred": [1, 0, 0, 1, 0, 1, 1, 0, 0, 1, 0, 0, 1, 0, 1, 0, 0, 0, 0, 0, 0, 0]}