{"ckpt": "checkpoints/Track1/A-V-P/ternary/pipeline__A_VpP__wav2vec__openface__bilstm_mean__fold0_seed42/best_model_2026-05-16-00.27.07.pth", "track": "Track1", "task": "ternary", "subtrack": "A-V+P", "audio_feature": "wav2vec", "video_feature": "openface", "encoder_type": "bilstm_mean", "seed": 42, "experiment_name": "pipeline__A_VpP__wav2vec__openface__bilstm_mean__fold0_seed42", "val": {"acc": 0.6666666666666666, "f1": 0.26666666666666666, "kappa": 0.0, "ccc": 0.010290448948091098, "rmse": 0.7306096529028094, "mae": 0.6180735296673245, "confusion_matrix": [[12, 0, 0], [4, 0, 0], [2, 0, 0]], "selection_score": 0.26666666666666666, "r2": -0.039616351266040795, "cls_loss": 1.0797331068250868, "reg_loss": 0.5337904691696167, "loss": 1.61352358924018}, "metric_split": "val", "test": {"acc": 0.6086956521739131, "f1": 0.2522522522522523, "kappa": 0.0, "ccc": -0.00781365357003832, "rmse": 0.5770194284141301, "mae": 0.44018163888350775, "confusion_matrix": [[14, 0, 0], [8, 0, 0], [1, 0, 0]], "selection_score": 0.2522522522522523, "r2": -0.26046957736986487}, "ids": [1, 6, 8, 13, 18, 24, 26, 32, 33, 35, 45, 48, 51, 59, 69, 70, 83, 86, 91, 92, 97, 106, 117], "probs": [[0.4540504813194275, 0.271499365568161, 0.2744502127170563], [0.4441269338130951, 0.2718453109264374, 0.2840277850627899], [0.450599730014801, 0.27363109588623047, 0.2757692039012909], [0.4501202404499054, 0.2754270136356354, 0.2744527757167816], [0.4488047659397125, 0.2700066864490509, 0.2811885476112366], [0.44762080907821655, 0.26624608039855957, 0.28613314032554626], [0.4474714696407318, 0.26951950788497925, 0.2830090820789337], [0.45703306794166565, 0.26863300800323486, 0.2743339538574219], [0.4522874653339386, 0.2706661522388458, 0.27704641222953796], [0.4493633806705475, 0.2681252360343933, 0.2825114130973816], [0.45152944326400757, 0.271287739276886, 0.27718275785446167], [0.45154115557670593, 0.26838111877441406, 0.28007772564888], [0.4452876150608063, 0.27630364894866943, 0.2784086763858795], [0.4504193365573883, 0.26663902401924133, 0.28294163942337036], [0.4474789500236511, 0.27497559785842896, 0.27754539251327515], [0.44999900460243225, 0.26934781670570374, 0.280653178691864], [0.4494064748287201, 0.26812130212783813, 0.2824722230434418], [0.44897088408470154, 0.2718709707260132, 0.2791581153869629], [0.45222416520118713, 0.2709176540374756, 0.2768581807613373], [0.45306169986724854, 0.267793208360672, 0.27914512157440186], [0.44836726784706116, 0.2713148891925812, 0.28031787276268005], [0.44607147574424744, 0.27545803785324097, 0.278470516204834], [0.44636499881744385, 0.27910175919532776, 0.2745332717895508]], "phq_pred_log1p": [1.2564640045166016, 1.2240225076675415, 1.2442657947540283, 1.2620267868041992, 1.2333409786224365, 1.2222461700439453, 1.213216781616211, 1.2259294986724854, 1.2717111110687256, 1.2080341577529907, 1.2590692043304443, 1.2670223712921143, 1.2407889366149902, 1.2488610744476318, 1.2449623346328735, 1.2479397058486938, 1.2409477233886719, 1.2691878080368042, 1.2686734199523926, 1.241612195968628, 1.2660484313964844, 1.258638858795166, 1.2623564004898071], "phq_true_log1p": [2.5649492740631104, 2.079441547393799, 1.0986123085021973, 2.079441547393799, 1.0986123085021973, 1.0986123085021973, 2.079441547393799, 1.0986123085021973, 1.0986123085021973, 2.079441547393799, 1.0986123085021973, 2.079441547393799, 1.0986123085021973, 1.0986123085021973, 2.079441547393799, 1.0986123085021973, 1.0986123085021973, 2.079441547393799, 1.0986123085021973, 2.079441547393799, 1.0986123085021973, 1.0986123085021973, 1.0986123085021973], "y_true": [2, 1, 0, 1, 0, 0, 1, 0, 0, 1, 0, 1, 0, 0, 1, 0, 0, 1, 0, 1, 0, 0, 0], "y_pred": [0, 0, 0, 0, 0, 0, 0, 0, 0, 0, 0, 0, 0, 0, 0, 0, 0, 0, 0, 0, 0, 0, 0]}