{"ckpt": "checkpoints/Track2/A-V-P/binary/pipeline__A_VpP__opensmile__resnet__bilstm_mean__fold2_seed42/best_model_2026-05-16-00.40.25.pth", "track": "Track2", "task": "binary", "subtrack": "A-V+P", "audio_feature": "opensmile", "video_feature": "resnet", "encoder_type": "bilstm_mean", "seed": 42, "experiment_name": "pipeline__A_VpP__opensmile__resnet__bilstm_mean__fold2_seed42", "val": {"acc": 0.6111111111111112, "f1": 0.6, "kappa": 0.2222222222222222, "ccc": -0.06383320488103618, "rmse": 0.7465208943857938, "mae": 0.5646568801667955, "confusion_matrix": [[7, 2], [5, 4]], "selection_score": 0.6, "r2": -0.3348710172755236, "cls_loss": 0.994502478175693, "reg_loss": 0.5572934382491641, "loss": 1.5517959197362263}, "metric_split": "val", "test": {"acc": 0.5454545454545454, "f1": 0.5299145299145299, "kappa": 0.09090909090909094, "ccc": 0.1778757313286659, "rmse": 0.5553038695509112, "mae": 0.4648622382770885, "confusion_matrix": [[8, 3], [7, 4]], "selection_score": 0.5299145299145299, "r2": -0.11738379914050401}, "ids": [1, 5, 7, 13, 15, 22, 28, 33, 34, 40, 42, 44, 47, 58, 74, 83, 85, 89, 90, 93, 105, 110], "probs": [[0.035458385944366455, 0.9645416140556335], [0.4307829439640045, 0.5692170858383179], [0.8102775812149048, 0.18972241878509521], [0.2996436357498169, 0.7003563642501831], [0.4229881465435028, 0.5770118236541748], [0.4111253619194031, 0.5888746976852417], [0.9627158045768738, 0.03728412464261055], [0.9095635414123535, 0.0904364287853241], [0.9574916362762451, 0.04250834882259369], [0.29220572113990784, 0.7077943086624146], [0.8657535314559937, 0.13424646854400635], [0.9594242572784424, 0.0405757836997509], [0.44542136788368225, 0.5545786023139954], [0.8554866909980774, 0.14451338350772858], [0.9194143414497375, 0.08058559149503708], [0.945188045501709, 0.054811932146549225], [0.6581628322601318, 0.34183719754219055], [0.8791401982307434, 0.1208597868680954], [0.8675101399421692, 0.132489874958992], [0.8779276013374329, 0.12207241356372833], [0.5984854698181152, 0.40151453018188477], [0.6917144060134888, 0.30828559398651123]], "phq_pred_log1p": [2.2793352603912354, 1.9930531978607178, 1.6457273960113525, 2.0835821628570557, 1.9991393089294434, 1.9919383525848389, 1.1512278318405151, 1.4756765365600586, 1.2767295837402344, 2.066183090209961, 1.6377105712890625, 1.2858095169067383, 1.9569308757781982, 1.6439623832702637, 1.469321846961975, 1.3424450159072876, 1.8002314567565918, 1.5748436450958252, 1.606076955795288, 1.6134657859802246, 1.8456984758377075, 1.8060286045074463], "phq_true_log1p": [2.4849066734313965, 1.945910096168518, 1.945910096168518, 1.945910096168518, 1.945910096168518, 1.0986123085021973, 1.0986123085021973, 1.0986123085021973, 1.945910096168518, 1.0986123085021973, 1.945910096168518, 1.0986123085021973, 1.0986123085021973, 1.0986123085021973, 2.4849066734313965, 1.0986123085021973, 2.4849066734313965, 1.945910096168518, 1.945910096168518, 1.0986123085021973, 1.0986123085021973, 1.0986123085021973], "y_true": [1, 1, 1, 1, 1, 0, 0, 0, 1, 0, 1, 0, 0, 0, 1, 0, 1, 1, 1, 0, 0, 0], "y_pred": [1, 1, 0, 1, 1, 1, 0, 0, 0, 1, 0, 0, 1, 0, 0, 0, 0, 0, 0, 0, 0, 0]}