{"ckpt": "checkpoints/Track1/A-V-G+P/binary/pipeline__A_V_GpP__opensmile__resnet__bilstm_mean__frozen_val_seed2026/best_model_2026-05-15-21.29.03.pth", "track": "Track1", "task": "binary", "subtrack": "A-V-G+P", "audio_feature": "opensmile", "video_feature": "resnet", "encoder_type": "bilstm_mean", "seed": 2026, "experiment_name": "pipeline__A_V_GpP__opensmile__resnet__bilstm_mean__frozen_val_seed2026", "val": {"acc": 0.7777777777777778, "f1": 0.6785714285714286, "kappa": 0.3999999999999999, "ccc": 0.0022121302568882235, "rmse": 0.749310151283019, "mae": 0.6147051917182075, "confusion_matrix": [[6, 0], [2, 1]], "selection_score": 0.6785714285714286, "r2": -0.264940141391508, "cls_loss": 0.6774744192759196, "reg_loss": 0.5614657070901659, "loss": 1.2389401329888239}, "metric_split": "val", "test": {"acc": 0.5217391304347826, "f1": 0.34285714285714286, "kappa": -0.16589861751152069, "ccc": -0.32356633859529416, "rmse": 0.7155376500764091, "mae": 0.6366284152735835, "confusion_matrix": [[12, 2], [9, 0]], "selection_score": 0.34285714285714286, "r2": -0.9382798292369785}, "ids": [1, 6, 8, 13, 18, 24, 26, 32, 33, 35, 45, 48, 51, 59, 69, 70, 83, 86, 91, 92, 97, 106, 117], "probs": [[0.6238815784454346, 0.37611842155456543], [0.7621231079101562, 0.23787693679332733], [0.7120488882064819, 0.28795117139816284], [0.6462737917900085, 0.35372617840766907], [0.8558530807495117, 0.14414694905281067], [0.7897863388061523, 0.21021370589733124], [0.6205587983131409, 0.3794412612915039], [0.6619299650192261, 0.33807000517845154], [0.4890866279602051, 0.5109133720397949], [0.8792320489883423, 0.12076794356107712], [0.7736518979072571, 0.22634810209274292], [0.7674317955970764, 0.23256826400756836], [0.7587539553642273, 0.24124601483345032], [0.6089482307434082, 0.3910517394542694], [0.7808535099029541, 0.2191464602947235], [0.7861393094062805, 0.2138606458902359], [0.6460053324699402, 0.3539946377277374], [0.9059324860572815, 0.09406745433807373], [0.3467119336128235, 0.6532880663871765], [0.7034525275230408, 0.29654747247695923], [0.5042445659637451, 0.4957554340362549], [0.5982047915458679, 0.40179523825645447], [0.584228515625, 0.4157715141773224]], "phq_pred_log1p": [1.7065117359161377, 1.4215586185455322, 1.5587496757507324, 1.6768263578414917, 1.090571641921997, 1.3552436828613281, 1.7371232509613037, 1.7365899085998535, 1.9702610969543457, 0.9278921484947205, 1.3665375709533691, 1.392157793045044, 1.4585342407226562, 1.7830547094345093, 1.3090846538543701, 1.2944574356079102, 1.7140967845916748, 0.6591264605522156, 2.232020616531372, 1.4952914714813232, 2.005347490310669, 1.802228569984436, 1.764341950416565], "phq_true_log1p": [2.5649492740631104, 2.079441547393799, 1.0986123085021973, 2.079441547393799, 1.0986123085021973, 1.0986123085021973, 2.079441547393799, 1.0986123085021973, 1.0986123085021973, 2.079441547393799, 1.0986123085021973, 2.079441547393799, 1.0986123085021973, 1.0986123085021973, 2.079441547393799, 1.0986123085021973, 1.0986123085021973, 2.079441547393799, 1.0986123085021973, 2.079441547393799, 1.0986123085021973, 1.0986123085021973, 1.0986123085021973], "y_true": [1, 1, 0, 1, 0, 0, 1, 0, 0, 1, 0, 1, 0, 0, 1, 0, 0, 1, 0, 1, 0, 0, 0], "y_pred": [0, 0, 0, 0, 0, 0, 0, 0, 1, 0, 0, 0, 0, 0, 0, 0, 0, 0, 1, 0, 0, 0, 0]}