{"ckpt": "checkpoints/Track1/A-V-G+P/ternary/pipeline__A_V_GpP__wav2vec__openface__bilstm_mean__fold1_seed42/best_model_2026-05-16-00.27.07.pth", "track": "Track1", "task": "ternary", "subtrack": "A-V-G+P", "audio_feature": "wav2vec", "video_feature": "openface", "encoder_type": "bilstm_mean", "seed": 42, "experiment_name": "pipeline__A_V_GpP__wav2vec__openface__bilstm_mean__fold1_seed42", "val": {"acc": 0.7222222222222222, "f1": 0.44252873563218387, "kappa": 0.18918918918918914, "ccc": -0.12387706325027707, "rmse": 1.041891281562379, "mae": 0.8595495985613929, "confusion_matrix": [[12, 0, 1], [2, 1, 0], [2, 0, 0]], "selection_score": 0.44252873563218387, "r2": -0.37877357726782757, "cls_loss": 1.7164913680818346, "reg_loss": 1.0855374733606975, "loss": 2.802028920915392}, "metric_split": "val", "test": {"acc": 0.6521739130434783, "f1": 0.43209876543209874, "kappa": 0.3108614232209739, "ccc": 0.2419021617233178, "rmse": 0.6718786592695566, "mae": 0.508513137050297, "confusion_matrix": [[10, 4, 0], [3, 5, 0], [0, 1, 0]], "selection_score": 0.43209876543209874, "r2": -0.7089650827981147}, "ids": [1, 6, 8, 13, 18, 24, 26, 32, 33, 35, 45, 48, 51, 59, 69, 70, 83, 86, 91, 92, 97, 106, 117], "probs": [[0.07872359454631805, 0.7864704132080078, 0.1348060667514801], [0.05819818377494812, 0.5781835317611694, 0.36361825466156006], [0.06821583956480026, 0.7872148156166077, 0.14456933736801147], [0.07160457968711853, 0.5692886114120483, 0.3591068387031555], [0.10350532829761505, 0.7281894683837891, 0.1683051735162735], [0.9323421716690063, 0.0588553212583065, 0.008802531287074089], [0.05012814700603485, 0.49016693234443665, 0.4597049057483673], [0.9867628216743469, 0.009868978522717953, 0.0033680859487503767], [0.8488306403160095, 0.11610421538352966, 0.03506511077284813], [0.26389968395233154, 0.4174133837223053, 0.31868693232536316], [0.225528284907341, 0.6562504768371582, 0.11822131276130676], [0.9917219281196594, 0.004517734050750732, 0.003760294523090124], [0.8528837561607361, 0.12821312248706818, 0.0189030971378088], [0.6288672685623169, 0.24751201272010803, 0.12362067401409149], [0.09828484803438187, 0.6302215456962585, 0.2714935541152954], [0.9500067234039307, 0.03851139545440674, 0.011481760069727898], [0.9890360236167908, 0.007064796518534422, 0.003899168921634555], [0.9776702523231506, 0.017040938138961792, 0.005288807209581137], [0.23724465072155, 0.4515678584575653, 0.3111875653266907], [0.981048583984375, 0.014489129185676575, 0.004462202545255423], [0.8948558568954468, 0.08304920047521591, 0.022094888612627983], [0.9747506976127625, 0.020162027329206467, 0.00508731696754694], [0.9824778437614441, 0.011786619201302528, 0.005735564511269331]], "phq_pred_log1p": [1.9255692958831787, 2.0542943477630615, 1.8717563152313232, 1.6994349956512451, 1.9234459400177002, 1.2229971885681152, 2.038142204284668, 0.6291640996932983, 0.8644841909408569, 1.5541799068450928, 1.8844116926193237, 0.4531227946281433, 1.194851279258728, 1.344355583190918, 2.1480886936187744, 0.9959028959274292, 0.61854088306427, 0.7360683679580688, 2.0744824409484863, 0.879381000995636, 1.2067511081695557, 0.780207633972168, 0.7912194132804871], "phq_true_log1p": [2.5649492740631104, 2.079441547393799, 1.0986123085021973, 2.079441547393799, 1.0986123085021973, 1.0986123085021973, 2.079441547393799, 1.0986123085021973, 1.0986123085021973, 2.079441547393799, 1.0986123085021973, 2.079441547393799, 1.0986123085021973, 1.0986123085021973, 2.079441547393799, 1.0986123085021973, 1.0986123085021973, 2.079441547393799, 1.0986123085021973, 2.079441547393799, 1.0986123085021973, 1.0986123085021973, 1.0986123085021973], "y_true": [2, 1, 0, 1, 0, 0, 1, 0, 0, 1, 0, 1, 0, 0, 1, 0, 0, 1, 0, 1, 0, 0, 0], "y_pred": [1, 1, 1, 1, 1, 0, 1, 0, 0, 1, 1, 0, 0, 0, 1, 0, 0, 0, 1, 0, 0, 0, 0]}