{"ckpt": "checkpoints/Track1/A-V-G+P/ternary/pipeline__A_V_GpP__wav2vec__openface__bilstm_mean__frozen_val_seed2026/best_model_2026-05-15-22.46.51.pth", "track": "Track1", "task": "ternary", "subtrack": "A-V-G+P", "audio_feature": "wav2vec", "video_feature": "openface", "encoder_type": "bilstm_mean", "seed": 2026, "experiment_name": "pipeline__A_V_GpP__wav2vec__openface__bilstm_mean__frozen_val_seed2026", "val": {"acc": 0.6666666666666666, "f1": 0.41111111111111115, "kappa": 0.3076923076923076, "ccc": 0.3657594677696713, "rmse": 0.6794260853374235, "mae": 0.5300376547707452, "confusion_matrix": [[5, 1, 0], [1, 1, 0], [0, 1, 0]], "selection_score": 0.41111111111111115, "r2": 0.22448328528747108, "cls_loss": 1.2548818455802069, "reg_loss": 0.4616198084420628, "loss": 1.7165016465716891}, "metric_split": "val", "test": {"acc": 0.5652173913043478, "f1": 0.35488505747126436, "kappa": 0.0980392156862745, "ccc": 0.20298337548294948, "rmse": 0.5996184683732907, "mae": 0.4925963697226151, "confusion_matrix": [[10, 4, 0], [5, 3, 0], [0, 1, 0]], "selection_score": 0.35488505747126436, "r2": -0.3611359263184033}, "ids": [1, 6, 8, 13, 18, 24, 26, 32, 33, 35, 45, 48, 51, 59, 69, 70, 83, 86, 91, 92, 97, 106, 117], "probs": [[0.1876009702682495, 0.5048960447311401, 0.30750298500061035], [0.35313889384269714, 0.4910565912723541, 0.15580451488494873], [0.42483729124069214, 0.36291003227233887, 0.2122526615858078], [0.3420255780220032, 0.3870399296283722, 0.270934522151947], [0.35196685791015625, 0.4675057828426361, 0.18052731454372406], [0.6828670501708984, 0.23411740362644196, 0.08301551640033722], [0.7177305221557617, 0.1797323375940323, 0.1025371253490448], [0.8001111745834351, 0.12975376844406128, 0.07013499736785889], [0.246104896068573, 0.4543493688106537, 0.2995457351207733], [0.4672718346118927, 0.3873923718929291, 0.1453358232975006], [0.6147966980934143, 0.22709161043167114, 0.15811169147491455], [0.8841472864151001, 0.07169485837221146, 0.04415787383913994], [0.33487850427627563, 0.45757216215133667, 0.2075493037700653], [0.3929540812969208, 0.47109100222587585, 0.13595488667488098], [0.40430694818496704, 0.3710872232913971, 0.22460584342479706], [0.6108918786048889, 0.27631306648254395, 0.11279502511024475], [0.7380862832069397, 0.1882389783859253, 0.07367468625307083], [0.3934038281440735, 0.40276387333869934, 0.2038322389125824], [0.4802750051021576, 0.22513526678085327, 0.29458969831466675], [0.5340828895568848, 0.3463936150074005, 0.11952351778745651], [0.5926244258880615, 0.24334117770195007, 0.16403447091579437], [0.5797914862632751, 0.28929024934768677, 0.1309182196855545], [0.6958681344985962, 0.18829602003097534, 0.11583586782217026]], "phq_pred_log1p": [2.138164520263672, 1.5748672485351562, 1.6623680591583252, 1.703633189201355, 1.6747750043869019, 1.0252420902252197, 1.073897361755371, 0.6315575838088989, 1.7680479288101196, 1.4092321395874023, 1.4054009914398193, 0.3836347460746765, 1.6259520053863525, 1.3481247425079346, 1.7153156995773315, 1.1789873838424683, 0.7703431844711304, 1.6656897068023682, 1.7877908945083618, 1.3419970273971558, 1.4598476886749268, 1.183640718460083, 0.9404522180557251], "phq_true_log1p": [2.5649492740631104, 2.079441547393799, 1.0986123085021973, 2.079441547393799, 1.0986123085021973, 1.0986123085021973, 2.079441547393799, 1.0986123085021973, 1.0986123085021973, 2.079441547393799, 1.0986123085021973, 2.079441547393799, 1.0986123085021973, 1.0986123085021973, 2.079441547393799, 1.0986123085021973, 1.0986123085021973, 2.079441547393799, 1.0986123085021973, 2.079441547393799, 1.0986123085021973, 1.0986123085021973, 1.0986123085021973], "y_true": [2, 1, 0, 1, 0, 0, 1, 0, 0, 1, 0, 1, 0, 0, 1, 0, 0, 1, 0, 1, 0, 0, 0], "y_pred": [1, 1, 0, 1, 1, 0, 0, 0, 1, 0, 0, 0, 1, 1, 0, 0, 0, 1, 0, 0, 0, 0, 0]}