{"ckpt": "checkpoints/Track1/G-P/ternary/pipeline__GpP__mfcc__resnet__bilstm_mean__fold4_seed42/best_model_2026-05-16-00.40.35.pth", "track": "Track1", "task": "ternary", "subtrack": "G+P", "audio_feature": "mfcc", "video_feature": "resnet", "encoder_type": "bilstm_mean", "seed": 42, "experiment_name": "pipeline__GpP__mfcc__resnet__bilstm_mean__fold4_seed42", "val": {"acc": 0.7058823529411765, "f1": 0.27586206896551724, "kappa": 0.0, "ccc": -0.0009422893981172618, "rmse": 0.8440428745150502, "mae": 0.7278911331120659, "confusion_matrix": [[12, 0, 0], [3, 0, 0], [2, 0, 0]], "selection_score": 0.27586206896551724, "r2": -0.4054208983366383, "cls_loss": 1.0301636212012346, "reg_loss": 0.7124083927449059, "loss": 1.7425719709957348}, "metric_split": "val", "test": {"acc": 0.6086956521739131, "f1": 0.2522522522522523, "kappa": 0.0, "ccc": -0.0056037703126958546, "rmse": 0.7712120442949321, "mae": 0.5719106715658436, "confusion_matrix": [[14, 0, 0], [8, 0, 0], [1, 0, 0]], "selection_score": 0.2522522522522523, "r2": -1.251640763772694}, "ids": [1, 6, 8, 13, 18, 24, 26, 32, 33, 35, 45, 48, 51, 59, 69, 70, 83, 86, 91, 92, 97, 106, 117], "probs": [[0.4154529273509979, 0.2586674094200134, 0.32587963342666626], [0.4175366163253784, 0.26288583874702454, 0.31957754492759705], [0.41562849283218384, 0.26124081015586853, 0.32313069701194763], [0.4213389456272125, 0.26475152373313904, 0.31390950083732605], [0.41346997022628784, 0.26794561743736267, 0.3185843527317047], [0.4149772822856903, 0.2589883506298065, 0.32603442668914795], [0.4158748388290405, 0.2583552300930023, 0.32576999068260193], [0.41061410307884216, 0.26663509011268616, 0.3227508068084717], [0.41625720262527466, 0.26426613330841064, 0.3194766044616699], [0.41834917664527893, 0.25921085476875305, 0.322439968585968], [0.41343969106674194, 0.26377609372138977, 0.3227841854095459], [0.42418602108955383, 0.2598665654659271, 0.31594741344451904], [0.4085182249546051, 0.26633402705192566, 0.3251477777957916], [0.41286322474479675, 0.2608641982078552, 0.3262726366519928], [0.4102587401866913, 0.26429495215415955, 0.32544633746147156], [0.42056572437286377, 0.26036062836647034, 0.3190736174583435], [0.41051343083381653, 0.2633417546749115, 0.32614487409591675], [0.41311466693878174, 0.271396666765213, 0.31548866629600525], [0.4117368459701538, 0.2632622718811035, 0.3250008225440979], [0.41078901290893555, 0.2643081545829773, 0.32490286231040955], [0.41755881905555725, 0.2574073076248169, 0.32503384351730347], [0.41204479336738586, 0.2671779990196228, 0.32077717781066895], [0.41321808099746704, 0.26402100920677185, 0.32276085019111633]], "phq_pred_log1p": [0.922809898853302, 0.9168785214424133, 0.9113990664482117, 0.9288066029548645, 0.938822865486145, 0.9638590812683105, 0.9322851300239563, 0.9518676996231079, 0.9299189448356628, 0.9318100810050964, 0.9482241272926331, 0.9332210421562195, 0.9173920750617981, 0.9231455326080322, 0.9338921904563904, 0.9330909252166748, 0.9332625865936279, 0.9044956564903259, 0.9523501992225647, 0.945819079875946, 0.9186327457427979, 0.94736248254776, 0.9077619910240173], "phq_true_log1p": [2.5649492740631104, 2.079441547393799, 1.0986123085021973, 2.079441547393799, 1.0986123085021973, 1.0986123085021973, 2.079441547393799, 1.0986123085021973, 1.0986123085021973, 2.079441547393799, 1.0986123085021973, 2.079441547393799, 1.0986123085021973, 1.0986123085021973, 2.079441547393799, 1.0986123085021973, 1.0986123085021973, 2.079441547393799, 1.0986123085021973, 2.079441547393799, 1.0986123085021973, 1.0986123085021973, 1.0986123085021973], "y_true": [2, 1, 0, 1, 0, 0, 1, 0, 0, 1, 0, 1, 0, 0, 1, 0, 0, 1, 0, 1, 0, 0, 0], "y_pred": [0, 0, 0, 0, 0, 0, 0, 0, 0, 0, 0, 0, 0, 0, 0, 0, 0, 0, 0, 0, 0, 0, 0]}