{"ckpt": "checkpoints/Track1/A-V-G+P/ternary/pipeline__A_V_GpP__mfcc__openface__bilstm_mean__fold0_seed42/best_model_2026-05-16-00.40.25.pth", "track": "Track1", "task": "ternary", "subtrack": "A-V-G+P", "audio_feature": "mfcc", "video_feature": "openface", "encoder_type": "bilstm_mean", "seed": 42, "experiment_name": "pipeline__A_V_GpP__mfcc__openface__bilstm_mean__fold0_seed42", "val": {"acc": 0.6666666666666666, "f1": 0.26666666666666666, "kappa": 0.0, "ccc": 0.0009043453495615401, "rmse": 0.7172797000242522, "mae": 0.5961292386054993, "confusion_matrix": [[12, 0, 0], [4, 0, 0], [2, 0, 0]], "selection_score": 0.26666666666666666, "r2": -0.002026874671416712, "cls_loss": 1.0804870790905423, "reg_loss": 0.5144901672999064, "loss": 1.5949772463904486}, "metric_split": "val", "test": {"acc": 0.6086956521739131, "f1": 0.2522522522522523, "kappa": 0.0, "ccc": -0.006991348288331674, "rmse": 0.520816710865014, "mae": 0.479066454845926, "confusion_matrix": [[14, 0, 0], [8, 0, 0], [1, 0, 0]], "selection_score": 0.2522522522522523, "r2": -0.026883833244509825}, "ids": [1, 6, 8, 13, 18, 24, 26, 32, 33, 35, 45, 48, 51, 59, 69, 70, 83, 86, 91, 92, 97, 106, 117], "probs": [[0.43453648686408997, 0.30200615525245667, 0.263457328081131], [0.4350728392601013, 0.29991859197616577, 0.26500850915908813], [0.4299522638320923, 0.29912838339805603, 0.27091941237449646], [0.4335659444332123, 0.29823315143585205, 0.2682008743286133], [0.4278467297554016, 0.30295559763908386, 0.269197553396225], [0.431774765253067, 0.30255618691444397, 0.2656690180301666], [0.4365029036998749, 0.29575520753860474, 0.2677419185638428], [0.4341678023338318, 0.29261764883995056, 0.27321457862854004], [0.4307630956172943, 0.2971195876598358, 0.2721172869205475], [0.4362853765487671, 0.2940828502178192, 0.2696317732334137], [0.43169400095939636, 0.2965017259120941, 0.2718042731285095], [0.43933477997779846, 0.292458713054657, 0.26820653676986694], [0.4301956295967102, 0.2954939007759094, 0.27431055903434753], [0.42957744002342224, 0.29794496297836304, 0.2724776268005371], [0.42807167768478394, 0.30288758873939514, 0.2690407335758209], [0.4407258629798889, 0.29209476709365845, 0.26717934012413025], [0.43490633368492126, 0.29702240228652954, 0.2680712640285492], [0.43299752473831177, 0.3004050552845001, 0.2665974497795105], [0.43487364053726196, 0.3039621412754059, 0.26116424798965454], [0.4369560480117798, 0.30325448513031006, 0.25978943705558777], [0.43502578139305115, 0.2914259135723114, 0.27354827523231506], [0.4294458031654358, 0.30359145998954773, 0.2669627070426941], [0.435055673122406, 0.2963934540748596, 0.2685508728027344]], "phq_pred_log1p": [1.4138164520263672, 1.4453911781311035, 1.4397250413894653, 1.4677807092666626, 1.417797327041626, 1.3788446187973022, 1.4353818893432617, 1.4676505327224731, 1.4260894060134888, 1.4216142892837524, 1.453619122505188, 1.4537279605865479, 1.440198540687561, 1.4067617654800415, 1.4256318807601929, 1.4309842586517334, 1.4282582998275757, 1.3964065313339233, 1.4370001554489136, 1.4446717500686646, 1.4331018924713135, 1.472342848777771, 1.4706679582595825], "phq_true_log1p": [2.5649492740631104, 2.079441547393799, 1.0986123085021973, 2.079441547393799, 1.0986123085021973, 1.0986123085021973, 2.079441547393799, 1.0986123085021973, 1.0986123085021973, 2.079441547393799, 1.0986123085021973, 2.079441547393799, 1.0986123085021973, 1.0986123085021973, 2.079441547393799, 1.0986123085021973, 1.0986123085021973, 2.079441547393799, 1.0986123085021973, 2.079441547393799, 1.0986123085021973, 1.0986123085021973, 1.0986123085021973], "y_true": [2, 1, 0, 1, 0, 0, 1, 0, 0, 1, 0, 1, 0, 0, 1, 0, 0, 1, 0, 1, 0, 0, 0], "y_pred": [0, 0, 0, 0, 0, 0, 0, 0, 0, 0, 0, 0, 0, 0, 0, 0, 0, 0, 0, 0, 0, 0, 0]}