{"ckpt": "checkpoints/Track2/A-V-P/binary/pipeline__A_VpP__wav2vec__resnet__bilstm_mean__fold2_seed42/best_model_2026-05-16-00.50.37.pth", "track": "Track2", "task": "binary", "subtrack": "A-V+P", "audio_feature": "wav2vec", "video_feature": "resnet", "encoder_type": "bilstm_mean", "seed": 42, "experiment_name": "pipeline__A_VpP__wav2vec__resnet__bilstm_mean__fold2_seed42", "val": {"acc": 0.7777777777777778, "f1": 0.7777777777777778, "kappa": 0.5555555555555556, "ccc": 0.1164638593280596, "rmse": 0.6362735233687948, "mae": 0.5490144756105211, "confusion_matrix": [[7, 2], [2, 7]], "selection_score": 0.7777777777777778, "r2": 0.03028732597471362, "cls_loss": 0.6797133949067857, "reg_loss": 0.4048439926571316, "loss": 1.084557400809394}, "metric_split": "val", "test": {"acc": 0.5454545454545454, "f1": 0.5454545454545454, "kappa": 0.09090909090909094, "ccc": 0.16771308919553782, "rmse": 0.5416068390895612, "mae": 0.4495017582719976, "confusion_matrix": [[6, 5], [5, 6]], "selection_score": 0.5454545454545454, "r2": -0.06294122282148407}, "ids": [1, 5, 7, 13, 15, 22, 28, 33, 34, 40, 42, 44, 47, 58, 74, 83, 85, 89, 90, 93, 105, 110], "probs": [[0.2913796305656433, 0.7086203694343567], [0.4966650903224945, 0.5033349394798279], [0.49751517176628113, 0.5024848580360413], [0.4683569073677063, 0.5316430926322937], [0.4752477705478668, 0.5247522592544556], [0.46743446588516235, 0.5325655341148376], [0.5861414670944214, 0.4138585329055786], [0.5248603224754333, 0.47513970732688904], [0.5374283790588379, 0.4625716209411621], [0.4754416048526764, 0.524558424949646], [0.46171241998672485, 0.5382875800132751], [0.5698257684707642, 0.43017420172691345], [0.4656405448913574, 0.5343594551086426], [0.5493124127388, 0.45068755745887756], [0.5028702020645142, 0.49712976813316345], [0.5797653198242188, 0.42023468017578125], [0.5502271056175232, 0.4497729539871216], [0.5257939100265503, 0.4742060899734497], [0.5141888856887817, 0.48581111431121826], [0.4960855543613434, 0.503914475440979], [0.4501388967037201, 0.5498611330986023], [0.5688537359237671, 0.4311462640762329]], "phq_pred_log1p": [1.8886946439743042, 1.3923664093017578, 1.3469414710998535, 1.468148946762085, 1.4745182991027832, 1.496856689453125, 1.128022313117981, 1.275666356086731, 1.2838542461395264, 1.4401464462280273, 1.4537229537963867, 1.1699745655059814, 1.437382698059082, 1.2568527460098267, 1.3499946594238281, 1.1668391227722168, 1.254409670829773, 1.3392152786254883, 1.344677448272705, 1.4069651365280151, 1.5493476390838623, 1.2202636003494263], "phq_true_log1p": [2.4849066734313965, 1.945910096168518, 1.945910096168518, 1.945910096168518, 1.945910096168518, 1.0986123085021973, 1.0986123085021973, 1.0986123085021973, 1.945910096168518, 1.0986123085021973, 1.945910096168518, 1.0986123085021973, 1.0986123085021973, 1.0986123085021973, 2.4849066734313965, 1.0986123085021973, 2.4849066734313965, 1.945910096168518, 1.945910096168518, 1.0986123085021973, 1.0986123085021973, 1.0986123085021973], "y_true": [1, 1, 1, 1, 1, 0, 0, 0, 1, 0, 1, 0, 0, 0, 1, 0, 1, 1, 1, 0, 0, 0], "y_pred": [1, 1, 1, 1, 1, 1, 0, 0, 0, 1, 1, 0, 1, 0, 0, 0, 0, 0, 0, 1, 1, 0]}