{"ckpt": "checkpoints/Track1/A-V-G+P/binary/pipeline__A_V_GpP__opensmile__openface__bilstm_mean__fold4_seed42/best_model_2026-05-16-00.16.08.pth", "track": "Track1", "task": "binary", "subtrack": "A-V-G+P", "audio_feature": "opensmile", "video_feature": "openface", "encoder_type": "bilstm_mean", "seed": 42, "experiment_name": "pipeline__A_V_GpP__opensmile__openface__bilstm_mean__fold4_seed42", "val": {"acc": 0.7647058823529411, "f1": 0.7166666666666667, "kappa": 0.43333333333333335, "ccc": -0.025281271225338808, "rmse": 0.854630751855027, "mae": 0.7424002552733702, "confusion_matrix": [[10, 2], [2, 3]], "selection_score": 0.7166666666666667, "r2": -0.9656651444063005, "cls_loss": 1.447416425244335, "reg_loss": 0.7303937112583834, "loss": 2.177810111466576}, "metric_split": "val", "test": {"acc": 0.5217391304347826, "f1": 0.50682261208577, "kappa": 0.015564202334630406, "ccc": 0.15779648154432752, "rmse": 0.7264132323207373, "mae": 0.608797348063925, "confusion_matrix": [[8, 6], [5, 4]], "selection_score": 0.50682261208577, "r2": -0.9976481109945861}, "ids": [1, 6, 8, 13, 18, 24, 26, 32, 33, 35, 45, 48, 51, 59, 69, 70, 83, 86, 91, 92, 97, 106, 117], "probs": [[0.0036931668873876333, 0.9963068962097168], [0.049731552600860596, 0.9502684473991394], [0.5864257216453552, 0.4135742485523224], [0.9573938250541687, 0.042606160044670105], [0.024487320333719254, 0.975512683391571], [0.994009256362915, 0.00599081302061677], [0.2254277914762497, 0.7745722532272339], [0.023755714297294617, 0.9762442111968994], [0.004206154961138964, 0.9957938194274902], [0.9960319399833679, 0.003968100994825363], [0.1526910811662674, 0.847308874130249], [0.9989830851554871, 0.001016899710521102], [0.9618006348609924, 0.03819936513900757], [0.284209668636322, 0.7157903909683228], [0.641021728515625, 0.3589783012866974], [0.6562718749046326, 0.3437281548976898], [0.999200165271759, 0.0007998946239240468], [0.9853799939155579, 0.014620018191635609], [0.20542308688163757, 0.79457688331604], [0.04385296627879143, 0.9561470746994019], [0.7839059829711914, 0.2160940319299698], [0.9985790252685547, 0.0014209793880581856], [0.9982404708862305, 0.0017595726530998945]], "phq_pred_log1p": [2.398848295211792, 2.041224718093872, 1.5905117988586426, 1.291316270828247, 2.00192928314209, 0.9499006271362305, 1.4458529949188232, 1.969651699066162, 2.1299307346343994, 0.857345700263977, 1.9885276556015015, 0.46290600299835205, 1.1799379587173462, 1.5780575275421143, 1.8575907945632935, 1.4986302852630615, 0.26206767559051514, 1.1757227182388306, 1.7680332660675049, 1.8657276630401611, 1.2511610984802246, 0.3502833843231201, 0.604053258895874], "phq_true_log1p": [2.5649492740631104, 2.079441547393799, 1.0986123085021973, 2.079441547393799, 1.0986123085021973, 1.0986123085021973, 2.079441547393799, 1.0986123085021973, 1.0986123085021973, 2.079441547393799, 1.0986123085021973, 2.079441547393799, 1.0986123085021973, 1.0986123085021973, 2.079441547393799, 1.0986123085021973, 1.0986123085021973, 2.079441547393799, 1.0986123085021973, 2.079441547393799, 1.0986123085021973, 1.0986123085021973, 1.0986123085021973], "y_true": [1, 1, 0, 1, 0, 0, 1, 0, 0, 1, 0, 1, 0, 0, 1, 0, 0, 1, 0, 1, 0, 0, 0], "y_pred": [1, 1, 0, 0, 1, 0, 1, 1, 1, 0, 1, 0, 0, 1, 0, 0, 0, 0, 1, 1, 0, 0, 0]}