{"ckpt": "checkpoints/Track2/A-V-G+P/binary/pipeline__A_V_GpP__mfcc__resnet__bilstm_mean__frozen_val_seed42/best_model_2026-05-15-21.48.53.pth", "track": "Track2", "task": "binary", "subtrack": "A-V-G+P", "audio_feature": "mfcc", "video_feature": "resnet", "encoder_type": "bilstm_mean", "seed": 42, "experiment_name": "pipeline__A_V_GpP__mfcc__resnet__bilstm_mean__frozen_val_seed42", "val": {"acc": 0.6666666666666666, "f1": 0.6666666666666666, "kappa": 0.3414634146341463, "ccc": -0.016273977945274888, "rmse": 0.7611061547746034, "mae": 0.5891924699147543, "confusion_matrix": [[3, 2], [1, 3]], "selection_score": 0.6666666666666666, "r2": -0.05510039408840739, "cls_loss": 0.6938328014479743, "reg_loss": 0.5792825830996864, "loss": 1.2731153964996338}, "metric_split": "val", "test": {"acc": 0.5909090909090909, "f1": 0.5686274509803921, "kappa": 0.18181818181818177, "ccc": 0.015726731075267054, "rmse": 0.5253104636105772, "mae": 0.4940334612672979, "confusion_matrix": [[9, 2], [7, 4]], "selection_score": 0.5686274509803921, "r2": 6.199796008998781e-05}, "ids": [1, 5, 7, 13, 15, 22, 28, 33, 34, 40, 42, 44, 47, 58, 74, 83, 85, 89, 90, 93, 105, 110], "probs": [[0.47637587785720825, 0.5236241221427917], [0.5007554292678833, 0.4992445707321167], [0.5007123351097107, 0.4992876648902893], [0.49328190088272095, 0.5067180395126343], [0.5132493376731873, 0.48675063252449036], [0.5006450414657593, 0.4993549585342407], [0.4906201958656311, 0.5093798041343689], [0.5085012316703796, 0.491498738527298], [0.5118314027786255, 0.4881685972213745], [0.5000864267349243, 0.4999135732650757], [0.5060234665870667, 0.49397653341293335], [0.5050663352012634, 0.49493369460105896], [0.5090243816375732, 0.49097564816474915], [0.5016074776649475, 0.4983925223350525], [0.49563539028167725, 0.5043646693229675], [0.5003576874732971, 0.4996423125267029], [0.4890264570713043, 0.5109735727310181], [0.5053300857543945, 0.4946698844432831], [0.505986750125885, 0.494013249874115], [0.5066269040107727, 0.4933730661869049], [0.5060763359069824, 0.4939236640930176], [0.4925830066204071, 0.5074169635772705]], "phq_pred_log1p": [1.6762982606887817, 1.6499640941619873, 1.6343185901641846, 1.6738351583480835, 1.6673537492752075, 1.67063307762146, 1.6703931093215942, 1.6546175479888916, 1.6551072597503662, 1.6574227809906006, 1.673927903175354, 1.6701785326004028, 1.641201376914978, 1.654945969581604, 1.6809499263763428, 1.6393550634384155, 1.6604200601577759, 1.6874072551727295, 1.640360951423645, 1.6571094989776611, 1.6497218608856201, 1.6658351421356201], "phq_true_log1p": [2.4849066734313965, 1.945910096168518, 1.945910096168518, 1.945910096168518, 1.945910096168518, 1.0986123085021973, 1.0986123085021973, 1.0986123085021973, 1.945910096168518, 1.0986123085021973, 1.945910096168518, 1.0986123085021973, 1.0986123085021973, 1.0986123085021973, 2.4849066734313965, 1.0986123085021973, 2.4849066734313965, 1.945910096168518, 1.945910096168518, 1.0986123085021973, 1.0986123085021973, 1.0986123085021973], "y_true": [1, 1, 1, 1, 1, 0, 0, 0, 1, 0, 1, 0, 0, 0, 1, 0, 1, 1, 1, 0, 0, 0], "y_pred": [1, 0, 0, 1, 0, 0, 1, 0, 0, 0, 0, 0, 0, 0, 1, 0, 1, 0, 0, 0, 0, 1]}