{"ckpt": "checkpoints/Track2/G-P/binary/pipeline__GpP__mfcc__resnet__bilstm_mean__fold2_seed42/best_model_2026-05-16-01.29.33.pth", "track": "Track2", "task": "binary", "subtrack": "G+P", "audio_feature": "mfcc", "video_feature": "resnet", "encoder_type": "bilstm_mean", "seed": 42, "experiment_name": "pipeline__GpP__mfcc__resnet__bilstm_mean__fold2_seed42", "val": {"acc": 0.7222222222222222, "f1": 0.7142857142857142, "kappa": 0.4444444444444444, "ccc": 0.004266981633228119, "rmse": 0.6495493089306054, "mae": 0.52946361568239, "confusion_matrix": [[5, 4], [1, 8]], "selection_score": 0.7142857142857142, "r2": -0.010600755224096758, "cls_loss": 0.6893825133641561, "reg_loss": 0.42191429601775277, "loss": 1.1112968259387546}, "metric_split": "val", "test": {"acc": 0.36363636363636365, "f1": 0.3418803418803419, "kappa": -0.2727272727272727, "ccc": 0.011962632321378846, "rmse": 0.5253875406019117, "mae": 0.49409708651629364, "confusion_matrix": [[2, 9], [5, 6]], "selection_score": 0.3418803418803419, "r2": -0.00023145847121153196}, "ids": [1, 5, 7, 13, 15, 22, 28, 33, 34, 40, 42, 44, 47, 58, 74, 83, 85, 89, 90, 93, 105, 110], "probs": [[0.5124409198760986, 0.48755908012390137], [0.5124862194061279, 0.4875137507915497], [0.48648157715797424, 0.5135184526443481], [0.4733068346977234, 0.5266931653022766], [0.48938503861427307, 0.5106149911880493], [0.5021803975105286, 0.49781957268714905], [0.4896925985813141, 0.5103073716163635], [0.48216521739959717, 0.5178347826004028], [0.49898892641067505, 0.501011073589325], [0.49822497367858887, 0.5017750263214111], [0.4982967674732208, 0.5017032623291016], [0.49695220589637756, 0.5030478239059448], [0.4999713599681854, 0.5000286102294922], [0.49542221426963806, 0.5045777559280396], [0.5054911375045776, 0.49450889229774475], [0.4977097809314728, 0.5022902488708496], [0.5153518915176392, 0.48464810848236084], [0.4939136803150177, 0.5060863494873047], [0.5120620131492615, 0.4879379868507385], [0.4993966519832611, 0.5006033778190613], [0.507693886756897, 0.4923061430454254], [0.495967835187912, 0.5040321946144104]], "phq_pred_log1p": [1.5203204154968262, 1.4935169219970703, 1.5893280506134033, 1.5489616394042969, 1.5459741353988647, 1.4651274681091309, 1.5758352279663086, 1.5437915325164795, 1.5134985446929932, 1.5581130981445312, 1.5695891380310059, 1.556807041168213, 1.552258849143982, 1.5534005165100098, 1.5762578248977661, 1.581646203994751, 1.5582658052444458, 1.5862648487091064, 1.542728066444397, 1.5556597709655762, 1.5407381057739258, 1.4941980838775635], "phq_true_log1p": [2.4849066734313965, 1.945910096168518, 1.945910096168518, 1.945910096168518, 1.945910096168518, 1.0986123085021973, 1.0986123085021973, 1.0986123085021973, 1.945910096168518, 1.0986123085021973, 1.945910096168518, 1.0986123085021973, 1.0986123085021973, 1.0986123085021973, 2.4849066734313965, 1.0986123085021973, 2.4849066734313965, 1.945910096168518, 1.945910096168518, 1.0986123085021973, 1.0986123085021973, 1.0986123085021973], "y_true": [1, 1, 1, 1, 1, 0, 0, 0, 1, 0, 1, 0, 0, 0, 1, 0, 1, 1, 1, 0, 0, 0], "y_pred": [0, 0, 1, 1, 1, 0, 1, 1, 1, 1, 1, 1, 1, 1, 0, 1, 0, 1, 0, 1, 0, 1]}