{"ckpt": "checkpoints/Track2/A-V-G+P/ternary/pipeline__A_V_GpP__mfcc__densenet__bilstm_mean__fold2_seed42/best_model_2026-05-16-02.04.57.pth", "track": "Track2", "task": "ternary", "subtrack": "A-V-G+P", "audio_feature": "mfcc", "video_feature": "densenet", "encoder_type": "bilstm_mean", "seed": 42, "experiment_name": "pipeline__A_V_GpP__mfcc__densenet__bilstm_mean__fold2_seed42", "val": {"acc": 0.6111111111111112, "f1": 0.43274853801169594, "kappa": 0.2921348314606742, "ccc": -0.02595364640146573, "rmse": 0.6259926766352926, "mae": 0.5190193189515008, "confusion_matrix": [[6, 3, 0], [2, 5, 0], [2, 0, 0]], "selection_score": 0.43274853801169594, "r2": -0.027074287045726564, "cls_loss": 1.0386706789334614, "reg_loss": 0.39186683462725747, "loss": 1.4305375417073567}, "metric_split": "val", "test": {"acc": 0.4090909090909091, "f1": 0.24175824175824176, "kappa": -0.11284046692607008, "ccc": 0.012130184398126992, "rmse": 0.5223747686078523, "mae": 0.49531207301399927, "confusion_matrix": [[8, 3, 0], [7, 1, 0], [2, 1, 0]], "selection_score": 0.24175824175824176, "r2": 0.011207066060828552}, "ids": [1, 5, 7, 13, 15, 22, 28, 33, 34, 40, 42, 44, 47, 58, 74, 83, 85, 89, 90, 93, 105, 110], "probs": [[0.4091617166996002, 0.4060085713863373, 0.1848297268152237], [0.4064834713935852, 0.4071086049079895, 0.1864079236984253], [0.40770918130874634, 0.4033487141132355, 0.1889421045780182], [0.40971824526786804, 0.40198689699172974, 0.18829485774040222], [0.41482222080230713, 0.3945346474647522, 0.19064311683177948], [0.4096583425998688, 0.4029306173324585, 0.18741104006767273], [0.41492652893066406, 0.4007222354412079, 0.18435123562812805], [0.4151976704597473, 0.3978612422943115, 0.18694107234477997], [0.4120650589466095, 0.400558739900589, 0.1873762309551239], [0.40079376101493835, 0.41114726662635803, 0.18805894255638123], [0.4162045121192932, 0.3940766155719757, 0.18971887230873108], [0.407691091299057, 0.4020644724369049, 0.19024443626403809], [0.4113108813762665, 0.3966798782348633, 0.19200927019119263], [0.4020267724990845, 0.4077475070953369, 0.19022569060325623], [0.40693792700767517, 0.4043196439743042, 0.18874245882034302], [0.40807005763053894, 0.4036877453327179, 0.18824222683906555], [0.39921268820762634, 0.4092867970466614, 0.19150054454803467], [0.4107687771320343, 0.4009411334991455, 0.1882900595664978], [0.41095802187919617, 0.4003821909427643, 0.1886598765850067], [0.41429802775382996, 0.40004000067710876, 0.1856619417667389], [0.41806501150131226, 0.4024835228919983, 0.17945146560668945], [0.40392839908599854, 0.41114541888237, 0.18492621183395386]], "phq_pred_log1p": [1.6228528022766113, 1.6003612279891968, 1.6189806461334229, 1.6029490232467651, 1.5778391361236572, 1.5925626754760742, 1.581067681312561, 1.5950498580932617, 1.5791447162628174, 1.5988620519638062, 1.6015632152557373, 1.6037371158599854, 1.5966076850891113, 1.6229400634765625, 1.5888582468032837, 1.5906262397766113, 1.624664068222046, 1.5919082164764404, 1.610153317451477, 1.6143977642059326, 1.6154104471206665, 1.5676132440567017], "phq_true_log1p": [2.4849066734313965, 1.945910096168518, 1.945910096168518, 1.945910096168518, 1.945910096168518, 1.0986123085021973, 1.0986123085021973, 1.0986123085021973, 1.945910096168518, 1.0986123085021973, 1.945910096168518, 1.0986123085021973, 1.0986123085021973, 1.0986123085021973, 2.4849066734313965, 1.0986123085021973, 2.4849066734313965, 1.945910096168518, 1.945910096168518, 1.0986123085021973, 1.0986123085021973, 1.0986123085021973], "y_true": [2, 1, 1, 1, 1, 0, 0, 0, 1, 0, 1, 0, 0, 0, 2, 0, 2, 1, 1, 0, 0, 0], "y_pred": [0, 1, 0, 0, 0, 0, 0, 0, 0, 1, 0, 0, 0, 1, 0, 0, 1, 0, 0, 0, 0, 1]}