{"ckpt": "checkpoints/Track2/A-V-G+P/binary/pipeline__A_V_GpP__opensmile__openface__bilstm_mean__fold1_seed42/best_model_2026-05-16-00.50.37.pth", "track": "Track2", "task": "binary", "subtrack": "A-V-G+P", "audio_feature": "opensmile", "video_feature": "openface", "encoder_type": "bilstm_mean", "seed": 42, "experiment_name": "pipeline__A_V_GpP__opensmile__openface__bilstm_mean__fold1_seed42", "val": {"acc": 0.7222222222222222, "f1": 0.7213622291021672, "kappa": 0.4444444444444444, "ccc": -0.004569213936278545, "rmse": 0.8352164499294791, "mae": 0.7203587227397494, "confusion_matrix": [[7, 2], [3, 6]], "selection_score": 0.7213622291021672, "r2": -0.019448641226457175, "cls_loss": 0.6906592978371514, "reg_loss": 0.6975865181949403, "loss": 1.3882458011309307}, "metric_split": "val", "test": {"acc": 0.45454545454545453, "f1": 0.45, "kappa": -0.09090909090909083, "ccc": 0.0054225217866678424, "rmse": 0.5266035438310722, "mae": 0.4980652223933827, "confusion_matrix": [[4, 7], [5, 6]], "selection_score": 0.45, "r2": -0.004866864252811132}, "ids": [1, 5, 7, 13, 15, 22, 28, 33, 34, 40, 42, 44, 47, 58, 74, 83, 85, 89, 90, 93, 105, 110], "probs": [[0.49627846479415894, 0.5037215352058411], [0.50052410364151, 0.4994758665561676], [0.5063028931617737, 0.49369704723358154], [0.5022473335266113, 0.49775272607803345], [0.5089308023452759, 0.4910691976547241], [0.5027875304222107, 0.4972124695777893], [0.49354374408721924, 0.5064562559127808], [0.5111896991729736, 0.488810271024704], [0.49704882502555847, 0.5029512047767639], [0.49937117099761963, 0.5006288290023804], [0.5090492367744446, 0.4909507930278778], [0.4908897280693054, 0.5091102719306946], [0.48688384890556335, 0.5131161212921143], [0.4960895776748657, 0.5039104223251343], [0.49764883518218994, 0.5023512244224548], [0.5042163729667664, 0.49578362703323364], [0.4821873903274536, 0.5178126096725464], [0.4891655743122101, 0.5108343958854675], [0.49688658118247986, 0.5031133890151978], [0.5169253945350647, 0.4830746352672577], [0.4981154799461365, 0.5018845200538635], [0.4852582514286041, 0.5147417187690735]], "phq_pred_log1p": [1.570607304573059, 1.4549981355667114, 1.5571143627166748, 1.602782130241394, 1.5373491048812866, 1.5645992755889893, 1.5386484861373901, 1.5330573320388794, 1.5449873208999634, 1.5382505655288696, 1.5529744625091553, 1.586548924446106, 1.5715142488479614, 1.5534436702728271, 1.5557210445404053, 1.527938723564148, 1.573775053024292, 1.5747251510620117, 1.527327537536621, 1.5408908128738403, 1.5313156843185425, 1.5863233804702759], "phq_true_log1p": [2.4849066734313965, 1.945910096168518, 1.945910096168518, 1.945910096168518, 1.945910096168518, 1.0986123085021973, 1.0986123085021973, 1.0986123085021973, 1.945910096168518, 1.0986123085021973, 1.945910096168518, 1.0986123085021973, 1.0986123085021973, 1.0986123085021973, 2.4849066734313965, 1.0986123085021973, 2.4849066734313965, 1.945910096168518, 1.945910096168518, 1.0986123085021973, 1.0986123085021973, 1.0986123085021973], "y_true": [1, 1, 1, 1, 1, 0, 0, 0, 1, 0, 1, 0, 0, 0, 1, 0, 1, 1, 1, 0, 0, 0], "y_pred": [1, 0, 0, 0, 0, 0, 1, 0, 1, 1, 0, 1, 1, 1, 1, 0, 1, 1, 1, 0, 1, 1]}