{"ckpt": "checkpoints/Track2/A-V-P/ternary/pipeline__A_VpP__mfcc__openface__bilstm_mean__frozen_val_seed3407/best_model_2026-05-15-22.54.10.pth", "track": "Track2", "task": "ternary", "subtrack": "A-V+P", "audio_feature": "mfcc", "video_feature": "openface", "encoder_type": "bilstm_mean", "seed": 3407, "experiment_name": "pipeline__A_VpP__mfcc__openface__bilstm_mean__frozen_val_seed3407", "val": {"acc": 0.5555555555555556, "f1": 0.5793650793650794, "kappa": 0.3076923076923078, "ccc": 0.5750994942344708, "rmse": 0.36765636669312857, "mae": 0.31951023472679985, "confusion_matrix": [[2, 2, 1], [1, 2, 0], [0, 0, 1]], "selection_score": 0.5793650793650794, "r2": 0.4496629049677513, "cls_loss": 1.0772591167026095, "reg_loss": 0.13517120563321644, "loss": 1.2124302983283997}, "metric_split": "val", "test": {"acc": 0.36363636363636365, "f1": 0.37142857142857144, "kappa": -0.06944444444444442, "ccc": -0.023561456809234143, "rmse": 0.7864051955623059, "mae": 0.6840438924052499, "confusion_matrix": [[4, 6, 1], [5, 3, 0], [1, 1, 1]], "selection_score": 0.37142857142857144, "r2": -1.2409580092649404}, "ids": [1, 5, 7, 13, 15, 22, 28, 33, 34, 40, 42, 44, 47, 58, 74, 83, 85, 89, 90, 93, 105, 110], "probs": [[0.11983579397201538, 0.3993957042694092, 0.48076847195625305], [0.8920749425888062, 0.02185092866420746, 0.08607404679059982], [0.9232971668243408, 0.015539690852165222, 0.06116310879588127], [0.24982529878616333, 0.6357101202011108, 0.11446452885866165], [0.8974934220314026, 0.018668878823518753, 0.08383763581514359], [0.4652288258075714, 0.35196590423583984, 0.18280526995658875], [0.31474676728248596, 0.5224803686141968, 0.16277283430099487], [0.7287338376045227, 0.04090289771556854, 0.23036323487758636], [0.8017768859863281, 0.02861950919032097, 0.16960366070270538], [0.07388970255851746, 0.8080020546913147, 0.11810820549726486], [0.3728374242782593, 0.43421679735183716, 0.19294576346874237], [0.017252478748559952, 0.8799382448196411, 0.10280921310186386], [0.12340647727251053, 0.6828216910362244, 0.19377177953720093], [0.03960901498794556, 0.8637292981147766, 0.09666166454553604], [0.5351541042327881, 0.2117592692375183, 0.253086656332016], [0.04212253913283348, 0.778814971446991, 0.17906251549720764], [0.02150125987827778, 0.8805828094482422, 0.0979159027338028], [0.022515201941132545, 0.8784081339836121, 0.09907659888267517], [0.4820306599140167, 0.15853682160377502, 0.35943251848220825], [0.9352112412452698, 0.01335492730140686, 0.05143387243151665], [0.8631970286369324, 0.03640798106789589, 0.1003950759768486], [0.3790022134780884, 0.1157197654247284, 0.5052780508995056]], "phq_pred_log1p": [2.143698215484619, 0.7357403039932251, 0.5068939924240112, 1.435076355934143, 0.6447027921676636, 1.5262972116470337, 1.6721760034561157, 1.1933727264404297, 0.9828289151191711, 2.0289039611816406, 1.6349353790283203, 2.219825506210327, 1.8424824476242065, 2.001558303833008, 1.624071478843689, 2.2072317600250244, 2.1085727214813232, 2.1933438777923584, 1.7156137228012085, 0.4724610447883606, 0.9344449639320374, 1.662919282913208], "phq_true_log1p": [2.4849066734313965, 1.945910096168518, 1.945910096168518, 1.945910096168518, 1.945910096168518, 1.0986123085021973, 1.0986123085021973, 1.0986123085021973, 1.945910096168518, 1.0986123085021973, 1.945910096168518, 1.0986123085021973, 1.0986123085021973, 1.0986123085021973, 2.4849066734313965, 1.0986123085021973, 2.4849066734313965, 1.945910096168518, 1.945910096168518, 1.0986123085021973, 1.0986123085021973, 1.0986123085021973], "y_true": [2, 1, 1, 1, 1, 0, 0, 0, 1, 0, 1, 0, 0, 0, 2, 0, 2, 1, 1, 0, 0, 0], "y_pred": [2, 0, 0, 1, 0, 0, 1, 0, 0, 1, 1, 1, 1, 1, 0, 1, 1, 1, 0, 0, 0, 2]}