{"ckpt": "checkpoints/Track1/A-V-P/binary/pipeline__A_VpP__wav2vec__resnet__bilstm_mean__fold4_seed42/best_model_2026-05-16-00.16.38.pth", "track": "Track1", "task": "binary", "subtrack": "A-V+P", "audio_feature": "wav2vec", "video_feature": "resnet", "encoder_type": "bilstm_mean", "seed": 42, "experiment_name": "pipeline__A_VpP__wav2vec__resnet__bilstm_mean__fold4_seed42", "val": {"acc": 0.6470588235294118, "f1": 0.575, "kappa": 0.15000000000000002, "ccc": 0.0721268738194367, "rmse": 0.6863616344881568, "mae": 0.5150635943693274, "confusion_matrix": [[9, 3], [3, 2]], "selection_score": 0.575, "r2": -0.26782264526664545, "cls_loss": 0.6307541622835047, "reg_loss": 0.4710922854788163, "loss": 1.1018464425030876}, "metric_split": "val", "test": {"acc": 0.43478260869565216, "f1": 0.3935091277890467, "kappa": -0.21052631578947367, "ccc": -0.22781204349492826, "rmse": 0.6687742207292319, "mae": 0.6148136517275935, "confusion_matrix": [[8, 6], [7, 2]], "selection_score": 0.3935091277890467, "r2": -0.6932089037466338}, "ids": [1, 6, 8, 13, 18, 24, 26, 32, 33, 35, 45, 48, 51, 59, 69, 70, 83, 86, 91, 92, 97, 106, 117], "probs": [[0.5123834013938904, 0.4876165986061096], [0.5956978797912598, 0.40430212020874023], [0.6295568943023682, 0.37044307589530945], [0.4694341719150543, 0.5305657982826233], [0.6239634156227112, 0.3760366141796112], [0.604532778263092, 0.39546719193458557], [0.42875808477401733, 0.5712419748306274], [0.4643394947052002, 0.5356605052947998], [0.5941073298454285, 0.40589261054992676], [0.7110003232955933, 0.28899967670440674], [0.5140084028244019, 0.48599162697792053], [0.5271341800689697, 0.47286584973335266], [0.5295984745025635, 0.4704015552997589], [0.4134610593318939, 0.5865389108657837], [0.6001664400100708, 0.3998335599899292], [0.599755048751831, 0.4002450108528137], [0.6158709526062012, 0.38412901759147644], [0.7514162659645081, 0.24858376383781433], [0.49489468336105347, 0.5051053166389465], [0.6124091148376465, 0.3875908851623535], [0.4782796800136566, 0.5217203497886658], [0.49532556533813477, 0.5046744346618652], [0.47840985655784607, 0.5215901136398315]], "phq_pred_log1p": [1.7583751678466797, 1.5482608079910278, 1.42328941822052, 1.8744913339614868, 1.429150104522705, 1.501627802848816, 1.9709304571151733, 2.000744104385376, 1.6348687410354614, 1.1094305515289307, 1.746845006942749, 1.7285617589950562, 1.765899896621704, 2.0714592933654785, 1.4733259677886963, 1.4906762838363647, 1.5482302904129028, 0.9260671734809875, 1.8692831993103027, 1.4754397869110107, 1.9303228855133057, 1.8851521015167236, 1.8881385326385498], "phq_true_log1p": [2.5649492740631104, 2.079441547393799, 1.0986123085021973, 2.079441547393799, 1.0986123085021973, 1.0986123085021973, 2.079441547393799, 1.0986123085021973, 1.0986123085021973, 2.079441547393799, 1.0986123085021973, 2.079441547393799, 1.0986123085021973, 1.0986123085021973, 2.079441547393799, 1.0986123085021973, 1.0986123085021973, 2.079441547393799, 1.0986123085021973, 2.079441547393799, 1.0986123085021973, 1.0986123085021973, 1.0986123085021973], "y_true": [1, 1, 0, 1, 0, 0, 1, 0, 0, 1, 0, 1, 0, 0, 1, 0, 0, 1, 0, 1, 0, 0, 0], "y_pred": [0, 0, 0, 1, 0, 0, 1, 1, 0, 0, 0, 0, 0, 1, 0, 0, 0, 0, 1, 0, 1, 1, 1]}