{"ckpt": "checkpoints/Track2/A-V-G+P/ternary/pipeline__A_V_GpP__opensmile__openface__bilstm_mean__fold4_seed42/best_model_2026-05-16-02.09.42.pth", "track": "Track2", "task": "ternary", "subtrack": "A-V-G+P", "audio_feature": "opensmile", "video_feature": "openface", "encoder_type": "bilstm_mean", "seed": 42, "experiment_name": "pipeline__A_V_GpP__opensmile__openface__bilstm_mean__fold4_seed42", "val": {"acc": 0.5882352941176471, "f1": 0.3757575757575758, "kappa": 0.19594594594594583, "ccc": -0.05723938332319381, "rmse": 0.8731958183681064, "mae": 0.735338403898127, "confusion_matrix": [[8, 1, 0], [4, 2, 0], [1, 1, 0]], "selection_score": 0.3757575757575758, "r2": -0.22522460181174675, "cls_loss": 1.1421236220528097, "reg_loss": 0.7624709325678208, "loss": 1.9045945826698751}, "metric_split": "val", "test": {"acc": 0.4090909090909091, "f1": 0.27, "kappa": -0.07518796992481214, "ccc": -0.03681296996359791, "rmse": 0.6946617907387234, "mae": 0.6029827350919897, "confusion_matrix": [[7, 4, 0], [6, 2, 0], [1, 2, 0]], "selection_score": 0.27, "r2": -0.7485892083775731}, "ids": [1, 5, 7, 13, 15, 22, 28, 33, 34, 40, 42, 44, 47, 58, 74, 83, 85, 89, 90, 93, 105, 110], "probs": [[0.37201356887817383, 0.41951891779899597, 0.208467498421669], [0.5763015151023865, 0.26581427454948425, 0.15788418054580688], [0.6337733268737793, 0.22656886279582977, 0.13965776562690735], [0.3544880747795105, 0.47657260298728943, 0.16893936693668365], [0.5229249596595764, 0.30229610204696655, 0.17477892339229584], [0.319650799036026, 0.49760523438453674, 0.18274401128292084], [0.3979790508747101, 0.4314377009868622, 0.17058326303958893], [0.5608325004577637, 0.26121285557746887, 0.17795467376708984], [0.5891079902648926, 0.2502337098121643, 0.16065829992294312], [0.4793854057788849, 0.3545433282852173, 0.16607126593589783], [0.5853263139724731, 0.2712656855583191, 0.14340803027153015], [0.29585471749305725, 0.4994090497493744, 0.2047361433506012], [0.3258664309978485, 0.4934431314468384, 0.18069051206111908], [0.42778143286705017, 0.4057072103023529, 0.16651132702827454], [0.5551836490631104, 0.29636919498443604, 0.1484472006559372], [0.4500036835670471, 0.3721506893634796, 0.17784561216831207], [0.31693994998931885, 0.4995061159133911, 0.18355385959148407], [0.3092663586139679, 0.504015326499939, 0.18671831488609314], [0.4147430956363678, 0.3904561698436737, 0.1948007345199585], [0.632999837398529, 0.23192381858825684, 0.1350763738155365], [0.6272279620170593, 0.24172961711883545, 0.13104237616062164], [0.4066953957080841, 0.3683015704154968, 0.22500303387641907]], "phq_pred_log1p": [1.6226669549942017, 1.0473878383636475, 0.6795550584793091, 1.5811065435409546, 1.2826606035232544, 1.7040168046951294, 1.521235704421997, 1.1533509492874146, 0.9355049729347229, 1.3407156467437744, 0.9694170355796814, 1.815805196762085, 1.6972335577011108, 1.477543592453003, 1.0844365358352661, 1.4446994066238403, 1.7105354070663452, 1.7819732427597046, 1.5556946992874146, 0.7473120093345642, 0.7631444931030273, 1.540700078010559], "phq_true_log1p": [2.4849066734313965, 1.945910096168518, 1.945910096168518, 1.945910096168518, 1.945910096168518, 1.0986123085021973, 1.0986123085021973, 1.0986123085021973, 1.945910096168518, 1.0986123085021973, 1.945910096168518, 1.0986123085021973, 1.0986123085021973, 1.0986123085021973, 2.4849066734313965, 1.0986123085021973, 2.4849066734313965, 1.945910096168518, 1.945910096168518, 1.0986123085021973, 1.0986123085021973, 1.0986123085021973], "y_true": [2, 1, 1, 1, 1, 0, 0, 0, 1, 0, 1, 0, 0, 0, 2, 0, 2, 1, 1, 0, 0, 0], "y_pred": [1, 0, 0, 1, 0, 1, 1, 0, 0, 0, 0, 1, 1, 0, 0, 0, 1, 1, 0, 0, 0, 0]}