{"ckpt": "checkpoints/Track2/A-V-P/ternary/pipeline__A_VpP__opensmile__openface__bilstm_mean__frozen_val_seed2026/best_model_2026-05-15-23.00.01.pth", "track": "Track2", "task": "ternary", "subtrack": "A-V+P", "audio_feature": "opensmile", "video_feature": "openface", "encoder_type": "bilstm_mean", "seed": 2026, "experiment_name": "pipeline__A_VpP__opensmile__openface__bilstm_mean__frozen_val_seed2026", "val": {"acc": 0.5555555555555556, "f1": 0.5222222222222223, "kappa": 0.3076923076923078, "ccc": 0.6786040711325162, "rmse": 0.3699743063905028, "mae": 0.3097354571024577, "confusion_matrix": [[3, 1, 1], [1, 1, 1], [0, 0, 1]], "selection_score": 0.5222222222222223, "r2": 0.4427016794079529, "cls_loss": 1.088256147172716, "reg_loss": 0.136880980597602, "loss": 1.2251371542612712}, "metric_split": "val", "test": {"acc": 0.2727272727272727, "f1": 0.30264550264550266, "kappa": -0.22222222222222232, "ccc": 0.022551718020779012, "rmse": 0.8598951275425866, "mae": 0.7346327067776159, "confusion_matrix": [[3, 7, 1], [6, 2, 0], [1, 1, 1]], "selection_score": 0.30264550264550266, "r2": -1.6793654126872393}, "ids": [1, 5, 7, 13, 15, 22, 28, 33, 34, 40, 42, 44, 47, 58, 74, 83, 85, 89, 90, 93, 105, 110], "probs": [[0.079094797372818, 0.2780809700489044, 0.6428241729736328], [0.9228222966194153, 0.02785376086831093, 0.049323953688144684], [0.9630743861198425, 0.019387634471058846, 0.01753794215619564], [0.21884410083293915, 0.6889592409133911, 0.09219662100076675], [0.9301809668540955, 0.029213249683380127, 0.040605757385492325], [0.2001168429851532, 0.6648849844932556, 0.13499820232391357], [0.3697149157524109, 0.5614507794380188, 0.0688343197107315], [0.8212790489196777, 0.032427702099084854, 0.1462932825088501], [0.8729766607284546, 0.02919825166463852, 0.0978250652551651], [0.05230734124779701, 0.7807701230049133, 0.16692258417606354], [0.5195056200027466, 0.3620462715625763, 0.11844808608293533], [0.019962886348366737, 0.6314594149589539, 0.34857770800590515], [0.3453069031238556, 0.5031542181968689, 0.1515389233827591], [0.0631912350654602, 0.7798275947570801, 0.15698117017745972], [0.7095474600791931, 0.15203265845775604, 0.13841991126537323], [0.04751857742667198, 0.5065845251083374, 0.4458968937397003], [0.02853403240442276, 0.704738199710846, 0.2667277753353119], [0.02842189371585846, 0.7354087829589844, 0.23616930842399597], [0.5773404836654663, 0.2031487077474594, 0.21951080858707428], [0.9647727012634277, 0.01608949340879917, 0.019137727096676826], [0.9598920345306396, 0.024022290483117104, 0.016085587441921234], [0.3118431866168976, 0.09922148287296295, 0.5889352560043335]], "phq_pred_log1p": [2.0960781574249268, 0.8003758788108826, 0.0895853042602539, 1.5201624631881714, 0.7714027762413025, 1.6466933488845825, 1.2726246118545532, 1.126904845237732, 0.7897829413414001, 2.0682430267333984, 1.4241142272949219, 2.3290209770202637, 1.3759671449661255, 1.9675146341323853, 1.34271240234375, 2.242161989212036, 2.1151702404022217, 2.2085907459259033, 1.479141354560852, 0.2230743020772934, 0.28252100944519043, 1.4184248447418213], "phq_true_log1p": [2.4849066734313965, 1.945910096168518, 1.945910096168518, 1.945910096168518, 1.945910096168518, 1.0986123085021973, 1.0986123085021973, 1.0986123085021973, 1.945910096168518, 1.0986123085021973, 1.945910096168518, 1.0986123085021973, 1.0986123085021973, 1.0986123085021973, 2.4849066734313965, 1.0986123085021973, 2.4849066734313965, 1.945910096168518, 1.945910096168518, 1.0986123085021973, 1.0986123085021973, 1.0986123085021973], "y_true": [2, 1, 1, 1, 1, 0, 0, 0, 1, 0, 1, 0, 0, 0, 2, 0, 2, 1, 1, 0, 0, 0], "y_pred": [2, 0, 0, 1, 0, 1, 1, 0, 0, 1, 0, 1, 1, 1, 0, 1, 1, 1, 0, 0, 0, 2]}