{"ckpt": "checkpoints/Track1/A-V-P/ternary/pipeline__A_VpP__mfcc__openface__bilstm_mean__frozen_val_seed3407/best_model_2026-05-15-22.33.53.pth", "track": "Track1", "task": "ternary", "subtrack": "A-V+P", "audio_feature": "mfcc", "video_feature": "openface", "encoder_type": "bilstm_mean", "seed": 3407, "experiment_name": "pipeline__A_VpP__mfcc__openface__bilstm_mean__frozen_val_seed3407", "val": {"acc": 0.6666666666666666, "f1": 0.45714285714285713, "kappa": 0.42553191489361697, "ccc": 0.26156528084727754, "rmse": 0.7758159629547917, "mae": 0.6047768195470175, "confusion_matrix": [[4, 2, 0], [0, 2, 0], [0, 1, 0]], "selection_score": 0.45714285714285713, "r2": -0.011169942499566377, "cls_loss": 1.0940209759606256, "reg_loss": 0.6018904265430238, "loss": 1.6959114074707031}, "metric_split": "val", "test": {"acc": 0.43478260869565216, "f1": 0.2964426877470356, "kappa": -0.006734006734006703, "ccc": -0.07590387599046751, "rmse": 0.6755355349684165, "mae": 0.6005535540373429, "confusion_matrix": [[5, 9, 0], [3, 5, 0], [0, 1, 0]], "selection_score": 0.2964426877470356, "r2": -0.7276186893447265}, "ids": [1, 6, 8, 13, 18, 24, 26, 32, 33, 35, 45, 48, 51, 59, 69, 70, 83, 86, 91, 92, 97, 106, 117], "probs": [[0.22554324567317963, 0.45497509837150574, 0.31948164105415344], [0.3101118803024292, 0.4068698287010193, 0.2830182909965515], [0.2848757207393646, 0.40668419003486633, 0.30844008922576904], [0.24622324109077454, 0.41114726662635803, 0.3426295220851898], [0.26126372814178467, 0.4401107728481293, 0.29862552881240845], [0.4425884485244751, 0.33947551250457764, 0.21793602406978607], [0.48647046089172363, 0.28613054752349854, 0.22739899158477783], [0.5505025386810303, 0.26813921332359314, 0.1813582479953766], [0.262957900762558, 0.3968605697154999, 0.34018152952194214], [0.3667795658111572, 0.3757510185241699, 0.2574693560600281], [0.321609228849411, 0.3603808283805847, 0.31800997257232666], [0.7395612001419067, 0.14334216713905334, 0.11709665507078171], [0.2482031136751175, 0.42958155274391174, 0.32221537828445435], [0.2762914299964905, 0.44167524576187134, 0.28203335404396057], [0.2601870000362396, 0.4005495607852936, 0.3392634093761444], [0.38243597745895386, 0.3500741720199585, 0.26748988032341003], [0.43129581212997437, 0.3390072286128998, 0.22969695925712585], [0.34822922945022583, 0.3754027187824249, 0.27636799216270447], [0.31850549578666687, 0.3413899838924408, 0.34010452032089233], [0.42628994584083557, 0.34338128566741943, 0.2303287386894226], [0.31885889172554016, 0.38050663471221924, 0.3006344735622406], [0.32982194423675537, 0.37466806173324585, 0.2955099940299988], [0.3492458760738373, 0.3417639136314392, 0.3089902102947235]], "phq_pred_log1p": [2.142465829849243, 1.8697117567062378, 1.9664521217346191, 2.0708189010620117, 1.9663559198379517, 1.556856393814087, 1.4622340202331543, 1.3211976289749146, 1.9912089109420776, 1.6557153463363647, 1.9103574752807617, 0.7921304702758789, 2.044624090194702, 1.8539053201675415, 2.0460245609283447, 1.7025426626205444, 1.5552150011062622, 1.764922857284546, 1.9373990297317505, 1.6094205379486084, 1.8950210809707642, 1.8431035280227661, 1.8620275259017944], "phq_true_log1p": [2.5649492740631104, 2.079441547393799, 1.0986123085021973, 2.079441547393799, 1.0986123085021973, 1.0986123085021973, 2.079441547393799, 1.0986123085021973, 1.0986123085021973, 2.079441547393799, 1.0986123085021973, 2.079441547393799, 1.0986123085021973, 1.0986123085021973, 2.079441547393799, 1.0986123085021973, 1.0986123085021973, 2.079441547393799, 1.0986123085021973, 2.079441547393799, 1.0986123085021973, 1.0986123085021973, 1.0986123085021973], "y_true": [2, 1, 0, 1, 0, 0, 1, 0, 0, 1, 0, 1, 0, 0, 1, 0, 0, 1, 0, 1, 0, 0, 0], "y_pred": [1, 1, 1, 1, 1, 0, 0, 0, 1, 1, 1, 0, 1, 1, 1, 0, 0, 1, 1, 0, 1, 1, 0]}