{"ckpt": "checkpoints/Track1/A-V-P/binary/pipeline__A_VpP__mfcc__openface__bilstm_mean__frozen_val_seed42/best_model_2026-05-15-21.19.54.pth", "track": "Track1", "task": "binary", "subtrack": "A-V+P", "audio_feature": "mfcc", "video_feature": "openface", "encoder_type": "bilstm_mean", "seed": 42, "experiment_name": "pipeline__A_VpP__mfcc__openface__bilstm_mean__frozen_val_seed42", "val": {"acc": 0.7777777777777778, "f1": 0.75, "kappa": 0.5, "ccc": 0.3016694265391527, "rmse": 0.6399388810107093, "mae": 0.6238274971644083, "confusion_matrix": [[5, 1], [1, 2]], "selection_score": 0.75, "r2": 0.07737814641802498, "cls_loss": 0.5386559433407254, "reg_loss": 0.40952176186773515, "loss": 0.9481777085198296}, "metric_split": "val", "test": {"acc": 0.5217391304347826, "f1": 0.50682261208577, "kappa": 0.015564202334630406, "ccc": 0.09340491958720236, "rmse": 0.780431976631613, "mae": 0.6475205116945765, "confusion_matrix": [[8, 6], [5, 4]], "selection_score": 0.50682261208577, "r2": -1.3057998491744311}, "ids": [1, 6, 8, 13, 18, 24, 26, 32, 33, 35, 45, 48, 51, 59, 69, 70, 83, 86, 91, 92, 97, 106, 117], "probs": [[0.006297727581113577, 0.9937022924423218], [0.07818138599395752, 0.9218185544013977], [0.021143700927495956, 0.9788563251495361], [0.2409333437681198, 0.759066641330719], [0.04012349992990494, 0.9598764777183533], [0.8042648434638977, 0.19573508203029633], [0.6682193875312805, 0.3317806124687195], [0.6425625681877136, 0.3574374318122864], [0.01604844070971012, 0.9839515686035156], [0.9077154397964478, 0.09228458255529404], [0.19932323694229126, 0.8006767630577087], [0.9968414306640625, 0.0031585325486958027], [0.373254656791687, 0.626745343208313], [0.8564609289169312, 0.14353913068771362], [0.05004867538809776, 0.9499513506889343], [0.7047829031944275, 0.2952170670032501], [0.9953892230987549, 0.004610711708664894], [0.9287676215171814, 0.0712323784828186], [0.1393662542104721, 0.8606337904930115], [0.712599515914917, 0.287400484085083], [0.7505890727043152, 0.2494109719991684], [0.8793351650238037, 0.12066476792097092], [0.9933155179023743, 0.006684461608529091]], "phq_pred_log1p": [2.6186256408691406, 2.134641170501709, 2.376439332962036, 2.118807315826416, 2.2362427711486816, 1.4236152172088623, 1.4486284255981445, 1.768100619316101, 2.3230862617492676, 1.4139494895935059, 2.0050599575042725, 0.2489558309316635, 1.9908695220947266, 1.4264408349990845, 2.2762019634246826, 1.678953766822815, 0.27985143661499023, 1.464543104171753, 2.0889408588409424, 1.7622990608215332, 1.5759882926940918, 1.5362548828125, 0.6748800277709961], "phq_true_log1p": [2.5649492740631104, 2.079441547393799, 1.0986123085021973, 2.079441547393799, 1.0986123085021973, 1.0986123085021973, 2.079441547393799, 1.0986123085021973, 1.0986123085021973, 2.079441547393799, 1.0986123085021973, 2.079441547393799, 1.0986123085021973, 1.0986123085021973, 2.079441547393799, 1.0986123085021973, 1.0986123085021973, 2.079441547393799, 1.0986123085021973, 2.079441547393799, 1.0986123085021973, 1.0986123085021973, 1.0986123085021973], "y_true": [1, 1, 0, 1, 0, 0, 1, 0, 0, 1, 0, 1, 0, 0, 1, 0, 0, 1, 0, 1, 0, 0, 0], "y_pred": [1, 1, 1, 1, 1, 0, 0, 0, 1, 0, 1, 0, 1, 0, 1, 0, 0, 0, 1, 0, 0, 0, 0]}