{"ckpt": "checkpoints/Track1/A-V-G+P/binary/pipeline__A_V_GpP__opensmile__resnet__bilstm_mean__fold0_seed42/best_model_2026-05-16-00.20.48.pth", "track": "Track1", "task": "binary", "subtrack": "A-V-G+P", "audio_feature": "opensmile", "video_feature": "resnet", "encoder_type": "bilstm_mean", "seed": 42, "experiment_name": "pipeline__A_V_GpP__opensmile__resnet__bilstm_mean__fold0_seed42", "val": {"acc": 0.7222222222222222, "f1": 0.5566502463054187, "kappa": 0.21052631578947378, "ccc": 0.017873894488727775, "rmse": 0.908962215576916, "mae": 0.7518536746501923, "confusion_matrix": [[12, 0], [5, 1]], "selection_score": 0.5566502463054187, "r2": -0.2147903966513931, "cls_loss": 1.5944671680529912, "reg_loss": 0.8262123134401109, "loss": 2.420679463280572}, "metric_split": "val", "test": {"acc": 0.6521739130434783, "f1": 0.48888888888888893, "kappa": 0.13207547169811307, "ccc": -0.2122582173729186, "rmse": 0.6415306807195127, "mae": 0.5927013936250106, "confusion_matrix": [[14, 0], [8, 1]], "selection_score": 0.48888888888888893, "r2": -0.5580678191682285}, "ids": [1, 6, 8, 13, 18, 24, 26, 32, 33, 35, 45, 48, 51, 59, 69, 70, 83, 86, 91, 92, 97, 106, 117], "probs": [[0.9540619850158691, 0.045938070863485336], [0.9310837984085083, 0.06891623139381409], [0.7193670272827148, 0.2806329131126404], [0.8350708484649658, 0.16492918133735657], [0.9728326797485352, 0.027167310938239098], [0.9875205755233765, 0.01247945986688137], [0.22510603070259094, 0.7748939990997314], [0.8599136471748352, 0.14008639752864838], [0.9719246625900269, 0.02807532250881195], [0.9976971745491028, 0.00230278167873621], [0.9942789077758789, 0.005721104331314564], [0.8652306199073792, 0.13476940989494324], [0.9235329031944275, 0.07646709680557251], [0.8326564431190491, 0.1673436015844345], [0.9637145400047302, 0.036285411566495895], [0.9590374827384949, 0.04096253961324692], [0.8951142430305481, 0.10488580167293549], [0.9926871061325073, 0.00731294509023428], [0.5975012183189392, 0.4024987518787384], [0.992421567440033, 0.007578496355563402], [0.9620937705039978, 0.03790627792477608], [0.9096507430076599, 0.09034925699234009], [0.7074156403541565, 0.2925843894481659]], "phq_pred_log1p": [1.576324701309204, 1.6231861114501953, 1.7297534942626953, 1.7880276441574097, 1.6641173362731934, 1.5067121982574463, 2.011202335357666, 1.762380838394165, 1.617655873298645, 1.051210641860962, 1.211256504058838, 1.7430295944213867, 1.8366925716400146, 1.787567138671875, 1.4891853332519531, 1.4583717584609985, 1.837018370628357, 1.4065535068511963, 1.9846980571746826, 1.223435640335083, 1.8696739673614502, 1.6588494777679443, 1.7996306419372559], "phq_true_log1p": [2.5649492740631104, 2.079441547393799, 1.0986123085021973, 2.079441547393799, 1.0986123085021973, 1.0986123085021973, 2.079441547393799, 1.0986123085021973, 1.0986123085021973, 2.079441547393799, 1.0986123085021973, 2.079441547393799, 1.0986123085021973, 1.0986123085021973, 2.079441547393799, 1.0986123085021973, 1.0986123085021973, 2.079441547393799, 1.0986123085021973, 2.079441547393799, 1.0986123085021973, 1.0986123085021973, 1.0986123085021973], "y_true": [1, 1, 0, 1, 0, 0, 1, 0, 0, 1, 0, 1, 0, 0, 1, 0, 0, 1, 0, 1, 0, 0, 0], "y_pred": [0, 0, 0, 0, 0, 0, 1, 0, 0, 0, 0, 0, 0, 0, 0, 0, 0, 0, 0, 0, 0, 0, 0]}