{"ckpt": "checkpoints/Track2/A-V-G+P/binary/pipeline__A_V_GpP__opensmile__resnet__bilstm_mean__frozen_val_seed2026/best_model_2026-05-15-22.01.32.pth", "track": "Track2", "task": "binary", "subtrack": "A-V-G+P", "audio_feature": "opensmile", "video_feature": "resnet", "encoder_type": "bilstm_mean", "seed": 2026, "experiment_name": "pipeline__A_V_GpP__opensmile__resnet__bilstm_mean__frozen_val_seed2026", "val": {"acc": 0.7777777777777778, "f1": 0.775, "kappa": 0.55, "ccc": -0.042781238993365264, "rmse": 0.7631274125821974, "mae": 0.5644256406360202, "confusion_matrix": [[4, 1], [1, 3]], "selection_score": 0.775, "r2": -0.060711862848797704, "cls_loss": 0.6612323191430833, "reg_loss": 0.582363426944034, "loss": 1.2435957193374634}, "metric_split": "val", "test": {"acc": 0.5454545454545454, "f1": 0.47619047619047616, "kappa": 0.09090909090909094, "ccc": 0.13039754725354216, "rmse": 0.49853409866155923, "mae": 0.4698662920431657, "confusion_matrix": [[10, 1], [9, 2]], "selection_score": 0.47619047619047616, "r2": 0.0994025610439524}, "ids": [1, 5, 7, 13, 15, 22, 28, 33, 34, 40, 42, 44, 47, 58, 74, 83, 85, 89, 90, 93, 105, 110], "probs": [[0.43330785632133484, 0.5666921734809875], [0.5431225299835205, 0.4568774700164795], [0.5253573656082153, 0.4746426045894623], [0.48880377411842346, 0.5111962556838989], [0.5079393982887268, 0.4920605719089508], [0.5229330658912659, 0.4770669639110565], [0.4946728050708771, 0.5053272247314453], [0.5493510961532593, 0.4506489336490631], [0.5376846790313721, 0.46231529116630554], [0.536773681640625, 0.4632263481616974], [0.5496098399162292, 0.45039013028144836], [0.5898149609565735, 0.4101850688457489], [0.5279828906059265, 0.4720171093940735], [0.5635184645652771, 0.4364815354347229], [0.5070622563362122, 0.49293777346611023], [0.5434964299201965, 0.4565035104751587], [0.5508081912994385, 0.4491918683052063], [0.5301680564880371, 0.4698319733142853], [0.5513718724250793, 0.44862815737724304], [0.5755112171173096, 0.42448872327804565], [0.5249884724617004, 0.47501152753829956], [0.5547965168952942, 0.4452034831047058]], "phq_pred_log1p": [1.7825498580932617, 1.5174158811569214, 1.5119234323501587, 1.613287329673767, 1.582119345664978, 1.5545657873153687, 1.673526406288147, 1.4572199583053589, 1.4865143299102783, 1.5306485891342163, 1.4882644414901733, 1.3762110471725464, 1.5656849145889282, 1.508140206336975, 1.6158148050308228, 1.5065319538116455, 1.51542067527771, 1.6034690141677856, 1.5415294170379639, 1.444664716720581, 1.5673822164535522, 1.4735257625579834], "phq_true_log1p": [2.4849066734313965, 1.945910096168518, 1.945910096168518, 1.945910096168518, 1.945910096168518, 1.0986123085021973, 1.0986123085021973, 1.0986123085021973, 1.945910096168518, 1.0986123085021973, 1.945910096168518, 1.0986123085021973, 1.0986123085021973, 1.0986123085021973, 2.4849066734313965, 1.0986123085021973, 2.4849066734313965, 1.945910096168518, 1.945910096168518, 1.0986123085021973, 1.0986123085021973, 1.0986123085021973], "y_true": [1, 1, 1, 1, 1, 0, 0, 0, 1, 0, 1, 0, 0, 0, 1, 0, 1, 1, 1, 0, 0, 0], "y_pred": [1, 0, 0, 1, 0, 0, 1, 0, 0, 0, 0, 0, 0, 0, 0, 0, 0, 0, 0, 0, 0, 0]}