{"ckpt": "checkpoints/Track2/A-V-P/binary/pipeline__A_VpP__opensmile__resnet__bilstm_mean__fold4_seed42/best_model_2026-05-16-00.44.52.pth", "track": "Track2", "task": "binary", "subtrack": "A-V+P", "audio_feature": "opensmile", "video_feature": "resnet", "encoder_type": "bilstm_mean", "seed": 42, "experiment_name": "pipeline__A_VpP__opensmile__resnet__bilstm_mean__fold4_seed42", "val": {"acc": 0.6470588235294118, "f1": 0.6136363636363636, "kappa": 0.27142857142857135, "ccc": -0.01138009478366552, "rmse": 0.6928370043444247, "mae": 0.5543844699859619, "confusion_matrix": [[8, 1], [5, 3]], "selection_score": 0.6136363636363636, "r2": -0.0329681715475747, "cls_loss": 0.6922387550858891, "reg_loss": 0.4800231176264146, "loss": 1.1722618341445923}, "metric_split": "val", "test": {"acc": 0.45454545454545453, "f1": 0.4358974358974359, "kappa": -0.09090909090909083, "ccc": -0.012430969594781186, "rmse": 0.5329044214338786, "mae": 0.5001070336862043, "confusion_matrix": [[7, 4], [8, 3]], "selection_score": 0.4358974358974359, "r2": -0.029057441958086017}, "ids": [1, 5, 7, 13, 15, 22, 28, 33, 34, 40, 42, 44, 47, 58, 74, 83, 85, 89, 90, 93, 105, 110], "probs": [[0.5086201429367065, 0.49137982726097107], [0.49856361746788025, 0.5014363527297974], [0.495196133852005, 0.5048038959503174], [0.5060551166534424, 0.49394491314888], [0.5054022669792175, 0.49459773302078247], [0.5165610313415527, 0.48343896865844727], [0.5015223622322083, 0.4984776973724365], [0.509999692440033, 0.49000024795532227], [0.4988606572151184, 0.5011392831802368], [0.5057962536811829, 0.49420374631881714], [0.5057428479194641, 0.4942571818828583], [0.49971702694892883, 0.5002830028533936], [0.5008097290992737, 0.4991902709007263], [0.5037896037101746, 0.4962104260921478], [0.5015485882759094, 0.4984514117240906], [0.49106356501579285, 0.5089364647865295], [0.5012941360473633, 0.4987058937549591], [0.5041244626045227, 0.4958755671977997], [0.5067243576049805, 0.49327561259269714], [0.5059609413146973, 0.49403905868530273], [0.4954473674297333, 0.5045526623725891], [0.4996161162853241, 0.5003839135169983]], "phq_pred_log1p": [1.6541410684585571, 1.6683682203292847, 1.6434924602508545, 1.6640974283218384, 1.6560258865356445, 1.6693177223205566, 1.6680119037628174, 1.6828129291534424, 1.6592057943344116, 1.657591462135315, 1.6698145866394043, 1.6526153087615967, 1.6829460859298706, 1.6643376350402832, 1.668030023574829, 1.6419371366500854, 1.6445773839950562, 1.6610289812088013, 1.6634235382080078, 1.6699917316436768, 1.6651945114135742, 1.6625382900238037], "phq_true_log1p": [2.4849066734313965, 1.945910096168518, 1.945910096168518, 1.945910096168518, 1.945910096168518, 1.0986123085021973, 1.0986123085021973, 1.0986123085021973, 1.945910096168518, 1.0986123085021973, 1.945910096168518, 1.0986123085021973, 1.0986123085021973, 1.0986123085021973, 2.4849066734313965, 1.0986123085021973, 2.4849066734313965, 1.945910096168518, 1.945910096168518, 1.0986123085021973, 1.0986123085021973, 1.0986123085021973], "y_true": [1, 1, 1, 1, 1, 0, 0, 0, 1, 0, 1, 0, 0, 0, 1, 0, 1, 1, 1, 0, 0, 0], "y_pred": [0, 1, 1, 0, 0, 0, 0, 0, 1, 0, 0, 1, 0, 0, 0, 1, 0, 0, 0, 0, 1, 1]}