{"ckpt": "checkpoints/Track1/A-V-P/ternary/pipeline__A_VpP__mfcc__openface__bilstm_mean__fold0_seed42/best_model_2026-05-16-00.20.48.pth", "track": "Track1", "task": "ternary", "subtrack": "A-V+P", "audio_feature": "mfcc", "video_feature": "openface", "encoder_type": "bilstm_mean", "seed": 42, "experiment_name": "pipeline__A_VpP__mfcc__openface__bilstm_mean__fold0_seed42", "val": {"acc": 0.7222222222222222, "f1": 0.49808429118773945, "kappa": 0.23728813559322026, "ccc": 0.21882652244124412, "rmse": 0.6948344635513141, "mae": 0.5732784205012851, "confusion_matrix": [[12, 0, 0], [4, 0, 0], [1, 0, 1]], "selection_score": 0.49808429118773945, "r2": 0.05970312634937747, "cls_loss": 1.1106528838475545, "reg_loss": 0.48279494378301835, "loss": 1.5934478176964655}, "metric_split": "val", "test": {"acc": 0.5652173913043478, "f1": 0.34767025089605735, "kappa": 0.10505836575875482, "ccc": 0.02072723355769748, "rmse": 0.7555856647436351, "mae": 0.608520074059134, "confusion_matrix": [[11, 1, 2], [6, 2, 0], [0, 1, 0]], "selection_score": 0.34767025089605735, "r2": -1.161319217501969}, "ids": [1, 6, 8, 13, 18, 24, 26, 32, 33, 35, 45, 48, 51, 59, 69, 70, 83, 86, 91, 92, 97, 106, 117], "probs": [[0.14638826251029968, 0.4978795349597931, 0.3557322025299072], [0.31860795617103577, 0.40500307083129883, 0.276388943195343], [0.4316210150718689, 0.3280743956565857, 0.24030455946922302], [0.5315201282501221, 0.2521013021469116, 0.21637849509716034], [0.27572786808013916, 0.4463503658771515, 0.2779217064380646], [0.7220969796180725, 0.16234396398067474, 0.11555911600589752], [0.7337510585784912, 0.1323247253894806, 0.1339242309331894], [0.8514490723609924, 0.07407724857330322, 0.07447367906570435], [0.25424644351005554, 0.3586204946041107, 0.3871331214904785], [0.7291910648345947, 0.14599573612213135, 0.12481318414211273], [0.5165101885795593, 0.2534315288066864, 0.23005832731723785], [0.9201934933662415, 0.036296550184488297, 0.04350997135043144], [0.4608211815357208, 0.2974940836429596, 0.24168474972248077], [0.7117186784744263, 0.15765327215194702, 0.1306280493736267], [0.2785682678222656, 0.4073036015033722, 0.3141281008720398], [0.8138425350189209, 0.09565877169370651, 0.09049868583679199], [0.8608445525169373, 0.0732896625995636, 0.06586582958698273], [0.48175644874572754, 0.27049583196640015, 0.24774771928787231], [0.206307515501976, 0.36258941888809204, 0.4311031103134155], [0.8063902258872986, 0.10030199587345123, 0.09330779314041138], [0.39087024331092834, 0.30911946296691895, 0.3000103533267975], [0.767438530921936, 0.12192023545503616, 0.110641248524189], [0.6528300642967224, 0.17193163931369781, 0.17523834109306335]], "phq_pred_log1p": [2.110905647277832, 1.7167285680770874, 1.5616936683654785, 1.437314748764038, 1.8212337493896484, 1.0430964231491089, 0.8576973676681519, 0.6918336153030396, 1.8111103773117065, 0.9640730619430542, 1.5263619422912598, 0.03787519782781601, 1.5928356647491455, 0.9792232513427734, 1.8421781063079834, 0.8372535109519958, 0.5372127294540405, 1.5573041439056396, 2.132613182067871, 0.9113684892654419, 1.7497040033340454, 0.9237220287322998, 1.2449389696121216], "phq_true_log1p": [2.5649492740631104, 2.079441547393799, 1.0986123085021973, 2.079441547393799, 1.0986123085021973, 1.0986123085021973, 2.079441547393799, 1.0986123085021973, 1.0986123085021973, 2.079441547393799, 1.0986123085021973, 2.079441547393799, 1.0986123085021973, 1.0986123085021973, 2.079441547393799, 1.0986123085021973, 1.0986123085021973, 2.079441547393799, 1.0986123085021973, 2.079441547393799, 1.0986123085021973, 1.0986123085021973, 1.0986123085021973], "y_true": [2, 1, 0, 1, 0, 0, 1, 0, 0, 1, 0, 1, 0, 0, 1, 0, 0, 1, 0, 1, 0, 0, 0], "y_pred": [1, 1, 0, 0, 1, 0, 0, 0, 2, 0, 0, 0, 0, 0, 1, 0, 0, 0, 2, 0, 0, 0, 0]}