{"ckpt": "checkpoints/Track1/G-P/ternary/pipeline__GpP__mfcc__resnet__bilstm_mean__fold3_seed42/best_model_2026-05-16-00.40.35.pth", "track": "Track1", "task": "ternary", "subtrack": "G+P", "audio_feature": "mfcc", "video_feature": "resnet", "encoder_type": "bilstm_mean", "seed": 42, "experiment_name": "pipeline__GpP__mfcc__resnet__bilstm_mean__fold3_seed42", "val": {"acc": 0.7058823529411765, "f1": 0.27586206896551724, "kappa": 0.0, "ccc": 0.012633162483576212, "rmse": 0.8678396572632424, "mae": 0.7172512166640338, "confusion_matrix": [[12, 0, 0], [3, 0, 0], [2, 0, 0]], "selection_score": 0.27586206896551724, "r2": -0.31555885102841486, "cls_loss": 1.0666446545544792, "reg_loss": 0.7531456666834214, "loss": 1.819790293188656}, "metric_split": "val", "test": {"acc": 0.6086956521739131, "f1": 0.2522522522522523, "kappa": 0.0, "ccc": -0.007728413204236569, "rmse": 0.7603628536615196, "mae": 0.5561722931654557, "confusion_matrix": [[14, 0, 0], [8, 0, 0], [1, 0, 0]], "selection_score": 0.2522522522522523, "r2": -1.1887354872620612}, "ids": [1, 6, 8, 13, 18, 24, 26, 32, 33, 35, 45, 48, 51, 59, 69, 70, 83, 86, 91, 92, 97, 106, 117], "probs": [[0.3994205594062805, 0.2588199973106384, 0.34175944328308105], [0.40163952112197876, 0.26335105299949646, 0.3350093960762024], [0.3985368311405182, 0.2622556984424591, 0.3392074704170227], [0.40464287996292114, 0.26589733362197876, 0.3294597268104553], [0.39735153317451477, 0.2679957151412964, 0.33465275168418884], [0.3979453444480896, 0.2589971721172333, 0.3430575430393219], [0.39848363399505615, 0.2583000361919403, 0.3432163596153259], [0.39385709166526794, 0.2668185234069824, 0.33932432532310486], [0.39891138672828674, 0.2649058997631073, 0.33618271350860596], [0.4020865559577942, 0.2588571012020111, 0.3390563130378723], [0.3960507810115814, 0.26539382338523865, 0.3385554552078247], [0.40906065702438354, 0.26023268699645996, 0.3307066559791565], [0.39061781764030457, 0.26763221621513367, 0.3417499363422394], [0.39581871032714844, 0.26199936866760254, 0.34218186140060425], [0.39308246970176697, 0.2639065682888031, 0.34301093220710754], [0.4045172333717346, 0.2609819173812866, 0.33450087904930115], [0.3943425714969635, 0.26352399587631226, 0.342133492231369], [0.3975885212421417, 0.2713247239589691, 0.33108678460121155], [0.39419645071029663, 0.26367107033729553, 0.34213247895240784], [0.3940485417842865, 0.2654140889644623, 0.3405373692512512], [0.4000951647758484, 0.25765836238861084, 0.34224650263786316], [0.39575472474098206, 0.2678191065788269, 0.33642616868019104], [0.39577507972717285, 0.2651992440223694, 0.3390256464481354]], "phq_pred_log1p": [0.9390416741371155, 0.932630717754364, 0.9320120811462402, 0.9435038566589355, 0.9534461498260498, 0.975368082523346, 0.9429701566696167, 0.9667499661445618, 0.952445924282074, 0.9449949860572815, 0.961970329284668, 0.947058379650116, 0.9299352169036865, 0.9353126883506775, 0.9506417512893677, 0.9450252056121826, 0.95134437084198, 0.9164218902587891, 0.9725580215454102, 0.9610294103622437, 0.9333847761154175, 0.973834753036499, 0.9274108409881592], "phq_true_log1p": [2.5649492740631104, 2.079441547393799, 1.0986123085021973, 2.079441547393799, 1.0986123085021973, 1.0986123085021973, 2.079441547393799, 1.0986123085021973, 1.0986123085021973, 2.079441547393799, 1.0986123085021973, 2.079441547393799, 1.0986123085021973, 1.0986123085021973, 2.079441547393799, 1.0986123085021973, 1.0986123085021973, 2.079441547393799, 1.0986123085021973, 2.079441547393799, 1.0986123085021973, 1.0986123085021973, 1.0986123085021973], "y_true": [2, 1, 0, 1, 0, 0, 1, 0, 0, 1, 0, 1, 0, 0, 1, 0, 0, 1, 0, 1, 0, 0, 0], "y_pred": [0, 0, 0, 0, 0, 0, 0, 0, 0, 0, 0, 0, 0, 0, 0, 0, 0, 0, 0, 0, 0, 0, 0]}