{"ckpt": "checkpoints/Track1/A-V-P/ternary/pipeline__A_VpP__opensmile__openface__bilstm_mean__frozen_val_seed2026/best_model_2026-05-15-22.36.25.pth", "track": "Track1", "task": "ternary", "subtrack": "A-V+P", "audio_feature": "opensmile", "video_feature": "openface", "encoder_type": "bilstm_mean", "seed": 2026, "experiment_name": "pipeline__A_VpP__opensmile__openface__bilstm_mean__frozen_val_seed2026", "val": {"acc": 0.6666666666666666, "f1": 0.4444444444444445, "kappa": 0.32500000000000007, "ccc": 0.44945612989863026, "rmse": 0.6823246156577352, "mae": 0.4842331012090047, "confusion_matrix": [[5, 1, 0], [0, 1, 1], [1, 0, 0]], "selection_score": 0.4444444444444445, "r2": 0.217852237095703, "cls_loss": 1.3038099341922336, "reg_loss": 0.46556687023904586, "loss": 1.7693768077426486}, "metric_split": "val", "test": {"acc": 0.4782608695652174, "f1": 0.22916666666666666, "kappa": -0.09960159362549792, "ccc": 0.2694345079567502, "rmse": 0.6405343141890865, "mae": 0.4917147185491479, "confusion_matrix": [[11, 2, 1], [7, 0, 1], [0, 1, 0]], "selection_score": 0.22916666666666666, "r2": -0.5532318817888373}, "ids": [1, 6, 8, 13, 18, 24, 26, 32, 33, 35, 45, 48, 51, 59, 69, 70, 83, 86, 91, 92, 97, 106, 117], "probs": [[0.08526190370321274, 0.5546636581420898, 0.3600744307041168], [0.4886440932750702, 0.35666394233703613, 0.15469200909137726], [0.4699493944644928, 0.36186373233795166, 0.16818682849407196], [0.16759009659290314, 0.304259717464447, 0.528150200843811], [0.24620746076107025, 0.591762125492096, 0.1620304435491562], [0.8887549042701721, 0.08830709755420685, 0.022938013076782227], [0.9086103439331055, 0.042479779571294785, 0.04890986904501915], [0.9219130873680115, 0.05845417454838753, 0.01963278464972973], [0.09018635749816895, 0.40467384457588196, 0.5051398277282715], [0.6313803195953369, 0.255402147769928, 0.11321750283241272], [0.7646312117576599, 0.09292683750391006, 0.14244189858436584], [0.9710032939910889, 0.01412925310432911, 0.014867524616420269], [0.5238685607910156, 0.26556551456451416, 0.21056587994098663], [0.30678004026412964, 0.522858202457428, 0.1703617423772812], [0.6783093810081482, 0.09315226227045059, 0.22853834927082062], [0.9123589992523193, 0.056691594421863556, 0.030949454754590988], [0.9436532855033875, 0.033313095569610596, 0.023033561185002327], [0.560964047908783, 0.2446935623884201, 0.19434240460395813], [0.7061005234718323, 0.05601028352975845, 0.23788918554782867], [0.8127706050872803, 0.1520479917526245, 0.03518140688538551], [0.9022819399833679, 0.05033779889345169, 0.0473802275955677], [0.8356493711471558, 0.09346017241477966, 0.07089044898748398], [0.937044620513916, 0.02452150732278824, 0.038433901965618134]], "phq_pred_log1p": [2.595494508743286, 1.9119940996170044, 2.023226022720337, 2.1773195266723633, 1.9242024421691895, 0.9605613946914673, 0.9713013172149658, 0.7904858589172363, 1.7732360363006592, 1.384721040725708, 1.7359881401062012, 0.4104500412940979, 1.8223545551300049, 1.2470604181289673, 1.941604733467102, 1.101839303970337, 0.622062087059021, 1.6763135194778442, 1.6826707124710083, 1.0992522239685059, 1.2996093034744263, 1.1793310642242432, 0.8041733503341675], "phq_true_log1p": [2.5649492740631104, 2.079441547393799, 1.0986123085021973, 2.079441547393799, 1.0986123085021973, 1.0986123085021973, 2.079441547393799, 1.0986123085021973, 1.0986123085021973, 2.079441547393799, 1.0986123085021973, 2.079441547393799, 1.0986123085021973, 1.0986123085021973, 2.079441547393799, 1.0986123085021973, 1.0986123085021973, 2.079441547393799, 1.0986123085021973, 2.079441547393799, 1.0986123085021973, 1.0986123085021973, 1.0986123085021973], "y_true": [2, 1, 0, 1, 0, 0, 1, 0, 0, 1, 0, 1, 0, 0, 1, 0, 0, 1, 0, 1, 0, 0, 0], "y_pred": [1, 0, 0, 2, 1, 0, 0, 0, 2, 0, 0, 0, 0, 1, 0, 0, 0, 0, 0, 0, 0, 0, 0]}