{"ckpt": "checkpoints/Track1/A-V-P/ternary/pipeline__A_VpP__opensmile__openface__bilstm_mean__fold1_seed42/best_model_2026-05-16-00.27.07.pth", "track": "Track1", "task": "ternary", "subtrack": "A-V+P", "audio_feature": "opensmile", "video_feature": "openface", "encoder_type": "bilstm_mean", "seed": 42, "experiment_name": "pipeline__A_VpP__opensmile__openface__bilstm_mean__fold1_seed42", "val": {"acc": 0.7222222222222222, "f1": 0.44252873563218387, "kappa": 0.18918918918918914, "ccc": -0.049942040746535424, "rmse": 0.9914522356005729, "mae": 0.8252201411459181, "confusion_matrix": [[12, 0, 1], [2, 1, 0], [2, 0, 0]], "selection_score": 0.44252873563218387, "r2": -0.24850917138638806, "cls_loss": 1.693040809697575, "reg_loss": 0.9829775028758578, "loss": 2.6760182910495334}, "metric_split": "val", "test": {"acc": 0.6086956521739131, "f1": 0.36062861869313484, "kappa": 0.17200000000000004, "ccc": 0.15722229711899566, "rmse": 0.7770779463737204, "mae": 0.6208111909420594, "confusion_matrix": [[12, 2, 0], [5, 2, 1], [0, 1, 0]], "selection_score": 0.36062861869313484, "r2": -1.2860233555295895}, "ids": [1, 6, 8, 13, 18, 24, 26, 32, 33, 35, 45, 48, 51, 59, 69, 70, 83, 86, 91, 92, 97, 106, 117], "probs": [[0.06191191449761391, 0.6796340346336365, 0.2584540843963623], [0.03664237633347511, 0.48308172821998596, 0.4802759289741516], [0.14809700846672058, 0.544711172580719, 0.3071918487548828], [0.9273675680160522, 0.03236394375562668, 0.040268465876579285], [0.08951252698898315, 0.5553755164146423, 0.3551119863986969], [0.9356400370597839, 0.04553142562508583, 0.018828539177775383], [0.32197943329811096, 0.4703061580657959, 0.20771446824073792], [0.9899058938026428, 0.006031914614140987, 0.004062263295054436], [0.969658613204956, 0.0171172134578228, 0.013224111869931221], [0.9138965606689453, 0.04033215716481209, 0.045771293342113495], [0.4415759742259979, 0.388841837644577, 0.16958215832710266], [0.9923790693283081, 0.003492710879072547, 0.004128259606659412], [0.8367711901664734, 0.07913234829902649, 0.08409637957811356], [0.9649351835250854, 0.016583938151597977, 0.018480859696865082], [0.309389591217041, 0.33661648631095886, 0.3539939820766449], [0.8513669371604919, 0.08693959563970566, 0.061693452298641205], [0.9904801249504089, 0.004258990287780762, 0.00526097696274519], [0.9878024458885193, 0.0065944744274020195, 0.005603021010756493], [0.5195890069007874, 0.2665989100933075, 0.21381205320358276], [0.972550630569458, 0.018400153145194054, 0.009049189276993275], [0.9647049307823181, 0.021033726632595062, 0.014261371456086636], [0.9720247983932495, 0.01422406267374754, 0.013751157559454441], [0.9881199598312378, 0.006105855107307434, 0.005774188321083784]], "phq_pred_log1p": [2.311728000640869, 2.228893756866455, 2.1451635360717773, 1.319569706916809, 2.257233142852783, 1.1534932851791382, 1.6982132196426392, 0.6397098898887634, 0.8423933982849121, 0.9359633922576904, 1.9413421154022217, 0.2627745568752289, 1.428473711013794, 0.7366336584091187, 1.9595637321472168, 1.4313565492630005, 0.2267051786184311, 0.6730841398239136, 1.848525881767273, 1.087384819984436, 1.1808037757873535, 1.004516839981079, 0.48276177048683167], "phq_true_log1p": [2.5649492740631104, 2.079441547393799, 1.0986123085021973, 2.079441547393799, 1.0986123085021973, 1.0986123085021973, 2.079441547393799, 1.0986123085021973, 1.0986123085021973, 2.079441547393799, 1.0986123085021973, 2.079441547393799, 1.0986123085021973, 1.0986123085021973, 2.079441547393799, 1.0986123085021973, 1.0986123085021973, 2.079441547393799, 1.0986123085021973, 2.079441547393799, 1.0986123085021973, 1.0986123085021973, 1.0986123085021973], "y_true": [2, 1, 0, 1, 0, 0, 1, 0, 0, 1, 0, 1, 0, 0, 1, 0, 0, 1, 0, 1, 0, 0, 0], "y_pred": [1, 1, 1, 0, 1, 0, 1, 0, 0, 0, 0, 0, 0, 0, 2, 0, 0, 0, 0, 0, 0, 0, 0]}