{"ckpt": "checkpoints/Track1/A-V-G+P/ternary/pipeline__A_V_GpP__mfcc__openface__bilstm_mean__fold4_seed42/best_model_2026-05-16-00.43.23.pth", "track": "Track1", "task": "ternary", "subtrack": "A-V-G+P", "audio_feature": "mfcc", "video_feature": "openface", "encoder_type": "bilstm_mean", "seed": 42, "experiment_name": "pipeline__A_V_GpP__mfcc__openface__bilstm_mean__fold4_seed42", "val": {"acc": 0.7058823529411765, "f1": 0.4382716049382716, "kappa": 0.19047619047619047, "ccc": 0.07670091496369466, "rmse": 0.8593445847766028, "mae": 0.7460756073979771, "confusion_matrix": [[11, 0, 1], [3, 0, 0], [1, 0, 1]], "selection_score": 0.4382716049382716, "r2": -0.45684074902952587, "cls_loss": 1.11769299121464, "reg_loss": 0.7384731248021126, "loss": 1.8561661155784832}, "metric_split": "val", "test": {"acc": 0.6086956521739131, "f1": 0.37777777777777777, "kappa": 0.16867469879518082, "ccc": 0.15268831291429055, "rmse": 0.7237904792010821, "mae": 0.5613185659698818, "confusion_matrix": [[11, 3, 0], [5, 3, 0], [0, 1, 0]], "selection_score": 0.37777777777777777, "r2": -0.983248925709304}, "ids": [1, 6, 8, 13, 18, 24, 26, 32, 33, 35, 45, 48, 51, 59, 69, 70, 83, 86, 91, 92, 97, 106, 117], "probs": [[0.14208176732063293, 0.5753293633460999, 0.2825888395309448], [0.38496237993240356, 0.4725075364112854, 0.14253009855747223], [0.6912100315093994, 0.2183910459280014, 0.09039891511201859], [0.16402922570705414, 0.4511938691139221, 0.3847769498825073], [0.3253883719444275, 0.5082932710647583, 0.1663183569908142], [0.9413480162620544, 0.04120246693491936, 0.017449552193284035], [0.9475246071815491, 0.03211687505245209, 0.02035847119987011], [0.6524375081062317, 0.2147875726222992, 0.1327749788761139], [0.6435171365737915, 0.195525661110878, 0.16095726191997528], [0.6742731928825378, 0.22455890476703644, 0.10116792470216751], [0.32533591985702515, 0.4031805396080017, 0.2714836001396179], [0.955312192440033, 0.022370632737874985, 0.022317126393318176], [0.12596355378627777, 0.5935561060905457, 0.28048035502433777], [0.911957859992981, 0.056657079607248306, 0.031385064125061035], [0.3349122703075409, 0.4664500653743744, 0.1986377090215683], [0.8114492297172546, 0.12390521168708801, 0.06464558839797974], [0.9545700550079346, 0.028784114867448807, 0.016645805910229683], [0.8351138830184937, 0.09413169324398041, 0.07075449079275131], [0.7691940069198608, 0.1132383868098259, 0.11756766587495804], [0.85169517993927, 0.09863946586847305, 0.04966540262103081], [0.8516190052032471, 0.08278648555278778, 0.06559447944164276], [0.8807466626167297, 0.07265191525220871, 0.04660140350461006], [0.7137025594711304, 0.16114822030067444, 0.12514926493167877]], "phq_pred_log1p": [2.2275609970092773, 1.6322683095932007, 1.4037147760391235, 1.971650242805481, 1.7750869989395142, 0.5000425577163696, 0.3729632794857025, 1.380021333694458, 1.332615852355957, 1.2728397846221924, 1.840834140777588, 0.3726345896720886, 2.012498617172241, 0.6877973079681396, 1.6931885480880737, 1.1423901319503784, 0.24053338170051575, 1.155739188194275, 1.4107469320297241, 1.196277379989624, 1.104343056678772, 0.927574634552002, 1.15033757686615], "phq_true_log1p": [2.5649492740631104, 2.079441547393799, 1.0986123085021973, 2.079441547393799, 1.0986123085021973, 1.0986123085021973, 2.079441547393799, 1.0986123085021973, 1.0986123085021973, 2.079441547393799, 1.0986123085021973, 2.079441547393799, 1.0986123085021973, 1.0986123085021973, 2.079441547393799, 1.0986123085021973, 1.0986123085021973, 2.079441547393799, 1.0986123085021973, 2.079441547393799, 1.0986123085021973, 1.0986123085021973, 1.0986123085021973], "y_true": [2, 1, 0, 1, 0, 0, 1, 0, 0, 1, 0, 1, 0, 0, 1, 0, 0, 1, 0, 1, 0, 0, 0], "y_pred": [1, 1, 0, 1, 1, 0, 0, 0, 0, 0, 1, 0, 1, 0, 1, 0, 0, 0, 0, 0, 0, 0, 0]}