{"ckpt": "checkpoints/Track2/G-P/binary/pipeline__GpP__mfcc__resnet__bilstm_mean__fold1_seed42/best_model_2026-05-16-01.29.33.pth", "track": "Track2", "task": "binary", "subtrack": "G+P", "audio_feature": "mfcc", "video_feature": "resnet", "encoder_type": "bilstm_mean", "seed": 42, "experiment_name": "pipeline__GpP__mfcc__resnet__bilstm_mean__fold1_seed42", "val": {"acc": 0.7222222222222222, "f1": 0.7213622291021672, "kappa": 0.4444444444444444, "ccc": -0.005700709001206709, "rmse": 0.8450422465112427, "mae": 0.7187268204159207, "confusion_matrix": [[7, 2], [3, 6]], "selection_score": 0.7213622291021672, "r2": -0.043576078400055396, "cls_loss": 0.6884735491540697, "reg_loss": 0.7140964104069604, "loss": 1.402569956249661}, "metric_split": "val", "test": {"acc": 0.4090909090909091, "f1": 0.3425287356321839, "kappa": -0.18181818181818188, "ccc": 0.0061388529036819125, "rmse": 0.524134641489625, "mae": 0.4960162260315635, "confusion_matrix": [[8, 3], [10, 1]], "selection_score": 0.3425287356321839, "r2": 0.004533385613429863}, "ids": [1, 5, 7, 13, 15, 22, 28, 33, 34, 40, 42, 44, 47, 58, 74, 83, 85, 89, 90, 93, 105, 110], "probs": [[0.5148654580116272, 0.4851345121860504], [0.5072475075721741, 0.4927524924278259], [0.5032585859298706, 0.496741384267807], [0.4927874207496643, 0.5072125792503357], [0.5010551810264587, 0.4989447593688965], [0.4968113601207733, 0.5031886696815491], [0.5038847327232361, 0.49611523747444153], [0.49056416749954224, 0.5094358325004578], [0.5052585601806641, 0.49474141001701355], [0.5052288174629211, 0.49477121233940125], [0.5118927955627441, 0.48810720443725586], [0.506898045539856, 0.49310192465782166], [0.5075994729995728, 0.49240049719810486], [0.5027702450752258, 0.4972297251224518], [0.5117366909980774, 0.4882632791996002], [0.5048824548721313, 0.49511751532554626], [0.5159273147583008, 0.4840726852416992], [0.5070385932922363, 0.49296140670776367], [0.5130274295806885, 0.4869726002216339], [0.5026232600212097, 0.4973767399787903], [0.5038584470748901, 0.49614161252975464], [0.4980483055114746, 0.5019516944885254]], "phq_pred_log1p": [1.5873360633850098, 1.5824859142303467, 1.6261454820632935, 1.6004480123519897, 1.610126256942749, 1.5493494272232056, 1.607509970664978, 1.6152061223983765, 1.5662447214126587, 1.599830985069275, 1.6104904413223267, 1.602272391319275, 1.5993852615356445, 1.6014647483825684, 1.6227413415908813, 1.621461272239685, 1.6109799146652222, 1.6269439458847046, 1.5905308723449707, 1.6245259046554565, 1.6176680326461792, 1.5708904266357422], "phq_true_log1p": [2.4849066734313965, 1.945910096168518, 1.945910096168518, 1.945910096168518, 1.945910096168518, 1.0986123085021973, 1.0986123085021973, 1.0986123085021973, 1.945910096168518, 1.0986123085021973, 1.945910096168518, 1.0986123085021973, 1.0986123085021973, 1.0986123085021973, 2.4849066734313965, 1.0986123085021973, 2.4849066734313965, 1.945910096168518, 1.945910096168518, 1.0986123085021973, 1.0986123085021973, 1.0986123085021973], "y_true": [1, 1, 1, 1, 1, 0, 0, 0, 1, 0, 1, 0, 0, 0, 1, 0, 1, 1, 1, 0, 0, 0], "y_pred": [0, 0, 0, 1, 0, 1, 0, 1, 0, 0, 0, 0, 0, 0, 0, 0, 0, 0, 0, 0, 0, 1]}