{"ckpt": "checkpoints/Track2/A-V-G+P/binary/pipeline__A_V_GpP__opensmile__resnet__bilstm_mean__fold0_seed42/best_model_2026-05-16-00.50.37.pth", "track": "Track2", "task": "binary", "subtrack": "A-V-G+P", "audio_feature": "opensmile", "video_feature": "resnet", "encoder_type": "bilstm_mean", "seed": 42, "experiment_name": "pipeline__A_V_GpP__opensmile__resnet__bilstm_mean__fold0_seed42", "val": {"acc": 0.7222222222222222, "f1": 0.7142857142857142, "kappa": 0.4444444444444444, "ccc": 0.05850747484367239, "rmse": 0.6454354359494793, "mae": 0.4812706708908081, "confusion_matrix": [[5, 4], [1, 8]], "selection_score": 0.7142857142857142, "r2": -0.20641886292419453, "cls_loss": 0.5938112404611375, "reg_loss": 0.41658689578374225, "loss": 1.0103981362448797}, "metric_split": "val", "test": {"acc": 0.2727272727272727, "f1": 0.2727272727272727, "kappa": -0.4545454545454546, "ccc": -0.04656974997589335, "rmse": 0.6241121690543125, "mae": 0.5322458798235113, "confusion_matrix": [[3, 8], [8, 3]], "selection_score": 0.2727272727272727, "r2": -0.4114525149806101}, "ids": [1, 5, 7, 13, 15, 22, 28, 33, 34, 40, 42, 44, 47, 58, 74, 83, 85, 89, 90, 93, 105, 110], "probs": [[0.016096508130431175, 0.9839035272598267], [0.5589917302131653, 0.4410082995891571], [0.6709416508674622, 0.32905831933021545], [0.5685497522354126, 0.431450217962265], [0.7228153944015503, 0.2771846055984497], [0.12138888984918594, 0.8786110877990723], [0.9012545347213745, 0.09874547272920609], [0.31746339797973633, 0.6825366020202637], [0.7206924557685852, 0.27930748462677], [0.5007554888725281, 0.4992445111274719], [0.3462090492248535, 0.6537908911705017], [0.4823063611984253, 0.5176936388015747], [0.19055844843387604, 0.8094415664672852], [0.4363101124763489, 0.5636898875236511], [0.754768967628479, 0.2452310472726822], [0.23022617399692535, 0.7697738409042358], [0.44946038722991943, 0.5505396127700806], [0.7144947052001953, 0.2855053246021271], [0.7878009080886841, 0.21219904720783234], [0.5328774452209473, 0.4671225845813751], [0.03221965208649635, 0.967780351638794], [0.16392819583415985, 0.8360718488693237]], "phq_pred_log1p": [2.2161409854888916, 1.7937254905700684, 1.824907898902893, 1.7979904413223267, 1.7460925579071045, 2.0521135330200195, 1.5037604570388794, 1.9577010869979858, 1.753343939781189, 1.79547917842865, 1.811677098274231, 1.8181324005126953, 1.8344210386276245, 1.8201770782470703, 1.7275856733322144, 1.9094101190567017, 1.895135760307312, 1.8287802934646606, 1.6994013786315918, 1.882907509803772, 2.174093723297119, 2.11872935295105], "phq_true_log1p": [2.4849066734313965, 1.945910096168518, 1.945910096168518, 1.945910096168518, 1.945910096168518, 1.0986123085021973, 1.0986123085021973, 1.0986123085021973, 1.945910096168518, 1.0986123085021973, 1.945910096168518, 1.0986123085021973, 1.0986123085021973, 1.0986123085021973, 2.4849066734313965, 1.0986123085021973, 2.4849066734313965, 1.945910096168518, 1.945910096168518, 1.0986123085021973, 1.0986123085021973, 1.0986123085021973], "y_true": [1, 1, 1, 1, 1, 0, 0, 0, 1, 0, 1, 0, 0, 0, 1, 0, 1, 1, 1, 0, 0, 0], "y_pred": [1, 0, 0, 0, 0, 1, 0, 1, 0, 0, 1, 1, 1, 1, 0, 1, 1, 0, 0, 0, 1, 1]}