{"ckpt": "checkpoints/Track1/A-V-G+P/binary/pipeline__A_V_GpP__wav2vec__openface__bilstm_mean__frozen_val_seed42/best_model_2026-05-15-21.31.50.pth", "track": "Track1", "task": "binary", "subtrack": "A-V-G+P", "audio_feature": "wav2vec", "video_feature": "openface", "encoder_type": "bilstm_mean", "seed": 42, "experiment_name": "pipeline__A_V_GpP__wav2vec__openface__bilstm_mean__frozen_val_seed42", "val": {"acc": 0.7777777777777778, "f1": 0.6785714285714286, "kappa": 0.3999999999999999, "ccc": 0.4171857697776712, "rmse": 0.5820467163263138, "mae": 0.4884452654255761, "confusion_matrix": [[6, 0], [2, 1]], "selection_score": 0.6785714285714286, "r2": 0.23675770446696387, "cls_loss": 0.6159690154923333, "reg_loss": 0.3387783683008618, "loss": 0.9547474053170946}, "metric_split": "val", "test": {"acc": 0.4782608695652174, "f1": 0.46923076923076923, "kappa": -0.05343511450381677, "ccc": 0.019628381137541194, "rmse": 0.6609233244280683, "mae": 0.5520854838516401, "confusion_matrix": [[7, 7], [5, 4]], "selection_score": 0.46923076923076923, "r2": -0.6536882969986197}, "ids": [1, 6, 8, 13, 18, 24, 26, 32, 33, 35, 45, 48, 51, 59, 69, 70, 83, 86, 91, 92, 97, 106, 117], "probs": [[0.08109839260578156, 0.9189016222953796], [0.20839351415634155, 0.7916064858436584], [0.19753775000572205, 0.8024622201919556], [0.32148557901382446, 0.6785144209861755], [0.2377469539642334, 0.7622530460357666], [0.6639203429222107, 0.3360796272754669], [0.7643807530403137, 0.23561923205852509], [0.8942314982414246, 0.10576850175857544], [0.18863986432552338, 0.8113601803779602], [0.6770004034042358, 0.32299959659576416], [0.3224581182003021, 0.6775418519973755], [0.9701664447784424, 0.02983352541923523], [0.30299925804138184, 0.6970008015632629], [0.4536699652671814, 0.5463300347328186], [0.2528795301914215, 0.7471204400062561], [0.5933061242103577, 0.40669387578964233], [0.9284383058547974, 0.07156166434288025], [0.8428655862808228, 0.15713438391685486], [0.46336573362350464, 0.5366342663764954], [0.8438261151313782, 0.15617388486862183], [0.589705228805542, 0.4102947413921356], [0.5697805285453796, 0.43021947145462036], [0.8913196921348572, 0.10868032276630402]], "phq_pred_log1p": [2.2216429710388184, 1.9291645288467407, 1.9600237607955933, 1.8152064085006714, 1.7784544229507446, 1.4034855365753174, 1.175561547279358, 0.9620883464813232, 1.5274369716644287, 1.1254470348358154, 1.8879109621047974, 0.47143855690956116, 1.8136037588119507, 1.4279729127883911, 1.926364779472351, 1.4861541986465454, 0.7423353791236877, 1.1283189058303833, 1.700731635093689, 1.1647449731826782, 1.4774155616760254, 1.5818638801574707, 1.0963572263717651], "phq_true_log1p": [2.5649492740631104, 2.079441547393799, 1.0986123085021973, 2.079441547393799, 1.0986123085021973, 1.0986123085021973, 2.079441547393799, 1.0986123085021973, 1.0986123085021973, 2.079441547393799, 1.0986123085021973, 2.079441547393799, 1.0986123085021973, 1.0986123085021973, 2.079441547393799, 1.0986123085021973, 1.0986123085021973, 2.079441547393799, 1.0986123085021973, 2.079441547393799, 1.0986123085021973, 1.0986123085021973, 1.0986123085021973], "y_true": [1, 1, 0, 1, 0, 0, 1, 0, 0, 1, 0, 1, 0, 0, 1, 0, 0, 1, 0, 1, 0, 0, 0], "y_pred": [1, 1, 1, 1, 1, 0, 0, 0, 1, 0, 1, 0, 1, 1, 1, 0, 0, 0, 1, 0, 0, 0, 0]}