{"ckpt": "checkpoints/Track1/A-V-G+P/binary/pipeline__A_V_GpP__opensmile__resnet__bilstm_mean__frozen_val_seed42/best_model_2026-05-15-21.28.28.pth", "track": "Track1", "task": "binary", "subtrack": "A-V-G+P", "audio_feature": "opensmile", "video_feature": "resnet", "encoder_type": "bilstm_mean", "seed": 42, "experiment_name": "pipeline__A_V_GpP__opensmile__resnet__bilstm_mean__frozen_val_seed42", "val": {"acc": 0.7777777777777778, "f1": 0.6785714285714286, "kappa": 0.3999999999999999, "ccc": 0.04086093023611998, "rmse": 0.6828238797312198, "mae": 0.5917094680998061, "confusion_matrix": [[6, 0], [2, 1]], "selection_score": 0.6785714285714286, "r2": -0.05042280985949721, "cls_loss": 0.6870119836595323, "reg_loss": 0.46624846590889824, "loss": 1.153260416454739}, "metric_split": "val", "test": {"acc": 0.4782608695652174, "f1": 0.3235294117647059, "kappa": -0.2432432432432432, "ccc": -0.40405554331824034, "rmse": 0.7295324918204763, "mae": 0.6228101590405339, "confusion_matrix": [[11, 3], [9, 0]], "selection_score": 0.3235294117647059, "r2": -1.014840973391026}, "ids": [1, 6, 8, 13, 18, 24, 26, 32, 33, 35, 45, 48, 51, 59, 69, 70, 83, 86, 91, 92, 97, 106, 117], "probs": [[0.5996752381324768, 0.4003247618675232], [0.6324648857116699, 0.36753517389297485], [0.5306150317192078, 0.46938496828079224], [0.5595476031303406, 0.44045236706733704], [0.6571589708328247, 0.3428410291671753], [0.645784854888916, 0.35421517491340637], [0.5248416662216187, 0.47515833377838135], [0.51012122631073, 0.4898788034915924], [0.5781146883964539, 0.42188534140586853], [0.7804129719734192, 0.2195870280265808], [0.6224102973937988, 0.3775896728038788], [0.6462598443031311, 0.3537401556968689], [0.5409346222877502, 0.45906537771224976], [0.47135937213897705, 0.528640627861023], [0.5949903726577759, 0.4050096273422241], [0.6417322754859924, 0.35826772451400757], [0.6239832639694214, 0.37601667642593384], [0.773291826248169, 0.22670818865299225], [0.47886011004447937, 0.5211398601531982], [0.5614223480224609, 0.4385776221752167], [0.5237014293670654, 0.47629857063293457], [0.5285107493400574, 0.4714892506599426], [0.48446688055992126, 0.5155330896377563]], "phq_pred_log1p": [1.2933025360107422, 1.2517340183258057, 1.5178266763687134, 1.523551106452942, 1.2199053764343262, 1.2270960807800293, 1.6083424091339111, 1.6880145072937012, 1.4555573463439941, 0.6129144430160522, 1.3359874486923218, 1.2131813764572144, 1.5878095626831055, 1.7973427772521973, 1.4029412269592285, 1.2268760204315186, 1.3660013675689697, 0.5184995532035828, 1.8639705181121826, 1.4771322011947632, 1.7347443103790283, 1.6846520900726318, 1.7005391120910645], "phq_true_log1p": [2.5649492740631104, 2.079441547393799, 1.0986123085021973, 2.079441547393799, 1.0986123085021973, 1.0986123085021973, 2.079441547393799, 1.0986123085021973, 1.0986123085021973, 2.079441547393799, 1.0986123085021973, 2.079441547393799, 1.0986123085021973, 1.0986123085021973, 2.079441547393799, 1.0986123085021973, 1.0986123085021973, 2.079441547393799, 1.0986123085021973, 2.079441547393799, 1.0986123085021973, 1.0986123085021973, 1.0986123085021973], "y_true": [1, 1, 0, 1, 0, 0, 1, 0, 0, 1, 0, 1, 0, 0, 1, 0, 0, 1, 0, 1, 0, 0, 0], "y_pred": [0, 0, 0, 0, 0, 0, 0, 0, 0, 0, 0, 0, 0, 1, 0, 0, 0, 0, 1, 0, 0, 0, 1]}