{"ckpt": "checkpoints/Track2/A-V-G+P/ternary/pipeline__A_V_GpP__mfcc__densenet__bilstm_mean__frozen_val_seed2026/best_model_2026-05-15-23.14.06.pth", "track": "Track2", "task": "ternary", "subtrack": "A-V-G+P", "audio_feature": "mfcc", "video_feature": "densenet", "encoder_type": "bilstm_mean", "seed": 2026, "experiment_name": "pipeline__A_V_GpP__mfcc__densenet__bilstm_mean__frozen_val_seed2026", "val": {"acc": 0.4444444444444444, "f1": 0.29523809523809524, "kappa": -0.022727272727272707, "ccc": -0.009719171778285685, "rmse": 0.5006515407282599, "mae": 0.4106992218229506, "confusion_matrix": [[3, 2, 0], [2, 1, 0], [0, 1, 0]], "selection_score": 0.29523809523809524, "r2": -0.020506367919871593, "cls_loss": 1.0889550646146138, "reg_loss": 0.2506519655386607, "loss": 1.3396070003509521}, "metric_split": "val", "test": {"acc": 0.6363636363636364, "f1": 0.4541062801932367, "kappa": 0.3529411764705882, "ccc": 0.012978736734666905, "rmse": 0.5223164782375118, "mae": 0.4928918318314986, "confusion_matrix": [[8, 3, 0], [2, 6, 0], [2, 1, 0]], "selection_score": 0.4541062801932367, "r2": 0.011427727141682276}, "ids": [1, 5, 7, 13, 15, 22, 28, 33, 34, 40, 42, 44, 47, 58, 74, 83, 85, 89, 90, 93, 105, 110], "probs": [[0.38653042912483215, 0.37869319319725037, 0.23477637767791748], [0.38399288058280945, 0.38648125529289246, 0.2295258790254593], [0.39195895195007324, 0.38475272059440613, 0.22328835725784302], [0.3866559863090515, 0.3896387815475464, 0.22370527684688568], [0.381986141204834, 0.3920087516307831, 0.22600507736206055], [0.3845408260822296, 0.3892020881175995, 0.2262570708990097], [0.38670164346694946, 0.3828558623790741, 0.23044249415397644], [0.38903728127479553, 0.3869638741016388, 0.22399885952472687], [0.3844785988330841, 0.393569678068161, 0.2219516932964325], [0.3880244493484497, 0.3848733901977539, 0.22710217535495758], [0.3866735100746155, 0.393121600151062, 0.22020484507083893], [0.3918280005455017, 0.38741636276245117, 0.2207556515932083], [0.3875110149383545, 0.3845617473125458, 0.22792726755142212], [0.3860880732536316, 0.3907533288002014, 0.223158597946167], [0.38676178455352783, 0.38809341192245483, 0.22514483332633972], [0.3838236927986145, 0.38820430636405945, 0.22797200083732605], [0.38938871026039124, 0.38644182682037354, 0.22416947782039642], [0.38492897152900696, 0.3941666781902313, 0.22090435028076172], [0.3901000916957855, 0.3893391191959381, 0.22056075930595398], [0.39371517300605774, 0.38758909702301025, 0.2186957448720932], [0.3926573693752289, 0.38449373841285706, 0.2228488326072693], [0.3956089913845062, 0.3852652609348297, 0.21912570297718048]], "phq_pred_log1p": [1.5881397724151611, 1.5870660543441772, 1.6111260652542114, 1.622084617614746, 1.6012468338012695, 1.570133090019226, 1.5882872343063354, 1.6375256776809692, 1.5944877862930298, 1.5912038087844849, 1.6066555976867676, 1.6247936487197876, 1.55233633518219, 1.599745750427246, 1.5980651378631592, 1.6240918636322021, 1.6064505577087402, 1.5914722681045532, 1.6145389080047607, 1.6044508218765259, 1.5590205192565918, 1.5760997533798218], "phq_true_log1p": [2.4849066734313965, 1.945910096168518, 1.945910096168518, 1.945910096168518, 1.945910096168518, 1.0986123085021973, 1.0986123085021973, 1.0986123085021973, 1.945910096168518, 1.0986123085021973, 1.945910096168518, 1.0986123085021973, 1.0986123085021973, 1.0986123085021973, 2.4849066734313965, 1.0986123085021973, 2.4849066734313965, 1.945910096168518, 1.945910096168518, 1.0986123085021973, 1.0986123085021973, 1.0986123085021973], "y_true": [2, 1, 1, 1, 1, 0, 0, 0, 1, 0, 1, 0, 0, 0, 2, 0, 2, 1, 1, 0, 0, 0], "y_pred": [0, 1, 0, 1, 1, 1, 0, 0, 1, 0, 1, 0, 0, 1, 1, 1, 0, 1, 0, 0, 0, 0]}