{"ckpt": "checkpoints/Track2/A-V-G+P/ternary/pipeline__A_V_GpP__wav2vec__openface__bilstm_mean__frozen_val_seed42/best_model_2026-05-15-23.25.49.pth", "track": "Track2", "task": "ternary", "subtrack": "A-V-G+P", "audio_feature": "wav2vec", "video_feature": "openface", "encoder_type": "bilstm_mean", "seed": 42, "experiment_name": "pipeline__A_V_GpP__wav2vec__openface__bilstm_mean__frozen_val_seed42", "val": {"acc": 0.6666666666666666, "f1": 0.4646464646464647, "kappa": 0.3571428571428572, "ccc": 0.1185340748462484, "rmse": 0.6123744754597101, "mae": 0.4843044810824924, "confusion_matrix": [[4, 1, 0], [1, 2, 0], [1, 0, 0]], "selection_score": 0.4646464646464647, "r2": -0.5267880985364539, "cls_loss": 1.1429913971159193, "reg_loss": 0.37500248352686566, "loss": 1.517993900511}, "metric_split": "val", "test": {"acc": 0.3181818181818182, "f1": 0.22647527910685805, "kappa": -0.19999999999999996, "ccc": -0.054177135282915664, "rmse": 0.685546308162667, "mae": 0.5669795897873965, "confusion_matrix": [[4, 7, 0], [5, 3, 0], [2, 1, 0]], "selection_score": 0.22647527910685805, "r2": -0.7029996686688842}, "ids": [1, 5, 7, 13, 15, 22, 28, 33, 34, 40, 42, 44, 47, 58, 74, 83, 85, 89, 90, 93, 105, 110], "probs": [[0.4231002926826477, 0.40311169624328613, 0.17378799617290497], [0.5320276618003845, 0.3047778606414795, 0.16319452226161957], [0.5590358376502991, 0.2891285717487335, 0.15183556079864502], [0.340882271528244, 0.5581607818603516, 0.10095691680908203], [0.4973381757736206, 0.34421858191490173, 0.15844327211380005], [0.32146167755126953, 0.5522454380989075, 0.1262928545475006], [0.3760659396648407, 0.5025696754455566, 0.12136436998844147], [0.5135360360145569, 0.3011324405670166, 0.1853315532207489], [0.5058700442314148, 0.2865155339241028, 0.20761437714099884], [0.39923185110092163, 0.4810543358325958, 0.11971388757228851], [0.44024911522865295, 0.4153025150299072, 0.1444484144449234], [0.35505956411361694, 0.5177193880081177, 0.127221018075943], [0.3367171287536621, 0.5279972553253174, 0.1352856308221817], [0.4090718626976013, 0.473491370677948, 0.11743678897619247], [0.4553578197956085, 0.4352664351463318, 0.1093757376074791], [0.33987942337989807, 0.4788814187049866, 0.18123920261859894], [0.34381359815597534, 0.5377171039581299, 0.11846929043531418], [0.3194146156311035, 0.5524695515632629, 0.12811586260795593], [0.42829614877700806, 0.42866766452789307, 0.1430361121892929], [0.5401484370231628, 0.3057165741920471, 0.15413492918014526], [0.4981103837490082, 0.3668332099914551, 0.13505646586418152], [0.48809513449668884, 0.34034040570259094, 0.171564519405365]], "phq_pred_log1p": [1.4270720481872559, 0.9923402667045593, 0.7965708374977112, 1.3808684349060059, 1.081117868423462, 1.5437922477722168, 1.3482074737548828, 1.1114311218261719, 1.0500202178955078, 1.3231098651885986, 1.1844426393508911, 1.4616954326629639, 1.561509609222412, 1.2547481060028076, 1.097771406173706, 1.5612366199493408, 1.4466032981872559, 1.5713399648666382, 1.282376766204834, 0.8794630169868469, 1.0018455982208252, 1.167938232421875], "phq_true_log1p": [2.4849066734313965, 1.945910096168518, 1.945910096168518, 1.945910096168518, 1.945910096168518, 1.0986123085021973, 1.0986123085021973, 1.0986123085021973, 1.945910096168518, 1.0986123085021973, 1.945910096168518, 1.0986123085021973, 1.0986123085021973, 1.0986123085021973, 2.4849066734313965, 1.0986123085021973, 2.4849066734313965, 1.945910096168518, 1.945910096168518, 1.0986123085021973, 1.0986123085021973, 1.0986123085021973], "y_true": [2, 1, 1, 1, 1, 0, 0, 0, 1, 0, 1, 0, 0, 0, 2, 0, 2, 1, 1, 0, 0, 0], "y_pred": [0, 0, 0, 1, 0, 1, 1, 0, 0, 1, 0, 1, 1, 1, 0, 1, 1, 1, 1, 0, 0, 0]}