{"ckpt": "checkpoints/Track2/A-V-P/binary/pipeline__A_VpP__wav2vec__resnet__bilstm_mean__fold3_seed42/best_model_2026-05-16-01.03.52.pth", "track": "Track2", "task": "binary", "subtrack": "A-V+P", "audio_feature": "wav2vec", "video_feature": "resnet", "encoder_type": "bilstm_mean", "seed": 42, "experiment_name": "pipeline__A_VpP__wav2vec__resnet__bilstm_mean__fold3_seed42", "val": {"acc": 0.5882352941176471, "f1": 0.5296442687747036, "kappa": 0.14388489208633082, "ccc": -0.01621177126242507, "rmse": 0.6934536268081133, "mae": 0.533543537644779, "confusion_matrix": [[8, 1], [6, 2]], "selection_score": 0.5296442687747036, "r2": -0.019295359067865947, "cls_loss": 0.69542435688131, "reg_loss": 0.48087793413330526, "loss": 1.176302292767693}, "metric_split": "val", "test": {"acc": 0.5454545454545454, "f1": 0.4270833333333333, "kappa": 0.09090909090909094, "ccc": 0.03286926946284294, "rmse": 0.5219485881431796, "mae": 0.49046638878909027, "confusion_matrix": [[11, 0], [10, 1]], "selection_score": 0.4270833333333333, "r2": 0.012819825158842724}, "ids": [1, 5, 7, 13, 15, 22, 28, 33, 34, 40, 42, 44, 47, 58, 74, 83, 85, 89, 90, 93, 105, 110], "probs": [[0.485381156206131, 0.5146188735961914], [0.5097155570983887, 0.49028441309928894], [0.5052962899208069, 0.49470365047454834], [0.5063452124595642, 0.4936547577381134], [0.5117532014846802, 0.4882468283176422], [0.5096462965011597, 0.4903537333011627], [0.5078306794166565, 0.4921693503856659], [0.5030894875526428, 0.4969105124473572], [0.5077804923057556, 0.4922195374965668], [0.5105643272399902, 0.48943567276000977], [0.5039889216423035, 0.49601107835769653], [0.5118169784545898, 0.48818299174308777], [0.5052095055580139, 0.4947904944419861], [0.5142996311187744, 0.4857003688812256], [0.5120912790298462, 0.4879086911678314], [0.5022627711296082, 0.49773719906806946], [0.5092401504516602, 0.49075984954833984], [0.5066660046577454, 0.49333399534225464], [0.5105792880058289, 0.48942071199417114], [0.5110095739364624, 0.4889904856681824], [0.5082462430000305, 0.4917537569999695], [0.516994833946228, 0.4830051362514496]], "phq_pred_log1p": [1.5944581031799316, 1.5064696073532104, 1.530030369758606, 1.5327069759368896, 1.5000287294387817, 1.53755521774292, 1.5294384956359863, 1.5034974813461304, 1.5276392698287964, 1.519836664199829, 1.5539813041687012, 1.5035789012908936, 1.5247998237609863, 1.4849209785461426, 1.5268323421478271, 1.4971680641174316, 1.5225015878677368, 1.5346097946166992, 1.5022985935211182, 1.5257289409637451, 1.5330045223236084, 1.5250227451324463], "phq_true_log1p": [2.4849066734313965, 1.945910096168518, 1.945910096168518, 1.945910096168518, 1.945910096168518, 1.0986123085021973, 1.0986123085021973, 1.0986123085021973, 1.945910096168518, 1.0986123085021973, 1.945910096168518, 1.0986123085021973, 1.0986123085021973, 1.0986123085021973, 2.4849066734313965, 1.0986123085021973, 2.4849066734313965, 1.945910096168518, 1.945910096168518, 1.0986123085021973, 1.0986123085021973, 1.0986123085021973], "y_true": [1, 1, 1, 1, 1, 0, 0, 0, 1, 0, 1, 0, 0, 0, 1, 0, 1, 1, 1, 0, 0, 0], "y_pred": [1, 0, 0, 0, 0, 0, 0, 0, 0, 0, 0, 0, 0, 0, 0, 0, 0, 0, 0, 0, 0, 0]}