{"ckpt": "checkpoints/Track2/A-V-G+P/binary/pipeline__A_V_GpP__opensmile__resnet__bilstm_mean__fold1_seed42/best_model_2026-05-16-00.50.37.pth", "track": "Track2", "task": "binary", "subtrack": "A-V-G+P", "audio_feature": "opensmile", "video_feature": "resnet", "encoder_type": "bilstm_mean", "seed": 42, "experiment_name": "pipeline__A_V_GpP__opensmile__resnet__bilstm_mean__fold1_seed42", "val": {"acc": 0.5555555555555556, "f1": 0.5, "kappa": 0.11111111111111116, "ccc": -0.03676008364114099, "rmse": 0.8640375697345232, "mae": 0.7324213981628418, "confusion_matrix": [[8, 1], [7, 2]], "selection_score": 0.5, "r2": -0.09101953312509892, "cls_loss": 0.6978440682093302, "reg_loss": 0.7465609312057495, "loss": 1.4444050126605563}, "metric_split": "val", "test": {"acc": 0.45454545454545453, "f1": 0.37142857142857144, "kappa": -0.09090909090909083, "ccc": 0.022222775191699556, "rmse": 0.5221712975699925, "mae": 0.49345534498041327, "confusion_matrix": [[9, 2], [10, 1]], "selection_score": 0.37142857142857144, "r2": 0.011977208699882058}, "ids": [1, 5, 7, 13, 15, 22, 28, 33, 34, 40, 42, 44, 47, 58, 74, 83, 85, 89, 90, 93, 105, 110], "probs": [[0.4744141101837158, 0.5255858898162842], [0.501422643661499, 0.498577356338501], [0.5099789500236511, 0.4900210201740265], [0.5041168332099915, 0.49588319659233093], [0.5117933750152588, 0.48820656538009644], [0.5087345838546753, 0.4912653863430023], [0.5131970047950745, 0.48680299520492554], [0.5059251189231873, 0.49407491087913513], [0.5190027356147766, 0.4809972941875458], [0.49267616868019104, 0.5073238611221313], [0.5103147625923157, 0.48968520760536194], [0.5241794586181641, 0.47582054138183594], [0.4861939251422882, 0.5138061046600342], [0.5115920901298523, 0.4884078800678253], [0.5071808695793152, 0.4928191900253296], [0.5054562091827393, 0.49454379081726074], [0.517181932926178, 0.48281803727149963], [0.5174634456634521, 0.48253655433654785], [0.5124770402908325, 0.4875229597091675], [0.5179067850112915, 0.4820931851863861], [0.508966326713562, 0.4910336434841156], [0.5152128338813782, 0.4847871959209442]], "phq_pred_log1p": [1.7691534757614136, 1.5992470979690552, 1.6766804456710815, 1.6197431087493896, 1.6469415426254272, 1.596011757850647, 1.6071325540542603, 1.6155949831008911, 1.6080559492111206, 1.6232080459594727, 1.645767092704773, 1.6114593744277954, 1.6507514715194702, 1.6144028902053833, 1.608458161354065, 1.639915943145752, 1.5844007730484009, 1.637722373008728, 1.6089271306991577, 1.6768498420715332, 1.624288558959961, 1.664233922958374], "phq_true_log1p": [2.4849066734313965, 1.945910096168518, 1.945910096168518, 1.945910096168518, 1.945910096168518, 1.0986123085021973, 1.0986123085021973, 1.0986123085021973, 1.945910096168518, 1.0986123085021973, 1.945910096168518, 1.0986123085021973, 1.0986123085021973, 1.0986123085021973, 2.4849066734313965, 1.0986123085021973, 2.4849066734313965, 1.945910096168518, 1.945910096168518, 1.0986123085021973, 1.0986123085021973, 1.0986123085021973], "y_true": [1, 1, 1, 1, 1, 0, 0, 0, 1, 0, 1, 0, 0, 0, 1, 0, 1, 1, 1, 0, 0, 0], "y_pred": [1, 0, 0, 0, 0, 0, 0, 0, 0, 1, 0, 0, 1, 0, 0, 0, 0, 0, 0, 0, 0, 0]}