{"ckpt": "checkpoints/Track1/A-V-P/ternary/pipeline__A_VpP__opensmile__openface__bilstm_mean__fold3_seed42/best_model_2026-05-16-00.28.41.pth", "track": "Track1", "task": "ternary", "subtrack": "A-V+P", "audio_feature": "opensmile", "video_feature": "openface", "encoder_type": "bilstm_mean", "seed": 42, "experiment_name": "pipeline__A_VpP__opensmile__openface__bilstm_mean__fold3_seed42", "val": {"acc": 0.5882352941176471, "f1": 0.37333333333333335, "kappa": 0.03252032520325199, "ccc": -0.20398497358175574, "rmse": 1.0137080814270796, "mae": 0.7797683512463289, "confusion_matrix": [[9, 1, 2], [2, 1, 0], [2, 0, 0]], "selection_score": 0.37333333333333335, "r2": -0.7949696691140271, "cls_loss": 1.365422942182597, "reg_loss": 1.0276040566318176, "loss": 2.3930270268636593}, "metric_split": "val", "test": {"acc": 0.6521739130434783, "f1": 0.3737373737373737, "kappa": 0.20346320346320357, "ccc": -0.0585271249412764, "rmse": 0.749938374103254, "mae": 0.594743637934975, "confusion_matrix": [[13, 1, 0], [6, 2, 0], [0, 1, 0]], "selection_score": 0.3737373737373737, "r2": -1.1291323042611685}, "ids": [1, 6, 8, 13, 18, 24, 26, 32, 33, 35, 45, 48, 51, 59, 69, 70, 83, 86, 91, 92, 97, 106, 117], "probs": [[0.26644888520240784, 0.45140713453292847, 0.2821440100669861], [0.2921714782714844, 0.41304969787597656, 0.29477888345718384], [0.47677120566368103, 0.32258161902427673, 0.20064711570739746], [0.5116230249404907, 0.2689066529273987, 0.2194703072309494], [0.38714084029197693, 0.3626231849193573, 0.25023603439331055], [0.7333751916885376, 0.1706996113061905, 0.0959252268075943], [0.8281489610671997, 0.10953350365161896, 0.06231755390763283], [0.6283628940582275, 0.24747009575366974, 0.12416701763868332], [0.5249582529067993, 0.2882927358150482, 0.18674898147583008], [0.7521491646766663, 0.14533838629722595, 0.10251253098249435], [0.4043063819408417, 0.33691874146461487, 0.2587748169898987], [0.8592061400413513, 0.08037247508764267, 0.0604214183986187], [0.4405328035354614, 0.33472704887390137, 0.22474007308483124], [0.548158586025238, 0.2820894718170166, 0.16975192725658417], [0.35038378834724426, 0.35703739523887634, 0.2925788164138794], [0.41484346985816956, 0.3519342839717865, 0.23322226107120514], [0.8524845242500305, 0.08910110592842102, 0.05841437727212906], [0.6779997944831848, 0.18592089414596558, 0.13607923686504364], [0.415889173746109, 0.3010607063770294, 0.2830500900745392], [0.5754314661026001, 0.27769577503204346, 0.14687278866767883], [0.3639151155948639, 0.36724451184272766, 0.26884037256240845], [0.536702573299408, 0.3014601171016693, 0.16183732450008392], [0.5733466744422913, 0.25475069880485535, 0.1719026267528534]], "phq_pred_log1p": [1.8745617866516113, 1.7295528650283813, 1.437217116355896, 1.418766975402832, 1.6178390979766846, 0.8470985889434814, 0.3644312024116516, 1.0350315570831299, 1.200326919555664, 0.7405920028686523, 1.6927204132080078, 0.482949435710907, 1.4644889831542969, 1.1205629110336304, 1.805669903755188, 1.6049144268035889, 0.30268973112106323, 1.0580893754959106, 1.744465708732605, 1.1955369710922241, 1.7427699565887451, 1.2188916206359863, 1.2782937288284302], "phq_true_log1p": [2.5649492740631104, 2.079441547393799, 1.0986123085021973, 2.079441547393799, 1.0986123085021973, 1.0986123085021973, 2.079441547393799, 1.0986123085021973, 1.0986123085021973, 2.079441547393799, 1.0986123085021973, 2.079441547393799, 1.0986123085021973, 1.0986123085021973, 2.079441547393799, 1.0986123085021973, 1.0986123085021973, 2.079441547393799, 1.0986123085021973, 2.079441547393799, 1.0986123085021973, 1.0986123085021973, 1.0986123085021973], "y_true": [2, 1, 0, 1, 0, 0, 1, 0, 0, 1, 0, 1, 0, 0, 1, 0, 0, 1, 0, 1, 0, 0, 0], "y_pred": [1, 1, 0, 0, 0, 0, 0, 0, 0, 0, 0, 0, 0, 0, 1, 0, 0, 0, 0, 0, 1, 0, 0]}