{"ckpt": "checkpoints/Track1/A-V-P/binary/pipeline__A_VpP__wav2vec__resnet__bilstm_mean__frozen_val_seed2026/best_model_2026-05-15-21.23.24.pth", "track": "Track1", "task": "binary", "subtrack": "A-V+P", "audio_feature": "wav2vec", "video_feature": "resnet", "encoder_type": "bilstm_mean", "seed": 2026, "experiment_name": "pipeline__A_VpP__wav2vec__resnet__bilstm_mean__frozen_val_seed2026", "val": {"acc": 0.7777777777777778, "f1": 0.6785714285714286, "kappa": 0.3999999999999999, "ccc": -0.016293597857536687, "rmse": 0.7319030413824507, "mae": 0.6889273193147447, "confusion_matrix": [[6, 0], [2, 1]], "selection_score": 0.6785714285714286, "r2": -0.20685153132207534, "cls_loss": 0.6580476495954726, "reg_loss": 0.5356820457511478, "loss": 1.193729731771681}, "metric_split": "val", "test": {"acc": 0.5652173913043478, "f1": 0.3611111111111111, "kappa": -0.08490566037735858, "ccc": -0.20977194005221567, "rmse": 0.6388024623574793, "mae": 0.6034361642339955, "confusion_matrix": [[13, 1], [9, 0]], "selection_score": 0.3611111111111111, "r2": -0.5448441001976954}, "ids": [1, 6, 8, 13, 18, 24, 26, 32, 33, 35, 45, 48, 51, 59, 69, 70, 83, 86, 91, 92, 97, 106, 117], "probs": [[0.6025753021240234, 0.39742469787597656], [0.5766711235046387, 0.42332887649536133], [0.6066954731941223, 0.3933045268058777], [0.5562402009963989, 0.44375985860824585], [0.6593935489654541, 0.3406065106391907], [0.5787638425827026, 0.42123618721961975], [0.5210838913917542, 0.4789160490036011], [0.5898514986038208, 0.4101485013961792], [0.5210525393486023, 0.4789474308490753], [0.6709873080253601, 0.3290126919746399], [0.5559764504432678, 0.4440235197544098], [0.5896273851394653, 0.41037261486053467], [0.599770724773407, 0.400229275226593], [0.522736668586731, 0.47726336121559143], [0.5596523880958557, 0.44034767150878906], [0.5947000980377197, 0.4052998721599579], [0.5081392526626587, 0.49186068773269653], [0.7655683755874634, 0.234431654214859], [0.4460242688655853, 0.5539757013320923], [0.5273177027702332, 0.47268232703208923], [0.5100789070129395, 0.48992106318473816], [0.5157321095466614, 0.4842678904533386], [0.5069043040275574, 0.4930956959724426]], "phq_pred_log1p": [1.6379436254501343, 1.6770449876785278, 1.631954312324524, 1.734687328338623, 1.4263813495635986, 1.6662192344665527, 1.7559586763381958, 1.6716564893722534, 1.8578121662139893, 1.4021331071853638, 1.7361193895339966, 1.646032691001892, 1.6590107679367065, 1.8016873598098755, 1.7314032316207886, 1.6137412786483765, 1.8860589265823364, 1.021755576133728, 1.9998291730880737, 1.8025211095809937, 1.8451167345046997, 1.8255804777145386, 1.8474351167678833], "phq_true_log1p": [2.5649492740631104, 2.079441547393799, 1.0986123085021973, 2.079441547393799, 1.0986123085021973, 1.0986123085021973, 2.079441547393799, 1.0986123085021973, 1.0986123085021973, 2.079441547393799, 1.0986123085021973, 2.079441547393799, 1.0986123085021973, 1.0986123085021973, 2.079441547393799, 1.0986123085021973, 1.0986123085021973, 2.079441547393799, 1.0986123085021973, 2.079441547393799, 1.0986123085021973, 1.0986123085021973, 1.0986123085021973], "y_true": [1, 1, 0, 1, 0, 0, 1, 0, 0, 1, 0, 1, 0, 0, 1, 0, 0, 1, 0, 1, 0, 0, 0], "y_pred": [0, 0, 0, 0, 0, 0, 0, 0, 0, 0, 0, 0, 0, 0, 0, 0, 0, 0, 1, 0, 0, 0, 0]}