{"ckpt": "checkpoints/Track1/A-V-G+P/binary/pipeline__A_V_GpP__opensmile__openface__bilstm_mean__frozen_val_seed42/best_model_2026-05-15-21.29.51.pth", "track": "Track1", "task": "binary", "subtrack": "A-V-G+P", "audio_feature": "opensmile", "video_feature": "openface", "encoder_type": "bilstm_mean", "seed": 42, "experiment_name": "pipeline__A_V_GpP__opensmile__openface__bilstm_mean__frozen_val_seed42", "val": {"acc": 0.7777777777777778, "f1": 0.6785714285714286, "kappa": 0.3999999999999999, "ccc": 0.38249096590897536, "rmse": 0.5739309586676857, "mae": 0.5003057784504361, "confusion_matrix": [[6, 0], [2, 1]], "selection_score": 0.6785714285714286, "r2": 0.257893824135928, "cls_loss": 0.7633996705214182, "reg_loss": 0.32939672470092773, "loss": 1.09279641840193}, "metric_split": "val", "test": {"acc": 0.5652173913043478, "f1": 0.5436507936507937, "kappa": 0.08730158730158732, "ccc": 0.18093556244354742, "rmse": 0.649067583920033, "mae": 0.5044515936271005, "confusion_matrix": [[9, 5], [5, 4]], "selection_score": 0.5436507936507937, "r2": -0.5948922047964342}, "ids": [1, 6, 8, 13, 18, 24, 26, 32, 33, 35, 45, 48, 51, 59, 69, 70, 83, 86, 91, 92, 97, 106, 117], "probs": [[0.02506302297115326, 0.9749369621276855], [0.11050602793693542, 0.889494001865387], [0.10756823420524597, 0.8924317955970764], [0.18857765197753906, 0.8114224076271057], [0.2224302589893341, 0.7775697708129883], [0.9385631680488586, 0.06143687665462494], [0.8882793188095093, 0.11172071844339371], [0.9499664902687073, 0.050033535808324814], [0.15947698056697845, 0.8405230045318604], [0.7959213256835938, 0.20407867431640625], [0.11112648993730545, 0.8888735175132751], [0.9895848631858826, 0.010415113531053066], [0.1491813361644745, 0.8508186340332031], [0.9236124753952026, 0.07638749480247498], [0.08117762953042984, 0.9188224077224731], [0.8141404986381531, 0.18585951626300812], [0.9873576164245605, 0.012642365880310535], [0.8913525342941284, 0.10864749550819397], [0.6167824864387512, 0.38321757316589355], [0.9095268249511719, 0.09047318249940872], [0.8650915622711182, 0.13490842282772064], [0.882574737071991, 0.11742523312568665], [0.9271029233932495, 0.07289706915616989]], "phq_pred_log1p": [2.3721330165863037, 2.0309603214263916, 2.01546311378479, 1.9483188390731812, 1.7934411764144897, 1.0195716619491577, 1.0898000001907349, 1.1226916313171387, 1.8307002782821655, 1.2837218046188354, 2.1173157691955566, 0.5783244967460632, 1.9605709314346313, 1.0318384170532227, 2.132349729537964, 1.486934781074524, 0.4692119359970093, 1.3259634971618652, 1.5940951108932495, 1.268020749092102, 1.3732848167419434, 1.2356318235397339, 1.1050721406936646], "phq_true_log1p": [2.5649492740631104, 2.079441547393799, 1.0986123085021973, 2.079441547393799, 1.0986123085021973, 1.0986123085021973, 2.079441547393799, 1.0986123085021973, 1.0986123085021973, 2.079441547393799, 1.0986123085021973, 2.079441547393799, 1.0986123085021973, 1.0986123085021973, 2.079441547393799, 1.0986123085021973, 1.0986123085021973, 2.079441547393799, 1.0986123085021973, 2.079441547393799, 1.0986123085021973, 1.0986123085021973, 1.0986123085021973], "y_true": [1, 1, 0, 1, 0, 0, 1, 0, 0, 1, 0, 1, 0, 0, 1, 0, 0, 1, 0, 1, 0, 0, 0], "y_pred": [1, 1, 1, 1, 1, 0, 0, 0, 1, 0, 1, 0, 1, 0, 1, 0, 0, 0, 0, 0, 0, 0, 0]}