{"ckpt": "checkpoints/Track2/A-V-G+P/binary/pipeline__A_V_GpP__mfcc__resnet__bilstm_mean__fold0_seed42/best_model_2026-05-16-00.50.37.pth", "track": "Track2", "task": "binary", "subtrack": "A-V-G+P", "audio_feature": "mfcc", "video_feature": "resnet", "encoder_type": "bilstm_mean", "seed": 42, "experiment_name": "pipeline__A_V_GpP__mfcc__resnet__bilstm_mean__fold0_seed42", "val": {"acc": 0.5555555555555556, "f1": 0.55, "kappa": 0.11111111111111116, "ccc": -0.013385519731981484, "rmse": 0.6164973779059013, "mae": 0.45210426383548313, "confusion_matrix": [[6, 3], [5, 4]], "selection_score": 0.55, "r2": -0.10066454106193357, "cls_loss": 0.690219415558709, "reg_loss": 0.3800690207216475, "loss": 1.070288446214464}, "metric_split": "val", "test": {"acc": 0.45454545454545453, "f1": 0.37142857142857144, "kappa": -0.09090909090909083, "ccc": -0.009704734358192479, "rmse": 0.5465738726437278, "mae": 0.49927493117072363, "confusion_matrix": [[9, 2], [10, 1]], "selection_score": 0.37142857142857144, "r2": -0.08252692237764081}, "ids": [1, 5, 7, 13, 15, 22, 28, 33, 34, 40, 42, 44, 47, 58, 74, 83, 85, 89, 90, 93, 105, 110], "probs": [[0.5001000761985779, 0.49989989399909973], [0.5087759494781494, 0.49122411012649536], [0.5068602561950684, 0.49313971400260925], [0.49685344099998474, 0.5031465291976929], [0.5051065683364868, 0.4948934018611908], [0.49549737572669983, 0.5045026540756226], [0.5064569115638733, 0.4935430586338043], [0.5061294436454773, 0.49387049674987793], [0.5155903100967407, 0.48440971970558167], [0.5011996030807495, 0.4988004267215729], [0.5013872385025024, 0.49861276149749756], [0.5049673318862915, 0.4950326383113861], [0.5029640197753906, 0.49703601002693176], [0.5066076517105103, 0.49339234828948975], [0.5130326151847839, 0.48696738481521606], [0.5037675499916077, 0.4962325096130371], [0.5000542402267456, 0.4999457895755768], [0.5007675886154175, 0.4992324709892273], [0.5108820199966431, 0.48911798000335693], [0.5076525211334229, 0.49234747886657715], [0.5045539140701294, 0.4954461455345154], [0.4975999593734741, 0.5023999810218811]], "phq_pred_log1p": [1.4529374837875366, 1.4386204481124878, 1.4204093217849731, 1.4752620458602905, 1.4740699529647827, 1.486781120300293, 1.4378470182418823, 1.473111629486084, 1.4359561204910278, 1.4459515810012817, 1.481644630432129, 1.4751335382461548, 1.4419382810592651, 1.4464141130447388, 1.448992371559143, 1.4322260618209839, 1.444118618965149, 1.4836620092391968, 1.4364831447601318, 1.4661756753921509, 1.4660367965698242, 1.4673234224319458], "phq_true_log1p": [2.4849066734313965, 1.945910096168518, 1.945910096168518, 1.945910096168518, 1.945910096168518, 1.0986123085021973, 1.0986123085021973, 1.0986123085021973, 1.945910096168518, 1.0986123085021973, 1.945910096168518, 1.0986123085021973, 1.0986123085021973, 1.0986123085021973, 2.4849066734313965, 1.0986123085021973, 2.4849066734313965, 1.945910096168518, 1.945910096168518, 1.0986123085021973, 1.0986123085021973, 1.0986123085021973], "y_true": [1, 1, 1, 1, 1, 0, 0, 0, 1, 0, 1, 0, 0, 0, 1, 0, 1, 1, 1, 0, 0, 0], "y_pred": [0, 0, 0, 1, 0, 1, 0, 0, 0, 0, 0, 0, 0, 0, 0, 0, 0, 0, 0, 0, 0, 1]}