{"ckpt": "checkpoints/Track1/A-V-P/binary/pipeline__A_VpP__mfcc__openface__bilstm_mean__fold4_seed42/best_model_2026-05-16-00.08.59.pth", "track": "Track1", "task": "binary", "subtrack": "A-V+P", "audio_feature": "mfcc", "video_feature": "openface", "encoder_type": "bilstm_mean", "seed": 42, "experiment_name": "pipeline__A_VpP__mfcc__openface__bilstm_mean__fold4_seed42", "val": {"acc": 0.7647058823529411, "f1": 0.6730769230769231, "kappa": 0.35849056603773577, "ccc": 0.07570176777855266, "rmse": 0.6868495099503708, "mae": 0.6184137568754309, "confusion_matrix": [[11, 1], [3, 2]], "selection_score": 0.6730769230769231, "r2": -0.26962565802628746, "cls_loss": 0.8088388442993164, "reg_loss": 0.4717622627230251, "loss": 1.2806011087754194}, "metric_split": "val", "test": {"acc": 0.43478260869565216, "f1": 0.4171539961013645, "kappa": -0.16342412451361854, "ccc": -0.1014489910927985, "rmse": 0.666967776005066, "mae": 0.5762559305066648, "confusion_matrix": [[7, 7], [6, 3]], "selection_score": 0.4171539961013645, "r2": -0.6840741098439249}, "ids": [1, 6, 8, 13, 18, 24, 26, 32, 33, 35, 45, 48, 51, 59, 69, 70, 83, 86, 91, 92, 97, 106, 117], "probs": [[0.20271925628185272, 0.7972807884216309], [0.65068519115448, 0.34931480884552], [0.4804557263851166, 0.519544243812561], [0.7271441221237183, 0.2728559076786041], [0.37779390811920166, 0.6222060322761536], [0.7963408827781677, 0.20365910232067108], [0.4926626980304718, 0.5073372721672058], [0.33887940645217896, 0.661120593547821], [0.29756197333335876, 0.7024380564689636], [0.7815374732017517, 0.21846255660057068], [0.6106199622154236, 0.38938000798225403], [0.9094725251197815, 0.0905274748802185], [0.5185668468475342, 0.4814331829547882], [0.6028675436973572, 0.39713239669799805], [0.6401954293251038, 0.35980457067489624], [0.48433277010917664, 0.5156672596931458], [0.8757721185684204, 0.12422781437635422], [0.7824856042861938, 0.21751439571380615], [0.44076302647590637, 0.5592369437217712], [0.4384176433086395, 0.5615823268890381], [0.39291873574256897, 0.6070812940597534], [0.711391270160675, 0.28860870003700256], [0.753246545791626, 0.24675342440605164]], "phq_pred_log1p": [1.9852349758148193, 1.3138201236724854, 1.6381783485412598, 1.219489336013794, 1.721381664276123, 1.063460350036621, 1.5024945735931396, 1.8181838989257812, 1.7545933723449707, 1.060499668121338, 1.450784683227539, 0.508054792881012, 1.5389494895935059, 1.2729754447937012, 1.4428064823150635, 1.5654408931732178, 0.6681151390075684, 1.0743532180786133, 1.702733039855957, 1.6343973875045776, 1.6976070404052734, 1.186381220817566, 1.1650447845458984], "phq_true_log1p": [2.5649492740631104, 2.079441547393799, 1.0986123085021973, 2.079441547393799, 1.0986123085021973, 1.0986123085021973, 2.079441547393799, 1.0986123085021973, 1.0986123085021973, 2.079441547393799, 1.0986123085021973, 2.079441547393799, 1.0986123085021973, 1.0986123085021973, 2.079441547393799, 1.0986123085021973, 1.0986123085021973, 2.079441547393799, 1.0986123085021973, 2.079441547393799, 1.0986123085021973, 1.0986123085021973, 1.0986123085021973], "y_true": [1, 1, 0, 1, 0, 0, 1, 0, 0, 1, 0, 1, 0, 0, 1, 0, 0, 1, 0, 1, 0, 0, 0], "y_pred": [1, 0, 1, 0, 1, 0, 1, 1, 1, 0, 0, 0, 0, 0, 0, 1, 0, 0, 1, 1, 1, 0, 0]}