{"ckpt": "checkpoints/Track1/G-P/ternary/pipeline__GpP__mfcc__resnet__bilstm_mean__frozen_val_seed3407/best_model_2026-05-15-22.33.53.pth", "track": "Track1", "task": "ternary", "subtrack": "G+P", "audio_feature": "mfcc", "video_feature": "resnet", "encoder_type": "bilstm_mean", "seed": 3407, "experiment_name": "pipeline__GpP__mfcc__resnet__bilstm_mean__frozen_val_seed3407", "val": {"acc": 0.6666666666666666, "f1": 0.26666666666666666, "kappa": 0.0, "ccc": -0.004665069113588175, "rmse": 1.0093762854515373, "mae": 0.8223406341340807, "confusion_matrix": [[6, 0, 0], [2, 0, 0], [1, 0, 0]], "selection_score": 0.26666666666666666, "r2": -0.7116419549753161, "cls_loss": 1.1325847175386217, "reg_loss": 1.0188405646218195, "loss": 2.1514252026875815}, "metric_split": "val", "test": {"acc": 0.6086956521739131, "f1": 0.2522522522522523, "kappa": 0.0, "ccc": -0.002341183022465516, "rmse": 0.9413614366447316, "mae": 0.787015614302262, "confusion_matrix": [[14, 0, 0], [8, 0, 0], [1, 0, 0]], "selection_score": 0.2522522522522523, "r2": -2.3547819837801813}, "ids": [1, 6, 8, 13, 18, 24, 26, 32, 33, 35, 45, 48, 51, 59, 69, 70, 83, 86, 91, 92, 97, 106, 117], "probs": [[0.4703851044178009, 0.2556932866573334, 0.2739216089248657], [0.47063133120536804, 0.26312166452407837, 0.26624706387519836], [0.47400784492492676, 0.2506539821624756, 0.27533817291259766], [0.47461244463920593, 0.25914618372917175, 0.26624131202697754], [0.4699438214302063, 0.2577035427093506, 0.2723526954650879], [0.4761805534362793, 0.25564053654670715, 0.26817893981933594], [0.47792115807533264, 0.25146111845970154, 0.2706177532672882], [0.4753001630306244, 0.2594420313835144, 0.2652578055858612], [0.4699840545654297, 0.25769469141960144, 0.2723211944103241], [0.4780472218990326, 0.2590118944644928, 0.262940913438797], [0.4685971140861511, 0.25725260376930237, 0.2741502523422241], [0.4734555184841156, 0.2608012557029724, 0.26574328541755676], [0.4741343557834625, 0.25265854597091675, 0.27320703864097595], [0.47119197249412537, 0.2565616965293884, 0.2722463607788086], [0.47043517231941223, 0.25749853253364563, 0.27206629514694214], [0.4739114046096802, 0.26555415987968445, 0.2605343759059906], [0.46613550186157227, 0.26582208275794983, 0.26804235577583313], [0.4610210955142975, 0.2601368725299835, 0.2788420617580414], [0.4746062755584717, 0.2522677481174469, 0.27312591671943665], [0.47696128487586975, 0.25272122025489807, 0.2703174352645874], [0.4778767228126526, 0.2542155981063843, 0.2679077088832855], [0.47618645429611206, 0.25695717334747314, 0.2668563425540924], [0.4728175103664398, 0.253904789686203, 0.27327772974967957]], "phq_pred_log1p": [0.7406719923019409, 0.7019304037094116, 0.7120687961578369, 0.6580158472061157, 0.7198953628540039, 0.7127140760421753, 0.752663254737854, 0.7072698473930359, 0.7203328609466553, 0.6800807118415833, 0.7022196054458618, 0.6822301149368286, 0.725399374961853, 0.7267661690711975, 0.7187084555625916, 0.6929975152015686, 0.7058741450309753, 0.718724250793457, 0.7399072051048279, 0.7593221664428711, 0.7353404760360718, 0.7262739539146423, 0.740288257598877], "phq_true_log1p": [2.5649492740631104, 2.079441547393799, 1.0986123085021973, 2.079441547393799, 1.0986123085021973, 1.0986123085021973, 2.079441547393799, 1.0986123085021973, 1.0986123085021973, 2.079441547393799, 1.0986123085021973, 2.079441547393799, 1.0986123085021973, 1.0986123085021973, 2.079441547393799, 1.0986123085021973, 1.0986123085021973, 2.079441547393799, 1.0986123085021973, 2.079441547393799, 1.0986123085021973, 1.0986123085021973, 1.0986123085021973], "y_true": [2, 1, 0, 1, 0, 0, 1, 0, 0, 1, 0, 1, 0, 0, 1, 0, 0, 1, 0, 1, 0, 0, 0], "y_pred": [0, 0, 0, 0, 0, 0, 0, 0, 0, 0, 0, 0, 0, 0, 0, 0, 0, 0, 0, 0, 0, 0, 0]}