{"ckpt": "checkpoints/Track1/A-V-P/ternary/pipeline__A_VpP__mfcc__openface__bilstm_mean__fold1_seed42/best_model_2026-05-16-00.20.48.pth", "track": "Track1", "task": "ternary", "subtrack": "A-V+P", "audio_feature": "mfcc", "video_feature": "openface", "encoder_type": "bilstm_mean", "seed": 42, "experiment_name": "pipeline__A_VpP__mfcc__openface__bilstm_mean__fold1_seed42", "val": {"acc": 0.6111111111111112, "f1": 0.4066666666666667, "kappa": 0.16556291390728484, "ccc": -0.021021310167134988, "rmse": 1.0026644038187813, "mae": 0.8144029676914215, "confusion_matrix": [[9, 3, 1], [1, 2, 0], [2, 0, 0]], "selection_score": 0.4066666666666667, "r2": -0.2769072074582557, "cls_loss": 0.9876362615161471, "reg_loss": 1.0053359071413677, "loss": 1.9929721620347765}, "metric_split": "val", "test": {"acc": 0.43478260869565216, "f1": 0.3072463768115942, "kappa": 0.01967213114754096, "ccc": 0.032234729253711146, "rmse": 0.6851677637260488, "mae": 0.5621096206747968, "confusion_matrix": [[6, 7, 1], [3, 4, 1], [0, 1, 0]], "selection_score": 0.3072463768115942, "r2": -0.7772369711560561}, "ids": [1, 6, 8, 13, 18, 24, 26, 32, 33, 35, 45, 48, 51, 59, 69, 70, 83, 86, 91, 92, 97, 106, 117], "probs": [[0.04955417290329933, 0.5824071168899536, 0.36803874373435974], [0.13616612553596497, 0.5438812375068665, 0.3199526369571686], [0.08968441188335419, 0.5637938976287842, 0.34652164578437805], [0.31894248723983765, 0.39790111780166626, 0.2831563651561737], [0.059101786464452744, 0.5703750252723694, 0.3705231845378876], [0.5962702035903931, 0.28158828616142273, 0.12214150279760361], [0.32182827591896057, 0.3204946219921112, 0.3576771020889282], [0.9012874960899353, 0.059734635055065155, 0.03897784277796745], [0.15441076457500458, 0.4389784634113312, 0.40661072731018066], [0.3316817581653595, 0.42252281308174133, 0.24579545855522156], [0.16539451479911804, 0.48600852489471436, 0.34859704971313477], [0.9740003347396851, 0.013562537729740143, 0.012437117286026478], [0.3694726824760437, 0.4040660262107849, 0.22646132111549377], [0.5696535110473633, 0.2740963399410248, 0.15625016391277313], [0.14773163199424744, 0.49684029817581177, 0.3554280698299408], [0.3452393114566803, 0.3908804953098297, 0.26388025283813477], [0.9515374898910522, 0.03100462816655636, 0.017457902431488037], [0.8626039028167725, 0.08723797649145126, 0.050158098340034485], [0.09510568529367447, 0.3627671003341675, 0.542127251625061], [0.6056333184242249, 0.2529004216194153, 0.14146624505519867], [0.2772243320941925, 0.37416791915893555, 0.34860771894454956], [0.7401320934295654, 0.16631080210208893, 0.09355713427066803], [0.7905818819999695, 0.12494313716888428, 0.08447501808404922]], "phq_pred_log1p": [2.123354196548462, 1.927602767944336, 1.9579761028289795, 1.6522709131240845, 2.1414525508880615, 1.4337291717529297, 1.70902419090271, 1.1344585418701172, 1.6858487129211426, 1.6443439722061157, 1.8643991947174072, 0.2532384395599365, 1.6544967889785767, 1.3418461084365845, 1.940901756286621, 1.736412525177002, 0.5259586572647095, 1.0984221696853638, 2.0665459632873535, 1.529644250869751, 1.8004897832870483, 1.2868832349777222, 1.211609959602356], "phq_true_log1p": [2.5649492740631104, 2.079441547393799, 1.0986123085021973, 2.079441547393799, 1.0986123085021973, 1.0986123085021973, 2.079441547393799, 1.0986123085021973, 1.0986123085021973, 2.079441547393799, 1.0986123085021973, 2.079441547393799, 1.0986123085021973, 1.0986123085021973, 2.079441547393799, 1.0986123085021973, 1.0986123085021973, 2.079441547393799, 1.0986123085021973, 2.079441547393799, 1.0986123085021973, 1.0986123085021973, 1.0986123085021973], "y_true": [2, 1, 0, 1, 0, 0, 1, 0, 0, 1, 0, 1, 0, 0, 1, 0, 0, 1, 0, 1, 0, 0, 0], "y_pred": [1, 1, 1, 1, 1, 0, 2, 0, 1, 1, 1, 0, 1, 0, 1, 1, 0, 0, 2, 0, 1, 0, 0]}