{"ckpt": "checkpoints/Track2/G-P/ternary/pipeline__GpP__mfcc__resnet__bilstm_mean__fold4_seed42/best_model_2026-05-16-02.05.12.pth", "track": "Track2", "task": "ternary", "subtrack": "G+P", "audio_feature": "mfcc", "video_feature": "resnet", "encoder_type": "bilstm_mean", "seed": 42, "experiment_name": "pipeline__GpP__mfcc__resnet__bilstm_mean__fold4_seed42", "val": {"acc": 0.6470588235294118, "f1": 0.45555555555555555, "kappa": 0.33766233766233766, "ccc": -0.015828014066846016, "rmse": 0.7979949597355896, "mae": 0.6377082852756276, "confusion_matrix": [[7, 2, 0], [2, 4, 0], [2, 0, 0]], "selection_score": 0.45555555555555555, "r2": -0.023275817154175593, "cls_loss": 1.104411500341752, "reg_loss": 0.6367959345088285, "loss": 1.7412074032951803}, "metric_split": "val", "test": {"acc": 0.5454545454545454, "f1": 0.36813186813186816, "kappa": 0.14396887159533078, "ccc": -0.026743142967981314, "rmse": 0.5394081427546655, "mae": 0.4969597242095254, "confusion_matrix": [[9, 2, 0], [5, 3, 0], [3, 0, 0]], "selection_score": 0.36813186813186816, "r2": -0.05432855026752592}, "ids": [1, 5, 7, 13, 15, 22, 28, 33, 34, 40, 42, 44, 47, 58, 74, 83, 85, 89, 90, 93, 105, 110], "probs": [[0.4446263015270233, 0.3763117492198944, 0.17906197905540466], [0.45070886611938477, 0.3734999895095825, 0.1757911741733551], [0.39940309524536133, 0.4028358459472656, 0.19776105880737305], [0.38646697998046875, 0.4109276831150055, 0.20260532200336456], [0.39928561449050903, 0.405454158782959, 0.1952602118253708], [0.4174005389213562, 0.4008268415927887, 0.1817726045846939], [0.409859836101532, 0.4092766046524048, 0.18086354434490204], [0.389507532119751, 0.4210301339626312, 0.18946236371994019], [0.41829222440719604, 0.3976306617259979, 0.18407708406448364], [0.42076927423477173, 0.39123743772506714, 0.18799328804016113], [0.40609511733055115, 0.40256330370903015, 0.19134150445461273], [0.4119996130466461, 0.40030038356781006, 0.18770001828670502], [0.42237868905067444, 0.39601585268974304, 0.1816054731607437], [0.4217897951602936, 0.3950292766094208, 0.18318097293376923], [0.4272887110710144, 0.39635610580444336, 0.17635516822338104], [0.41814690828323364, 0.40173250436782837, 0.1801205575466156], [0.43488210439682007, 0.3870212733745575, 0.17809656262397766], [0.41186559200286865, 0.40861549973487854, 0.1795189082622528], [0.4320621192455292, 0.39219361543655396, 0.17574426531791687], [0.40478599071502686, 0.4068826735019684, 0.18833135068416595], [0.4189695417881012, 0.4042881727218628, 0.1767423450946808], [0.4091806709766388, 0.4056110978126526, 0.18520818650722504]], "phq_pred_log1p": [1.417999267578125, 1.359745979309082, 1.6575473546981812, 1.6352065801620483, 1.6179426908493042, 1.4969427585601807, 1.547712802886963, 1.6312049627304077, 1.5409793853759766, 1.5278003215789795, 1.6161861419677734, 1.5947206020355225, 1.4953949451446533, 1.5365345478057861, 1.5401160717010498, 1.5530269145965576, 1.5269830226898193, 1.59971022605896, 1.5140894651412964, 1.6327564716339111, 1.5112638473510742, 1.4949965476989746], "phq_true_log1p": [2.4849066734313965, 1.945910096168518, 1.945910096168518, 1.945910096168518, 1.945910096168518, 1.0986123085021973, 1.0986123085021973, 1.0986123085021973, 1.945910096168518, 1.0986123085021973, 1.945910096168518, 1.0986123085021973, 1.0986123085021973, 1.0986123085021973, 2.4849066734313965, 1.0986123085021973, 2.4849066734313965, 1.945910096168518, 1.945910096168518, 1.0986123085021973, 1.0986123085021973, 1.0986123085021973], "y_true": [2, 1, 1, 1, 1, 0, 0, 0, 1, 0, 1, 0, 0, 0, 2, 0, 2, 1, 1, 0, 0, 0], "y_pred": [0, 0, 1, 1, 1, 0, 0, 1, 0, 0, 0, 0, 0, 0, 0, 0, 0, 0, 0, 1, 0, 0]}