{"ckpt": "checkpoints/Track2/A-V-P/binary/pipeline__A_VpP__wav2vec__resnet__bilstm_mean__frozen_val_seed42/best_model_2026-05-15-21.44.30.pth", "track": "Track2", "task": "binary", "subtrack": "A-V+P", "audio_feature": "wav2vec", "video_feature": "resnet", "encoder_type": "bilstm_mean", "seed": 42, "experiment_name": "pipeline__A_VpP__wav2vec__resnet__bilstm_mean__frozen_val_seed42", "val": {"acc": 0.6666666666666666, "f1": 0.6666666666666666, "kappa": 0.3414634146341463, "ccc": -0.15075320869381895, "rmse": 0.825631218711389, "mae": 0.5905080503887601, "confusion_matrix": [[3, 2], [1, 3]], "selection_score": 0.6666666666666666, "r2": -0.24158234845656823, "cls_loss": 0.6977095868852403, "reg_loss": 0.681666883562381, "loss": 1.3793765240245395}, "metric_split": "val", "test": {"acc": 0.5909090909090909, "f1": 0.5900621118012422, "kappa": 0.18181818181818177, "ccc": 0.15270503567317711, "rmse": 0.4957613222357631, "mae": 0.46364339373328467, "confusion_matrix": [[6, 5], [4, 7]], "selection_score": 0.5900621118012422, "r2": 0.10939269388110906}, "ids": [1, 5, 7, 13, 15, 22, 28, 33, 34, 40, 42, 44, 47, 58, 74, 83, 85, 89, 90, 93, 105, 110], "probs": [[0.33098405599594116, 0.6690159440040588], [0.4940572679042816, 0.5059427618980408], [0.49729371070861816, 0.5027062892913818], [0.4817712903022766, 0.5182287693023682], [0.5255316495895386, 0.47446829080581665], [0.47595831751823425, 0.5240417122840881], [0.4994328022003174, 0.5005671977996826], [0.5184866786003113, 0.4815133512020111], [0.5511317253112793, 0.4488682746887207], [0.48829910159111023, 0.5117009282112122], [0.49066755175590515, 0.5093324780464172], [0.5435278415679932, 0.45647215843200684], [0.49384915828704834, 0.5061508417129517], [0.5564365983009338, 0.44356343150138855], [0.49693629145622253, 0.5030636787414551], [0.5336533784866333, 0.4663466215133667], [0.5620858669281006, 0.4379141330718994], [0.4903424382209778, 0.5096575617790222], [0.51505047082901, 0.4849495589733124], [0.5224443078041077, 0.47755569219589233], [0.4913676381111145, 0.5086323618888855], [0.5466253757476807, 0.45337459444999695]], "phq_pred_log1p": [2.050046920776367, 1.648633599281311, 1.6368423700332642, 1.6885298490524292, 1.5755882263183594, 1.6955959796905518, 1.6142534017562866, 1.5681869983673096, 1.506616473197937, 1.665547490119934, 1.649248719215393, 1.482750654220581, 1.6031790971755981, 1.4729375839233398, 1.644275188446045, 1.51874577999115, 1.4831621646881104, 1.6953984498977661, 1.5839794874191284, 1.577646017074585, 1.6571075916290283, 1.5692601203918457], "phq_true_log1p": [2.4849066734313965, 1.945910096168518, 1.945910096168518, 1.945910096168518, 1.945910096168518, 1.0986123085021973, 1.0986123085021973, 1.0986123085021973, 1.945910096168518, 1.0986123085021973, 1.945910096168518, 1.0986123085021973, 1.0986123085021973, 1.0986123085021973, 2.4849066734313965, 1.0986123085021973, 2.4849066734313965, 1.945910096168518, 1.945910096168518, 1.0986123085021973, 1.0986123085021973, 1.0986123085021973], "y_true": [1, 1, 1, 1, 1, 0, 0, 0, 1, 0, 1, 0, 0, 0, 1, 0, 1, 1, 1, 0, 0, 0], "y_pred": [1, 1, 1, 1, 0, 1, 1, 0, 0, 1, 1, 0, 1, 0, 1, 0, 0, 1, 0, 0, 1, 0]}