{"ckpt": "checkpoints/Track1/A-V-P/ternary/pipeline__A_VpP__mfcc__openface__bilstm_mean__frozen_val_seed42/best_model_2026-05-15-22.33.53.pth", "track": "Track1", "task": "ternary", "subtrack": "A-V+P", "audio_feature": "mfcc", "video_feature": "openface", "encoder_type": "bilstm_mean", "seed": 42, "experiment_name": "pipeline__A_VpP__mfcc__openface__bilstm_mean__frozen_val_seed42", "val": {"acc": 0.6666666666666666, "f1": 0.4444444444444445, "kappa": 0.32500000000000007, "ccc": 0.4785053684483758, "rmse": 0.6835485270161274, "mae": 0.5987334483199649, "confusion_matrix": [[5, 1, 0], [0, 1, 1], [1, 0, 0]], "selection_score": 0.4444444444444445, "r2": 0.21504378474576624, "cls_loss": 2.445273611280653, "reg_loss": 0.4672385760479503, "loss": 2.9125122494167752}, "metric_split": "val", "test": {"acc": 0.5652173913043478, "f1": 0.29797979797979796, "kappa": 0.0043290043290044045, "ccc": 0.13214507155792796, "rmse": 0.8679099919184331, "mae": 0.7037482724889464, "confusion_matrix": [[12, 2, 0], [7, 1, 0], [0, 1, 0]], "selection_score": 0.29797979797979796, "r2": -1.8516805407617887}, "ids": [1, 6, 8, 13, 18, 24, 26, 32, 33, 35, 45, 48, 51, 59, 69, 70, 83, 86, 91, 92, 97, 106, 117], "probs": [[0.018912266939878464, 0.8839413523674011, 0.09714635461568832], [0.32109367847442627, 0.659456729888916, 0.019449613988399506], [0.1036059781908989, 0.8587943911552429, 0.03759968280792236], [0.8907586336135864, 0.09212354570627213, 0.01711784489452839], [0.021965758875012398, 0.9572023153305054, 0.020831948146224022], [0.9890217781066895, 0.010276248678565025, 0.0007019855547696352], [0.9975040555000305, 0.001837492105551064, 0.0006584248621948063], [0.9910237789154053, 0.008344938047230244, 0.0006313567864708602], [0.7342529296875, 0.07378147542476654, 0.19196555018424988], [0.9881304502487183, 0.010945082642138004, 0.0009244192624464631], [0.9879469275474548, 0.009978504851460457, 0.002074599964544177], [0.997422456741333, 0.002068021334707737, 0.000509485777001828], [0.9497922658920288, 0.048114944249391556, 0.0020928853191435337], [0.6722498536109924, 0.31720662117004395, 0.010543466545641422], [0.8222289085388184, 0.08386622369289398, 0.09390489012002945], [0.9640121459960938, 0.03496192768216133, 0.0010258689289912581], [0.9933151602745056, 0.006042108871042728, 0.0006427341722883284], [0.992418646812439, 0.006309561897069216, 0.0012717588106170297], [0.967666745185852, 0.00512810330837965, 0.02720513753592968], [0.9338642358779907, 0.06446623057126999, 0.0016695506637915969], [0.9924736022949219, 0.006469333078712225, 0.001057094894349575], [0.9908177852630615, 0.008419038727879524, 0.0007630906766280532], [0.9964601397514343, 0.0027571271639317274, 0.0007827210938557982]], "phq_pred_log1p": [2.278812885284424, 1.5005548000335693, 1.7732923030853271, 1.444347620010376, 1.788405418395996, 0.6066057682037354, 0.31291496753692627, 0.3906230330467224, 1.3473634719848633, 0.6092579960823059, 1.2871277332305908, 0.11760170012712479, 0.8717374205589294, 0.9377498030662537, 1.9296839237213135, 0.5969810485839844, 0.304421603679657, 0.8076553344726562, 1.6037976741790771, 0.7145508527755737, 0.8806988596916199, 0.4791451692581177, 0.4253644347190857], "phq_true_log1p": [2.5649492740631104, 2.079441547393799, 1.0986123085021973, 2.079441547393799, 1.0986123085021973, 1.0986123085021973, 2.079441547393799, 1.0986123085021973, 1.0986123085021973, 2.079441547393799, 1.0986123085021973, 2.079441547393799, 1.0986123085021973, 1.0986123085021973, 2.079441547393799, 1.0986123085021973, 1.0986123085021973, 2.079441547393799, 1.0986123085021973, 2.079441547393799, 1.0986123085021973, 1.0986123085021973, 1.0986123085021973], "y_true": [2, 1, 0, 1, 0, 0, 1, 0, 0, 1, 0, 1, 0, 0, 1, 0, 0, 1, 0, 1, 0, 0, 0], "y_pred": [1, 1, 1, 0, 1, 0, 0, 0, 0, 0, 0, 0, 0, 0, 0, 0, 0, 0, 0, 0, 0, 0, 0]}