{"ckpt": "checkpoints/Track1/G-P/binary/pipeline__GpP__wav2vec__resnet__bilstm_mean__frozen_val_seed42/best_model_2026-05-15-20.46.44.pth", "track": "Track1", "task": "binary", "subtrack": "G+P", "audio_feature": "wav2vec", "video_feature": "resnet", "encoder_type": "bilstm_mean", "seed": 42, "experiment_name": "pipeline__GpP__wav2vec__resnet__bilstm_mean__frozen_val_seed42", "val": {"acc": 0.6666666666666666, "f1": 0.4, "kappa": 0.0, "ccc": 0.0002569380434795709, "rmse": 1.0614267645814646, "mae": 0.826332668463389, "confusion_matrix": [[6, 0], [3, 0]], "selection_score": 0.4, "r2": -1.5382056765047745, "cls_loss": 0.6836841040187411, "reg_loss": 1.1266267365879483, "loss": 1.8103108670976427}, "metric_split": "val", "test": {"acc": 0.6086956521739131, "f1": 0.3783783783783784, "kappa": 0.0, "ccc": -7.0938070009682e-05, "rmse": 1.047211675099903, "mae": 0.9122781468474347, "confusion_matrix": [[14, 0], [9, 0]], "selection_score": 0.3783783783783784, "r2": -3.151647253583996}, "ids": [1, 6, 8, 13, 18, 24, 26, 32, 33, 35, 45, 48, 51, 59, 69, 70, 83, 86, 91, 92, 97, 106, 117], "probs": [[0.6153427362442017, 0.3846573233604431], [0.6185218095779419, 0.3814781904220581], [0.6106792688369751, 0.3893207311630249], [0.6152942776679993, 0.3847057521343231], [0.6139535307884216, 0.38604646921157837], [0.6200131177902222, 0.37998688220977783], [0.6151800155639648, 0.38481995463371277], [0.6160833239555359, 0.3839167058467865], [0.6128432154655457, 0.38715675473213196], [0.6253886222839355, 0.37461140751838684], [0.6187331080436707, 0.38126692175865173], [0.6220735907554626, 0.37792637944221497], [0.6090458035469055, 0.39095425605773926], [0.6184679269790649, 0.38153210282325745], [0.616503894329071, 0.38349610567092896], [0.6208640336990356, 0.37913602590560913], [0.6190581917762756, 0.38094180822372437], [0.6120038032531738, 0.3879961669445038], [0.6107003688812256, 0.3892996311187744], [0.6171175241470337, 0.3828824460506439], [0.6206243634223938, 0.3793756663799286], [0.608095109462738, 0.39190489053726196], [0.6114897131919861, 0.38851025700569153]], "phq_pred_log1p": [0.5897021889686584, 0.5820462703704834, 0.584760308265686, 0.579239010810852, 0.5903893709182739, 0.5971627235412598, 0.6100683808326721, 0.5867181420326233, 0.6070501208305359, 0.5891513824462891, 0.5733602046966553, 0.5755748748779297, 0.6072187423706055, 0.6010456681251526, 0.6177302598953247, 0.583417534828186, 0.5652719736099243, 0.5895408391952515, 0.5861033797264099, 0.5880123376846313, 0.6170985698699951, 0.5886099934577942, 0.5893843173980713], "phq_true_log1p": [2.5649492740631104, 2.079441547393799, 1.0986123085021973, 2.079441547393799, 1.0986123085021973, 1.0986123085021973, 2.079441547393799, 1.0986123085021973, 1.0986123085021973, 2.079441547393799, 1.0986123085021973, 2.079441547393799, 1.0986123085021973, 1.0986123085021973, 2.079441547393799, 1.0986123085021973, 1.0986123085021973, 2.079441547393799, 1.0986123085021973, 2.079441547393799, 1.0986123085021973, 1.0986123085021973, 1.0986123085021973], "y_true": [1, 1, 0, 1, 0, 0, 1, 0, 0, 1, 0, 1, 0, 0, 1, 0, 0, 1, 0, 1, 0, 0, 0], "y_pred": [0, 0, 0, 0, 0, 0, 0, 0, 0, 0, 0, 0, 0, 0, 0, 0, 0, 0, 0, 0, 0, 0, 0]}