{"ckpt": "checkpoints/Track2/G-P/ternary/pipeline__GpP__mfcc__resnet__bilstm_mean__frozen_val_seed42/best_model_2026-05-15-22.54.10.pth", "track": "Track2", "task": "ternary", "subtrack": "G+P", "audio_feature": "mfcc", "video_feature": "resnet", "encoder_type": "bilstm_mean", "seed": 42, "experiment_name": "pipeline__GpP__mfcc__resnet__bilstm_mean__frozen_val_seed42", "val": {"acc": 0.5555555555555556, "f1": 0.35353535353535354, "kappa": 0.1428571428571429, "ccc": -0.008347884751362332, "rmse": 0.5186645224330559, "mae": 0.43776718775431317, "confusion_matrix": [[4, 1, 0], [2, 1, 0], [0, 1, 0]], "selection_score": 0.35353535353535354, "r2": -0.0952611674415389, "cls_loss": 1.091894057061937, "reg_loss": 0.26901288827260333, "loss": 1.360906958580017}, "metric_split": "val", "test": {"acc": 0.36363636363636365, "f1": 0.24273504273504276, "kappa": -0.1711026615969582, "ccc": -0.016874821060355736, "rmse": 0.542477126822906, "mae": 0.4999649037014354, "confusion_matrix": [[6, 5, 0], [6, 2, 0], [3, 0, 0]], "selection_score": 0.24273504273504276, "r2": -0.06635996817909628}, "ids": [1, 5, 7, 13, 15, 22, 28, 33, 34, 40, 42, 44, 47, 58, 74, 83, 85, 89, 90, 93, 105, 110], "probs": [[0.3840482532978058, 0.3774738013744354, 0.23847785592079163], [0.3904130160808563, 0.370222806930542, 0.2393641322851181], [0.3881838023662567, 0.3776753842830658, 0.23414082825183868], [0.37984734773635864, 0.386129230260849, 0.23402342200279236], [0.38610583543777466, 0.3819848299026489, 0.23190931975841522], [0.3810913562774658, 0.3846437633037567, 0.23426486551761627], [0.375182569026947, 0.3836822509765625, 0.2411351501941681], [0.3790068030357361, 0.3845861554145813, 0.23640704154968262], [0.3845407962799072, 0.38031619787216187, 0.23514299094676971], [0.3855717182159424, 0.3784177899360657, 0.23601050674915314], [0.38512250781059265, 0.3751128017902374, 0.23976469039916992], [0.38364845514297485, 0.38049906492233276, 0.23585247993469238], [0.38141390681266785, 0.3809126019477844, 0.23767349123954773], [0.3837437033653259, 0.37926146388053894, 0.2369949072599411], [0.38479653000831604, 0.3760819733142853, 0.23912149667739868], [0.3840654194355011, 0.37690049409866333, 0.23903405666351318], [0.38805800676345825, 0.36886849999427795, 0.24307353794574738], [0.3786895275115967, 0.3800103962421417, 0.24130010604858398], [0.3867470920085907, 0.36986592411994934, 0.24338702857494354], [0.38778766989707947, 0.37586626410484314, 0.23634611070156097], [0.3809252679347992, 0.38305577635765076, 0.23601897060871124], [0.3791620135307312, 0.3868066668510437, 0.2340313345193863]], "phq_pred_log1p": [1.424475908279419, 1.4279119968414307, 1.5188732147216797, 1.490721344947815, 1.5063819885253906, 1.4628185033798218, 1.4947203397750854, 1.525517225265503, 1.4637118577957153, 1.4767507314682007, 1.4896913766860962, 1.50648033618927, 1.4675593376159668, 1.4797134399414062, 1.4991943836212158, 1.49603271484375, 1.4739618301391602, 1.5121161937713623, 1.4734920263290405, 1.506268858909607, 1.4760299921035767, 1.4506031274795532], "phq_true_log1p": [2.4849066734313965, 1.945910096168518, 1.945910096168518, 1.945910096168518, 1.945910096168518, 1.0986123085021973, 1.0986123085021973, 1.0986123085021973, 1.945910096168518, 1.0986123085021973, 1.945910096168518, 1.0986123085021973, 1.0986123085021973, 1.0986123085021973, 2.4849066734313965, 1.0986123085021973, 2.4849066734313965, 1.945910096168518, 1.945910096168518, 1.0986123085021973, 1.0986123085021973, 1.0986123085021973], "y_true": [2, 1, 1, 1, 1, 0, 0, 0, 1, 0, 1, 0, 0, 0, 2, 0, 2, 1, 1, 0, 0, 0], "y_pred": [0, 0, 0, 1, 0, 1, 1, 1, 0, 0, 0, 0, 0, 0, 0, 0, 0, 1, 0, 0, 1, 1]}