{"ckpt": "checkpoints/Track2/A-V-G+P/binary/pipeline__A_V_GpP__opensmile__openface__bilstm_mean__frozen_val_seed2026/best_model_2026-05-15-22.05.54.pth", "track": "Track2", "task": "binary", "subtrack": "A-V-G+P", "audio_feature": "opensmile", "video_feature": "openface", "encoder_type": "bilstm_mean", "seed": 2026, "experiment_name": "pipeline__A_V_GpP__opensmile__openface__bilstm_mean__frozen_val_seed2026", "val": {"acc": 0.6666666666666666, "f1": 0.6493506493506493, "kappa": 0.37209302325581395, "ccc": -0.03091350539207577, "rmse": 0.9138311323172634, "mae": 0.6668073932329813, "confusion_matrix": [[2, 3], [0, 4]], "selection_score": 0.6493506493506493, "r2": -0.5210210215655082, "cls_loss": 1.316787600517273, "reg_loss": 0.8350873507184183, "loss": 2.151875004172325}, "metric_split": "val", "test": {"acc": 0.5909090909090909, "f1": 0.5900621118012422, "kappa": 0.18181818181818177, "ccc": 0.06095966675886371, "rmse": 0.7671786266021912, "mae": 0.6794612841172651, "confusion_matrix": [[6, 5], [4, 7]], "selection_score": 0.5900621118012422, "r2": -1.1327205844877901}, "ids": [1, 5, 7, 13, 15, 22, 28, 33, 34, 40, 42, 44, 47, 58, 74, 83, 85, 89, 90, 93, 105, 110], "probs": [[0.008518307469785213, 0.9914816617965698], [0.9964010715484619, 0.003598959418013692], [0.9984349608421326, 0.0015650339191779494], [0.198966383934021, 0.801033616065979], [0.9970968961715698, 0.0029030567966401577], [0.6078551411628723, 0.3921448886394501], [0.7915554642677307, 0.2084445357322693], [0.9526315927505493, 0.04736841097474098], [0.9947092533111572, 0.005290761590003967], [0.009569634683430195, 0.9904302954673767], [0.012982510030269623, 0.9870174527168274], [0.003156590973958373, 0.9968434572219849], [0.023427296429872513, 0.9765726923942566], [0.004974796436727047, 0.9950252175331116], [0.0919715166091919, 0.9080284833908081], [0.004313483368605375, 0.9956865310668945], [0.0037792425137013197, 0.9962207674980164], [0.0039263092912733555, 0.9960737228393555], [0.027921946719288826, 0.9720780849456787], [0.9984789490699768, 0.0015210029669106007], [0.9975444674491882, 0.0024554829578846693], [0.8632311224937439, 0.13676892220973969]], "phq_pred_log1p": [2.246968984603882, 0.9320921897888184, 0.34163087606430054, 1.7308824062347412, 0.9767016768455505, 1.6765133142471313, 1.479262113571167, 1.7359896898269653, 1.1158732175827026, 2.0792746543884277, 1.704282522201538, 2.0880684852600098, 2.0816256999969482, 2.139439582824707, 1.9184242486953735, 2.105358600616455, 2.0698587894439697, 2.1778953075408936, 2.193739175796509, 0.4889652132987976, 0.5663036704063416, 1.7348911762237549], "phq_true_log1p": [2.4849066734313965, 1.945910096168518, 1.945910096168518, 1.945910096168518, 1.945910096168518, 1.0986123085021973, 1.0986123085021973, 1.0986123085021973, 1.945910096168518, 1.0986123085021973, 1.945910096168518, 1.0986123085021973, 1.0986123085021973, 1.0986123085021973, 2.4849066734313965, 1.0986123085021973, 2.4849066734313965, 1.945910096168518, 1.945910096168518, 1.0986123085021973, 1.0986123085021973, 1.0986123085021973], "y_true": [1, 1, 1, 1, 1, 0, 0, 0, 1, 0, 1, 0, 0, 0, 1, 0, 1, 1, 1, 0, 0, 0], "y_pred": [1, 0, 0, 1, 0, 0, 0, 0, 0, 1, 1, 1, 1, 1, 1, 1, 1, 1, 1, 0, 0, 0]}