{"ckpt": "checkpoints/Track2/A-V-P/binary/pipeline__A_VpP__mfcc__openface__bilstm_mean__frozen_val_seed3407/best_model_2026-05-15-21.38.58.pth", "track": "Track2", "task": "binary", "subtrack": "A-V+P", "audio_feature": "mfcc", "video_feature": "openface", "encoder_type": "bilstm_mean", "seed": 3407, "experiment_name": "pipeline__A_VpP__mfcc__openface__bilstm_mean__frozen_val_seed3407", "val": {"acc": 0.5555555555555556, "f1": 0.5, "kappa": 0.18181818181818188, "ccc": -0.10123569406000874, "rmse": 0.7914066361917006, "mae": 0.6492706139882406, "confusion_matrix": [[1, 4], [0, 4]], "selection_score": 0.5, "r2": -0.1407820858680524, "cls_loss": 0.7077332470152113, "reg_loss": 0.6263244688096974, "loss": 1.3340576887130737}, "metric_split": "val", "test": {"acc": 0.45454545454545453, "f1": 0.4358974358974359, "kappa": -0.09090909090909083, "ccc": -0.01118712378200076, "rmse": 0.5664570645844431, "mae": 0.5113917264071378, "confusion_matrix": [[3, 8], [4, 7]], "selection_score": 0.4358974358974359, "r2": -0.1627195255499574}, "ids": [1, 5, 7, 13, 15, 22, 28, 33, 34, 40, 42, 44, 47, 58, 74, 83, 85, 89, 90, 93, 105, 110], "probs": [[0.4707224667072296, 0.5292775630950928], [0.5119344592094421, 0.48806554079055786], [0.5371055603027344, 0.46289440989494324], [0.44805267453193665, 0.551947295665741], [0.49204757809638977, 0.5079523921012878], [0.4428673982620239, 0.5571326613426208], [0.46004047989845276, 0.5399594902992249], [0.5064588785171509, 0.49354109168052673], [0.5145500302314758, 0.48544996976852417], [0.49251610040664673, 0.5074838995933533], [0.5012373328208923, 0.49876266717910767], [0.45319151878356934, 0.5468084216117859], [0.44693851470947266, 0.5530614852905273], [0.47137898206710815, 0.5286209583282471], [0.48245787620544434, 0.5175421833992004], [0.4686949551105499, 0.5313050746917725], [0.43874695897102356, 0.561253011226654], [0.4468664824962616, 0.553133487701416], [0.4741367995738983, 0.5258632302284241], [0.524018406867981, 0.47598159313201904], [0.5179877281188965, 0.4820122718811035], [0.48120489716529846, 0.5187950730323792]], "phq_pred_log1p": [1.5244579315185547, 1.3426611423492432, 1.1722161769866943, 1.4759016036987305, 1.3914315700531006, 1.5409197807312012, 1.4654350280761719, 1.375514268875122, 1.3405086994171143, 1.397284746170044, 1.2818050384521484, 1.542546033859253, 1.5504982471466064, 1.4429945945739746, 1.3601820468902588, 1.4857983589172363, 1.5670692920684814, 1.555405616760254, 1.5171849727630615, 1.240372657775879, 1.285309076309204, 1.5155038833618164], "phq_true_log1p": [2.4849066734313965, 1.945910096168518, 1.945910096168518, 1.945910096168518, 1.945910096168518, 1.0986123085021973, 1.0986123085021973, 1.0986123085021973, 1.945910096168518, 1.0986123085021973, 1.945910096168518, 1.0986123085021973, 1.0986123085021973, 1.0986123085021973, 2.4849066734313965, 1.0986123085021973, 2.4849066734313965, 1.945910096168518, 1.945910096168518, 1.0986123085021973, 1.0986123085021973, 1.0986123085021973], "y_true": [1, 1, 1, 1, 1, 0, 0, 0, 1, 0, 1, 0, 0, 0, 1, 0, 1, 1, 1, 0, 0, 0], "y_pred": [1, 0, 0, 1, 1, 1, 1, 0, 0, 1, 0, 1, 1, 1, 1, 1, 1, 1, 1, 0, 0, 1]}