{"ckpt": "checkpoints/Track1/A-V-P/binary/pipeline__A_VpP__wav2vec__resnet__bilstm_mean__frozen_val_seed3407/best_model_2026-05-15-21.23.14.pth", "track": "Track1", "task": "binary", "subtrack": "A-V+P", "audio_feature": "wav2vec", "video_feature": "resnet", "encoder_type": "bilstm_mean", "seed": 3407, "experiment_name": "pipeline__A_VpP__wav2vec__resnet__bilstm_mean__frozen_val_seed3407", "val": {"acc": 0.7777777777777778, "f1": 0.6785714285714286, "kappa": 0.3999999999999999, "ccc": 0.19916391623212487, "rmse": 0.6548123623776546, "mae": 0.4689330259958903, "confusion_matrix": [[6, 0], [2, 1]], "selection_score": 0.6785714285714286, "r2": 0.03399253595726959, "cls_loss": 0.6201144059499105, "reg_loss": 0.4287792245546977, "loss": 1.0488936371273465}, "metric_split": "val", "test": {"acc": 0.6086956521739131, "f1": 0.3783783783783784, "kappa": 0.0, "ccc": -0.17983575674580912, "rmse": 0.7200144256497615, "mae": 0.5325687333293583, "confusion_matrix": [[14, 0], [9, 0]], "selection_score": 0.3783783783783784, "r2": -0.9626094741335598}, "ids": [1, 6, 8, 13, 18, 24, 26, 32, 33, 35, 45, 48, 51, 59, 69, 70, 83, 86, 91, 92, 97, 106, 117], "probs": [[0.6390782594680786, 0.360921710729599], [0.6731348633766174, 0.3268651068210602], [0.6789528727531433, 0.3210470974445343], [0.6051023006439209, 0.3948976695537567], [0.7225778102874756, 0.2774222195148468], [0.6840040683746338, 0.3159959614276886], [0.583875834941864, 0.416124165058136], [0.6115094423294067, 0.38849058747291565], [0.5304145812988281, 0.46958544850349426], [0.7842177748680115, 0.21578219532966614], [0.6542961597442627, 0.3457038104534149], [0.6616649627685547, 0.3383350670337677], [0.6596217751502991, 0.3403782546520233], [0.5299103856086731, 0.4700896143913269], [0.6140787601470947, 0.38592129945755005], [0.6830242872238159, 0.31697574257850647], [0.6467606425285339, 0.3532393276691437], [0.8255298733711243, 0.17447008192539215], [0.5169353485107422, 0.4830646514892578], [0.6479190587997437, 0.35208097100257874], [0.6228644251823425, 0.37713557481765747], [0.5715677738189697, 0.4284322261810303], [0.5704121589660645, 0.42958787083625793]], "phq_pred_log1p": [1.1496307849884033, 1.0889688730239868, 0.9904187917709351, 1.3001972436904907, 0.940161943435669, 1.0546411275863647, 1.3564444780349731, 1.2995688915252686, 1.4510313272476196, 0.6760882139205933, 1.1555367708206177, 1.070212721824646, 1.1292749643325806, 1.4626954793930054, 1.2380859851837158, 1.0108816623687744, 1.1898189783096313, 0.46488192677497864, 1.449167251586914, 1.149891972541809, 1.2988756895065308, 1.3496967554092407, 1.345112681388855], "phq_true_log1p": [2.5649492740631104, 2.079441547393799, 1.0986123085021973, 2.079441547393799, 1.0986123085021973, 1.0986123085021973, 2.079441547393799, 1.0986123085021973, 1.0986123085021973, 2.079441547393799, 1.0986123085021973, 2.079441547393799, 1.0986123085021973, 1.0986123085021973, 2.079441547393799, 1.0986123085021973, 1.0986123085021973, 2.079441547393799, 1.0986123085021973, 2.079441547393799, 1.0986123085021973, 1.0986123085021973, 1.0986123085021973], "y_true": [1, 1, 0, 1, 0, 0, 1, 0, 0, 1, 0, 1, 0, 0, 1, 0, 0, 1, 0, 1, 0, 0, 0], "y_pred": [0, 0, 0, 0, 0, 0, 0, 0, 0, 0, 0, 0, 0, 0, 0, 0, 0, 0, 0, 0, 0, 0, 0]}