{"ckpt": "checkpoints/Track1/A-V-G+P/ternary/pipeline__A_V_GpP__mfcc__openface__bilstm_mean__frozen_val_seed42/best_model_2026-05-15-22.41.19.pth", "track": "Track1", "task": "ternary", "subtrack": "A-V-G+P", "audio_feature": "mfcc", "video_feature": "openface", "encoder_type": "bilstm_mean", "seed": 42, "experiment_name": "pipeline__A_V_GpP__mfcc__openface__bilstm_mean__frozen_val_seed42", "val": {"acc": 0.6666666666666666, "f1": 0.4444444444444445, "kappa": 0.32500000000000007, "ccc": 0.576039231811836, "rmse": 0.6268650156519721, "mae": 0.5265733997027079, "confusion_matrix": [[5, 1, 0], [0, 1, 1], [1, 0, 0]], "selection_score": 0.4444444444444445, "r2": 0.33983150402924633, "cls_loss": 1.510207838482327, "reg_loss": 0.39295973297622466, "loss": 1.9031675656636555}, "metric_split": "val", "test": {"acc": 0.4782608695652174, "f1": 0.2663358147229115, "kappa": -0.10399999999999987, "ccc": 0.18066972599065173, "rmse": 0.7804326759580285, "mae": 0.6600187369014906, "confusion_matrix": [[10, 3, 1], [7, 1, 0], [0, 1, 0]], "selection_score": 0.2663358147229115, "r2": -1.3058039815203988}, "ids": [1, 6, 8, 13, 18, 24, 26, 32, 33, 35, 45, 48, 51, 59, 69, 70, 83, 86, 91, 92, 97, 106, 117], "probs": [[0.07299166172742844, 0.6860541105270386, 0.2409542202949524], [0.2055841088294983, 0.6954437494277954, 0.0989721491932869], [0.1982957124710083, 0.6859984993934631, 0.11570574343204498], [0.48163843154907227, 0.36045825481414795, 0.15790322422981262], [0.19966019690036774, 0.714346170425415, 0.08599363267421722], [0.9084606170654297, 0.07813124358654022, 0.013408083468675613], [0.947083592414856, 0.028696851804852486, 0.024219533428549767], [0.8867471814155579, 0.09595315903425217, 0.017299596220254898], [0.09461425989866257, 0.40660032629966736, 0.49878546595573425], [0.6704726815223694, 0.2776567041873932, 0.05187055096030235], [0.7858926653862, 0.15379294753074646, 0.06031440198421478], [0.9696294069290161, 0.02002311870455742, 0.010347566567361355], [0.3905729353427887, 0.5235550403594971, 0.08587200939655304], [0.6700215339660645, 0.2867763340473175, 0.04320206120610237], [0.6694713234901428, 0.20978794991970062, 0.12074075639247894], [0.9015976786613464, 0.08393602073192596, 0.014466346241533756], [0.9560640454292297, 0.03377672657370567, 0.0101592056453228], [0.8192274570465088, 0.12484285235404968, 0.05592973530292511], [0.5914218425750732, 0.09403179585933685, 0.3145463466644287], [0.7262524366378784, 0.2425680160522461, 0.031179476529359818], [0.8712218999862671, 0.08454486727714539, 0.044233255088329315], [0.9140450358390808, 0.06988339126110077, 0.016071582213044167], [0.9513425230979919, 0.036799851804971695, 0.011857653968036175]], "phq_pred_log1p": [2.465541124343872, 1.8416011333465576, 1.9565439224243164, 1.4262747764587402, 1.7293500900268555, 0.6761544346809387, 0.7793590426445007, 0.6375584602355957, 2.0778727531433105, 1.0762724876403809, 1.2976596355438232, 0.20275843143463135, 1.5380598306655884, 0.8958319425582886, 1.5593242645263672, 0.6298317909240723, 0.25919783115386963, 1.0674799680709839, 1.8171491622924805, 1.102834701538086, 1.0973236560821533, 0.5815035104751587, 0.3350631594657898], "phq_true_log1p": [2.5649492740631104, 2.079441547393799, 1.0986123085021973, 2.079441547393799, 1.0986123085021973, 1.0986123085021973, 2.079441547393799, 1.0986123085021973, 1.0986123085021973, 2.079441547393799, 1.0986123085021973, 2.079441547393799, 1.0986123085021973, 1.0986123085021973, 2.079441547393799, 1.0986123085021973, 1.0986123085021973, 2.079441547393799, 1.0986123085021973, 2.079441547393799, 1.0986123085021973, 1.0986123085021973, 1.0986123085021973], "y_true": [2, 1, 0, 1, 0, 0, 1, 0, 0, 1, 0, 1, 0, 0, 1, 0, 0, 1, 0, 1, 0, 0, 0], "y_pred": [1, 1, 1, 0, 1, 0, 0, 0, 2, 0, 0, 0, 1, 0, 0, 0, 0, 0, 0, 0, 0, 0, 0]}