{"ckpt": "checkpoints/Track2/A-V-G+P/ternary/pipeline__A_V_GpP__mfcc__densenet__bilstm_mean__fold4_seed42/best_model_2026-05-16-02.09.27.pth", "track": "Track2", "task": "ternary", "subtrack": "A-V-G+P", "audio_feature": "mfcc", "video_feature": "densenet", "encoder_type": "bilstm_mean", "seed": 42, "experiment_name": "pipeline__A_V_GpP__mfcc__densenet__bilstm_mean__fold4_seed42", "val": {"acc": 0.5294117647058824, "f1": 0.36507936507936506, "kappa": 0.15000000000000002, "ccc": -0.0034136324612146825, "rmse": 0.791232685056058, "mae": 0.6396195608026841, "confusion_matrix": [[6, 3, 0], [3, 3, 0], [0, 2, 0]], "selection_score": 0.36507936507936506, "r2": -0.006006652405575075, "cls_loss": 1.0930091423146866, "reg_loss": 0.6260491679696476, "loss": 1.7190583172966452}, "metric_split": "val", "test": {"acc": 0.5, "f1": 0.35873015873015873, "kappa": 0.1387900355871886, "ccc": -0.01350847488175348, "rmse": 0.5335805336884536, "mae": 0.49948005242781207, "confusion_matrix": [[6, 5, 0], [3, 5, 0], [0, 3, 0]], "selection_score": 0.35873015873015873, "r2": -0.03167029215857564}, "ids": [1, 5, 7, 13, 15, 22, 28, 33, 34, 40, 42, 44, 47, 58, 74, 83, 85, 89, 90, 93, 105, 110], "probs": [[0.3925473988056183, 0.3967513144016266, 0.21070127189159393], [0.39361464977264404, 0.3936396837234497, 0.21274569630622864], [0.3973176181316376, 0.3852810561656952, 0.21740128099918365], [0.39181390404701233, 0.39285802841186523, 0.21532808244228363], [0.3886556327342987, 0.39184001088142395, 0.21950432658195496], [0.39381739497184753, 0.3920391798019409, 0.21414341032505035], [0.39564716815948486, 0.3927679657936096, 0.21158485114574432], [0.39187973737716675, 0.3914544880390167, 0.21666575968265533], [0.39609599113464355, 0.38943976163864136, 0.21446432173252106], [0.3912200927734375, 0.39602553844451904, 0.21275436878204346], [0.38864877820014954, 0.39240482449531555, 0.2189464420080185], [0.3913131654262543, 0.38985708355903625, 0.21882972121238708], [0.3899098336696625, 0.3917168974876404, 0.21837328374385834], [0.38587114214897156, 0.39779654145240784, 0.216332346200943], [0.3900352120399475, 0.3938722610473633, 0.21609251201152802], [0.3850431740283966, 0.3993126451969147, 0.21564418077468872], [0.3904295265674591, 0.3936373293399811, 0.215933158993721], [0.3926173746585846, 0.3933914303779602, 0.2139911651611328], [0.39420536160469055, 0.3926856517791748, 0.21310898661613464], [0.3949970006942749, 0.3919084072113037, 0.2130945473909378], [0.40347567200660706, 0.3901174068450928, 0.20640689134597778], [0.3833540678024292, 0.40483495593070984, 0.21181099116802216]], "phq_pred_log1p": [1.5119974613189697, 1.5133875608444214, 1.5570255517959595, 1.5226927995681763, 1.5420621633529663, 1.5311087369918823, 1.5204330682754517, 1.5466455221176147, 1.4869911670684814, 1.5283609628677368, 1.5662646293640137, 1.5445204973220825, 1.5207098722457886, 1.546152949333191, 1.5115512609481812, 1.5319044589996338, 1.5260895490646362, 1.5225279331207275, 1.531895399093628, 1.5784333944320679, 1.5035713911056519, 1.4919403791427612], "phq_true_log1p": [2.4849066734313965, 1.945910096168518, 1.945910096168518, 1.945910096168518, 1.945910096168518, 1.0986123085021973, 1.0986123085021973, 1.0986123085021973, 1.945910096168518, 1.0986123085021973, 1.945910096168518, 1.0986123085021973, 1.0986123085021973, 1.0986123085021973, 2.4849066734313965, 1.0986123085021973, 2.4849066734313965, 1.945910096168518, 1.945910096168518, 1.0986123085021973, 1.0986123085021973, 1.0986123085021973], "y_true": [2, 1, 1, 1, 1, 0, 0, 0, 1, 0, 1, 0, 0, 0, 2, 0, 2, 1, 1, 0, 0, 0], "y_pred": [1, 1, 0, 1, 1, 0, 0, 0, 0, 1, 1, 0, 1, 1, 1, 1, 1, 1, 0, 0, 0, 1]}