{"ckpt": "checkpoints/Track2/A-V-G+P/ternary/pipeline__A_V_GpP__opensmile__openface__bilstm_mean__frozen_val_seed42/best_model_2026-05-15-23.22.07.pth", "track": "Track2", "task": "ternary", "subtrack": "A-V-G+P", "audio_feature": "opensmile", "video_feature": "openface", "encoder_type": "bilstm_mean", "seed": 42, "experiment_name": "pipeline__A_V_GpP__opensmile__openface__bilstm_mean__frozen_val_seed42", "val": {"acc": 0.6666666666666666, "f1": 0.6666666666666666, "kappa": 0.45999999999999996, "ccc": 0.4520934021929353, "rmse": 0.4445786843169036, "mae": 0.40488798088497585, "confusion_matrix": [[3, 1, 1], [1, 2, 0], [0, 0, 1]], "selection_score": 0.6666666666666666, "r2": 0.19528540613709222, "cls_loss": 1.0978710518942938, "reg_loss": 0.19765019747945997, "loss": 1.2955212328169081}, "metric_split": "val", "test": {"acc": 0.36363636363636365, "f1": 0.36159420289855077, "kappa": -0.09219858156028371, "ccc": 0.01289275668348285, "rmse": 0.8052933427421523, "mae": 0.7175992916930806, "confusion_matrix": [[5, 5, 1], [6, 2, 0], [1, 1, 1]], "selection_score": 0.36159420289855077, "r2": -1.3498989562973787}, "ids": [1, 5, 7, 13, 15, 22, 28, 33, 34, 40, 42, 44, 47, 58, 74, 83, 85, 89, 90, 93, 105, 110], "probs": [[0.1003803163766861, 0.4383774399757385, 0.46124228835105896], [0.9263411164283752, 0.03367507457733154, 0.039983779191970825], [0.954136312007904, 0.02550663612782955, 0.020357046276330948], [0.31707462668418884, 0.6167893409729004, 0.06613600254058838], [0.93559330701828, 0.034982193261384964, 0.029424592852592468], [0.7738878130912781, 0.18509875237941742, 0.0410134457051754], [0.26774707436561584, 0.6317692399024963, 0.10048365592956543], [0.7694586515426636, 0.07635359466075897, 0.15418778359889984], [0.9049831032752991, 0.038015108555555344, 0.05700179934501648], [0.06634178012609482, 0.7440271973609924, 0.18963104486465454], [0.8902044892311096, 0.07510353624820709, 0.03469197824597359], [0.039421189576387405, 0.7317942976951599, 0.2287844568490982], [0.4834156930446625, 0.42869558930397034, 0.08788872510194778], [0.06559238582849503, 0.7691946625709534, 0.16521292924880981], [0.6138189435005188, 0.20094282925128937, 0.1852382868528366], [0.06833992153406143, 0.6059960722923279, 0.3256639838218689], [0.04867086559534073, 0.7390601634979248, 0.2122689038515091], [0.043376583606004715, 0.7655421495437622, 0.19108130037784576], [0.7336983680725098, 0.14755192399024963, 0.11874980479478836], [0.9646544456481934, 0.02139931358397007, 0.0139462286606431], [0.9587433934211731, 0.025238193571567535, 0.016018351539969444], [0.2650812268257141, 0.23658806085586548, 0.4983307719230652]], "phq_pred_log1p": [2.1366560459136963, 0.8169721961021423, 0.5828517079353333, 1.3373535871505737, 0.9076617956161499, 0.9424758553504944, 1.6017073392868042, 1.3599138259887695, 0.8062359690666199, 2.1599419116973877, 1.093332290649414, 2.300281524658203, 1.2328680753707886, 2.116377830505371, 1.5630301237106323, 2.187230110168457, 2.141249418258667, 2.2960054874420166, 1.327455759048462, 0.5334125757217407, 0.5987456440925598, 1.6831722259521484], "phq_true_log1p": [2.4849066734313965, 1.945910096168518, 1.945910096168518, 1.945910096168518, 1.945910096168518, 1.0986123085021973, 1.0986123085021973, 1.0986123085021973, 1.945910096168518, 1.0986123085021973, 1.945910096168518, 1.0986123085021973, 1.0986123085021973, 1.0986123085021973, 2.4849066734313965, 1.0986123085021973, 2.4849066734313965, 1.945910096168518, 1.945910096168518, 1.0986123085021973, 1.0986123085021973, 1.0986123085021973], "y_true": [2, 1, 1, 1, 1, 0, 0, 0, 1, 0, 1, 0, 0, 0, 2, 0, 2, 1, 1, 0, 0, 0], "y_pred": [2, 0, 0, 1, 0, 0, 1, 0, 0, 1, 0, 1, 0, 1, 0, 1, 1, 1, 0, 0, 0, 2]}