{"ckpt": "checkpoints/Track1/A-V-G+P/binary/pipeline__A_V_GpP__wav2vec__openface__bilstm_mean__frozen_val_seed2026/best_model_2026-05-15-21.33.03.pth", "track": "Track1", "task": "binary", "subtrack": "A-V-G+P", "audio_feature": "wav2vec", "video_feature": "openface", "encoder_type": "bilstm_mean", "seed": 2026, "experiment_name": "pipeline__A_V_GpP__wav2vec__openface__bilstm_mean__frozen_val_seed2026", "val": {"acc": 0.7777777777777778, "f1": 0.6785714285714286, "kappa": 0.3999999999999999, "ccc": 0.18096102477271728, "rmse": 0.6805759311864246, "mae": 0.5440783368216621, "confusion_matrix": [[6, 0], [2, 1]], "selection_score": 0.6785714285714286, "r2": -0.04351792664362786, "cls_loss": 1.0225767890612285, "reg_loss": 0.46318358845180935, "loss": 1.4857603708902996}, "metric_split": "val", "test": {"acc": 0.5652173913043478, "f1": 0.5436507936507937, "kappa": 0.08730158730158732, "ccc": 0.13218299151984556, "rmse": 0.614674911631044, "mae": 0.4894146115883537, "confusion_matrix": [[9, 5], [5, 4]], "selection_score": 0.5436507936507937, "r2": -0.43035049465720365}, "ids": [1, 6, 8, 13, 18, 24, 26, 32, 33, 35, 45, 48, 51, 59, 69, 70, 83, 86, 91, 92, 97, 106, 117], "probs": [[0.018681149929761887, 0.9813188314437866], [0.12900310754776, 0.8709969520568848], [0.1346454620361328, 0.8653544783592224], [0.194221630692482, 0.8057783842086792], [0.22587935626506805, 0.7741206288337708], [0.7823039293289185, 0.21769607067108154], [0.9577169418334961, 0.042283087968826294], [0.8525464534759521, 0.14745353162288666], [0.24707567691802979, 0.7529243230819702], [0.8450828194618225, 0.1549171656370163], [0.1902971714735031, 0.8097028136253357], [0.9949475526809692, 0.0050524636171758175], [0.3835875988006592, 0.616412341594696], [0.7985196113586426, 0.20148035883903503], [0.190449059009552, 0.809550940990448], [0.6488394737243652, 0.35116052627563477], [0.9896225929260254, 0.010377388447523117], [0.859558641910553, 0.1404413878917694], [0.5115081667900085, 0.48849183320999146], [0.8499476909637451, 0.1500522643327713], [0.9367989897727966, 0.0632009357213974], [0.9474332332611084, 0.05256674066185951], [0.9876965880393982, 0.012303424067795277]], "phq_pred_log1p": [2.0498201847076416, 1.9501250982284546, 1.8899303674697876, 1.8144439458847046, 1.6104365587234497, 1.523650050163269, 0.9399583339691162, 1.1700726747512817, 1.2588053941726685, 1.0998154878616333, 1.9391268491744995, 0.5740195512771606, 1.630495309829712, 1.2761707305908203, 1.9163650274276733, 1.4601300954818726, 0.777640700340271, 1.280102014541626, 1.5974609851837158, 1.3933666944503784, 1.1113299131393433, 1.232115387916565, 0.8618897795677185], "phq_true_log1p": [2.5649492740631104, 2.079441547393799, 1.0986123085021973, 2.079441547393799, 1.0986123085021973, 1.0986123085021973, 2.079441547393799, 1.0986123085021973, 1.0986123085021973, 2.079441547393799, 1.0986123085021973, 2.079441547393799, 1.0986123085021973, 1.0986123085021973, 2.079441547393799, 1.0986123085021973, 1.0986123085021973, 2.079441547393799, 1.0986123085021973, 2.079441547393799, 1.0986123085021973, 1.0986123085021973, 1.0986123085021973], "y_true": [1, 1, 0, 1, 0, 0, 1, 0, 0, 1, 0, 1, 0, 0, 1, 0, 0, 1, 0, 1, 0, 0, 0], "y_pred": [1, 1, 1, 1, 1, 0, 0, 0, 1, 0, 1, 0, 1, 0, 1, 0, 0, 0, 0, 0, 0, 0, 0]}