{"ckpt": "checkpoints/Track2/G-P/binary/pipeline__GpP__mfcc__resnet__bilstm_mean__fold0_seed42/best_model_2026-05-16-01.29.33.pth", "track": "Track2", "task": "binary", "subtrack": "G+P", "audio_feature": "mfcc", "video_feature": "resnet", "encoder_type": "bilstm_mean", "seed": 42, "experiment_name": "pipeline__GpP__mfcc__resnet__bilstm_mean__fold0_seed42", "val": {"acc": 0.7222222222222222, "f1": 0.7213622291021672, "kappa": 0.4444444444444444, "ccc": 0.0037180466627883156, "rmse": 0.607631141614356, "mae": 0.45672920015123153, "confusion_matrix": [[6, 3], [2, 7]], "selection_score": 0.7213622291021672, "r2": -0.06923349569649595, "cls_loss": 0.6915017631318834, "reg_loss": 0.3692156175772349, "loss": 1.0607173707750108}, "metric_split": "val", "test": {"acc": 0.36363636363636365, "f1": 0.3125, "kappa": -0.2727272727272727, "ccc": -0.004902413080726472, "rmse": 0.5389171124465458, "mae": 0.4988530494950034, "confusion_matrix": [[7, 4], [10, 1]], "selection_score": 0.3125, "r2": -0.052409885738682105}, "ids": [1, 5, 7, 13, 15, 22, 28, 33, 34, 40, 42, 44, 47, 58, 74, 83, 85, 89, 90, 93, 105, 110], "probs": [[0.5103335380554199, 0.4896664619445801], [0.5095266699790955, 0.49047330021858215], [0.5047322511672974, 0.49526774883270264], [0.49560728669166565, 0.5043927431106567], [0.5020236372947693, 0.4979763329029083], [0.4926610291004181, 0.5073389410972595], [0.5015262961387634, 0.4984737038612366], [0.4904100298881531, 0.5095899701118469], [0.5023066401481628, 0.49769335985183716], [0.5050288438796997, 0.4949711263179779], [0.5098472237586975, 0.4901527762413025], [0.5046461224555969, 0.49535390734672546], [0.5056814551353455, 0.49431851506233215], [0.5031173229217529, 0.49688270688056946], [0.5062682032585144, 0.493731826543808], [0.501568615436554, 0.49843135476112366], [0.5111984610557556, 0.48880159854888916], [0.501639723777771, 0.498360276222229], [0.5074529051780701, 0.49254709482192993], [0.5001501441001892, 0.4998498260974884], [0.49557381868362427, 0.5044262409210205], [0.49436211585998535, 0.5056379437446594]], "phq_pred_log1p": [1.4575122594833374, 1.4653578996658325, 1.4969478845596313, 1.4815219640731812, 1.4919352531433105, 1.44533371925354, 1.4922324419021606, 1.503154993057251, 1.4524075984954834, 1.4801727533340454, 1.4824638366699219, 1.4864885807037354, 1.4876314401626587, 1.4830689430236816, 1.5026347637176514, 1.5029577016830444, 1.489180564880371, 1.5049861669540405, 1.4684478044509888, 1.4942669868469238, 1.5011060237884521, 1.4544841051101685], "phq_true_log1p": [2.4849066734313965, 1.945910096168518, 1.945910096168518, 1.945910096168518, 1.945910096168518, 1.0986123085021973, 1.0986123085021973, 1.0986123085021973, 1.945910096168518, 1.0986123085021973, 1.945910096168518, 1.0986123085021973, 1.0986123085021973, 1.0986123085021973, 2.4849066734313965, 1.0986123085021973, 2.4849066734313965, 1.945910096168518, 1.945910096168518, 1.0986123085021973, 1.0986123085021973, 1.0986123085021973], "y_true": [1, 1, 1, 1, 1, 0, 0, 0, 1, 0, 1, 0, 0, 0, 1, 0, 1, 1, 1, 0, 0, 0], "y_pred": [0, 0, 0, 1, 0, 1, 0, 1, 0, 0, 0, 0, 0, 0, 0, 0, 0, 0, 0, 0, 1, 1]}