{"ckpt": "checkpoints/Track1/A-V-P/binary/pipeline__A_VpP__wav2vec__resnet__bilstm_mean__fold0_seed42/best_model_2026-05-16-00.10.08.pth", "track": "Track1", "task": "binary", "subtrack": "A-V+P", "audio_feature": "wav2vec", "video_feature": "resnet", "encoder_type": "bilstm_mean", "seed": 42, "experiment_name": "pipeline__A_VpP__wav2vec__resnet__bilstm_mean__fold0_seed42", "val": {"acc": 0.6666666666666666, "f1": 0.4, "kappa": 0.0, "ccc": 0.003809542388620702, "rmse": 0.8239449115844986, "mae": 0.6984898249308268, "confusion_matrix": [[12, 0], [6, 0]], "selection_score": 0.4, "r2": 0.0018264880506153602, "cls_loss": 0.7030295928319296, "reg_loss": 0.6788852082358466, "loss": 1.381914774576823}, "metric_split": "val", "test": {"acc": 0.6086956521739131, "f1": 0.3783783783783784, "kappa": 0.0, "ccc": -0.007637129581038254, "rmse": 0.5543983856963625, "mae": 0.45127455047939136, "confusion_matrix": [[14, 0], [9, 0]], "selection_score": 0.3783783783783784, "r2": -0.1635777542126331}, "ids": [1, 6, 8, 13, 18, 24, 26, 32, 33, 35, 45, 48, 51, 59, 69, 70, 83, 86, 91, 92, 97, 106, 117], "probs": [[0.5668237805366516, 0.4331761598587036], [0.5729144811630249, 0.4270854890346527], [0.5726206302642822, 0.4273793399333954], [0.5691671967506409, 0.43083277344703674], [0.569934070110321, 0.43006595969200134], [0.5669546723365784, 0.433045357465744], [0.5746751427650452, 0.42532479763031006], [0.5778037309646606, 0.42219629883766174], [0.5829150080680847, 0.4170849919319153], [0.569002628326416, 0.4309973120689392], [0.5659346580505371, 0.4340653419494629], [0.5684502124786377, 0.4315498173236847], [0.5708386898040771, 0.42916128039360046], [0.5745696425437927, 0.4254303574562073], [0.5667834281921387, 0.4332166016101837], [0.5696381330490112, 0.43036186695098877], [0.5714688301086426, 0.4285311698913574], [0.5692699551582336, 0.43073010444641113], [0.5676412582397461, 0.4323587417602539], [0.5704331398010254, 0.4295669198036194], [0.5730249285697937, 0.4269751310348511], [0.572542667388916, 0.4274572730064392], [0.5694301724433899, 0.4305698275566101]], "phq_pred_log1p": [1.2971229553222656, 1.3115966320037842, 1.2935364246368408, 1.2972824573516846, 1.287230372428894, 1.2868340015411377, 1.2990832328796387, 1.3190181255340576, 1.3461344242095947, 1.3247063159942627, 1.286350965499878, 1.2955303192138672, 1.3043524026870728, 1.3091936111450195, 1.2716631889343262, 1.2889811992645264, 1.302613615989685, 1.30621337890625, 1.302238941192627, 1.2889716625213623, 1.3135852813720703, 1.3100534677505493, 1.30145263671875], "phq_true_log1p": [2.5649492740631104, 2.079441547393799, 1.0986123085021973, 2.079441547393799, 1.0986123085021973, 1.0986123085021973, 2.079441547393799, 1.0986123085021973, 1.0986123085021973, 2.079441547393799, 1.0986123085021973, 2.079441547393799, 1.0986123085021973, 1.0986123085021973, 2.079441547393799, 1.0986123085021973, 1.0986123085021973, 2.079441547393799, 1.0986123085021973, 2.079441547393799, 1.0986123085021973, 1.0986123085021973, 1.0986123085021973], "y_true": [1, 1, 0, 1, 0, 0, 1, 0, 0, 1, 0, 1, 0, 0, 1, 0, 0, 1, 0, 1, 0, 0, 0], "y_pred": [0, 0, 0, 0, 0, 0, 0, 0, 0, 0, 0, 0, 0, 0, 0, 0, 0, 0, 0, 0, 0, 0, 0]}