{"ckpt": "checkpoints/Track2/A-V-P/binary/pipeline__A_VpP__mfcc__openface__bilstm_mean__frozen_val_seed2026/best_model_2026-05-15-21.38.58.pth", "track": "Track2", "task": "binary", "subtrack": "A-V+P", "audio_feature": "mfcc", "video_feature": "openface", "encoder_type": "bilstm_mean", "seed": 2026, "experiment_name": "pipeline__A_VpP__mfcc__openface__bilstm_mean__frozen_val_seed2026", "val": {"acc": 0.5555555555555556, "f1": 0.55, "kappa": 0.1428571428571429, "ccc": -0.17217047209587297, "rmse": 0.9046709553773135, "mae": 0.6733664274215698, "confusion_matrix": [[2, 3], [1, 3]], "selection_score": 0.55, "r2": -0.49068064378666865, "cls_loss": 1.1161056492063735, "reg_loss": 0.8184295475689901, "loss": 1.934535221921073}, "metric_split": "val", "test": {"acc": 0.45454545454545453, "f1": 0.45, "kappa": -0.09090909090909083, "ccc": 0.06057376629439443, "rmse": 0.7424938267980788, "mae": 0.6599212234670465, "confusion_matrix": [[4, 7], [5, 6]], "selection_score": 0.45, "r2": -0.9976834197878881}, "ids": [1, 5, 7, 13, 15, 22, 28, 33, 34, 40, 42, 44, 47, 58, 74, 83, 85, 89, 90, 93, 105, 110], "probs": [[0.05326081067323685, 0.9467391967773438], [0.9479518532752991, 0.05204809084534645], [0.9797948598861694, 0.020205114036798477], [0.5953590273857117, 0.40464097261428833], [0.9665665626525879, 0.0334334671497345], [0.2873370945453644, 0.7126628756523132], [0.3847530484199524, 0.6152469515800476], [0.8551943898200989, 0.14480561017990112], [0.9699714779853821, 0.03002854622900486], [0.02806232124567032, 0.9719377160072327], [0.06924311816692352, 0.9307568669319153], [0.008198694325983524, 0.9918013215065002], [0.29262155294418335, 0.7073784470558167], [0.020250875502824783, 0.9797491431236267], [0.11474356800317764, 0.8852564692497253], [0.015204214490950108, 0.9847958087921143], [0.009836709126830101, 0.9901633262634277], [0.012719091027975082, 0.9872809052467346], [0.15117661654949188, 0.8488233685493469], [0.9818947911262512, 0.01810516230762005], [0.9727023243904114, 0.027297701686620712], [0.6933963894844055, 0.30660364031791687]], "phq_pred_log1p": [2.0701780319213867, 1.0649988651275635, 0.36664018034935, 1.414689064025879, 0.9729865193367004, 1.796623706817627, 1.468430995941162, 1.517114281654358, 0.8189870715141296, 2.048679828643799, 1.72535240650177, 2.0219688415527344, 1.74678635597229, 2.0231733322143555, 1.7441376447677612, 1.9549980163574219, 2.1306982040405273, 2.151413679122925, 1.8066953420639038, 0.46807268261909485, 0.5686959028244019, 1.5013153553009033], "phq_true_log1p": [2.4849066734313965, 1.945910096168518, 1.945910096168518, 1.945910096168518, 1.945910096168518, 1.0986123085021973, 1.0986123085021973, 1.0986123085021973, 1.945910096168518, 1.0986123085021973, 1.945910096168518, 1.0986123085021973, 1.0986123085021973, 1.0986123085021973, 2.4849066734313965, 1.0986123085021973, 2.4849066734313965, 1.945910096168518, 1.945910096168518, 1.0986123085021973, 1.0986123085021973, 1.0986123085021973], "y_true": [1, 1, 1, 1, 1, 0, 0, 0, 1, 0, 1, 0, 0, 0, 1, 0, 1, 1, 1, 0, 0, 0], "y_pred": [1, 0, 0, 0, 0, 1, 1, 0, 0, 1, 1, 1, 1, 1, 1, 1, 1, 1, 1, 0, 0, 0]}