{"ckpt": "checkpoints/Track1/A-V-P/ternary/pipeline__A_VpP__mfcc__openface__bilstm_mean__frozen_val_seed2026/best_model_2026-05-15-22.33.53.pth", "track": "Track1", "task": "ternary", "subtrack": "A-V+P", "audio_feature": "mfcc", "video_feature": "openface", "encoder_type": "bilstm_mean", "seed": 2026, "experiment_name": "pipeline__A_VpP__mfcc__openface__bilstm_mean__frozen_val_seed2026", "val": {"acc": 0.6666666666666666, "f1": 0.45714285714285713, "kappa": 0.42553191489361697, "ccc": 0.5803821676543468, "rmse": 0.6454497072388273, "mae": 0.4668290350172255, "confusion_matrix": [[4, 2, 0], [0, 2, 0], [0, 1, 0]], "selection_score": 0.45714285714285713, "r2": 0.30010716862527076, "cls_loss": 1.3478646013471816, "reg_loss": 0.4166053320384688, "loss": 1.7644699679480658}, "metric_split": "val", "test": {"acc": 0.5217391304347826, "f1": 0.3636363636363636, "kappa": 0.16776315789473684, "ccc": 0.14035913326689584, "rmse": 0.7448117733407437, "mae": 0.5768405289753623, "confusion_matrix": [[6, 7, 1], [2, 6, 0], [0, 1, 0]], "selection_score": 0.3636363636363636, "r2": -1.1001221793827334}, "ids": [1, 6, 8, 13, 18, 24, 26, 32, 33, 35, 45, 48, 51, 59, 69, 70, 83, 86, 91, 92, 97, 106, 117], "probs": [[0.02822115644812584, 0.7483466863632202, 0.22343212366104126], [0.05041375011205673, 0.8406206965446472, 0.10896555334329605], [0.320516437292099, 0.5415732860565186, 0.13791033625602722], [0.05363108217716217, 0.7093488574028015, 0.23702004551887512], [0.04843410104513168, 0.8170782923698425, 0.13448761403560638], [0.8166325688362122, 0.15395894646644592, 0.029408475384116173], [0.9398307800292969, 0.03409244120121002, 0.02607688680291176], [0.8988239765167236, 0.08149071782827377, 0.01968534104526043], [0.0664072334766388, 0.6125146746635437, 0.3210781216621399], [0.31473180651664734, 0.6008591651916504, 0.08440908044576645], [0.26577523350715637, 0.504349410533905, 0.2298753410577774], [0.9748293161392212, 0.016420714557170868, 0.008749912492930889], [0.093386709690094, 0.8163387775421143, 0.09027452021837234], [0.11761893332004547, 0.7947309017181396, 0.08765017241239548], [0.13531790673732758, 0.611430287361145, 0.2532517910003662], [0.6045821905136108, 0.34078970551490784, 0.054628144949674606], [0.9217262268066406, 0.06281835585832596, 0.015455481596291065], [0.1746852993965149, 0.6705770492553711, 0.15473760664463043], [0.09927043318748474, 0.28611335158348083, 0.6146161556243896], [0.3018743097782135, 0.6331181526184082, 0.06500746309757233], [0.30375373363494873, 0.5132569670677185, 0.18298931419849396], [0.8540149331092834, 0.11957559734582901, 0.026409443467855453], [0.922944962978363, 0.05308545380830765, 0.02396967262029648]], "phq_pred_log1p": [2.4188263416290283, 2.0852417945861816, 1.9130243062973022, 2.2643189430236816, 2.163823366165161, 1.0800443887710571, 0.9748881459236145, 0.7665752172470093, 2.163909673690796, 1.6299325227737427, 2.1830177307128906, 0.4266308844089508, 1.8528650999069214, 1.6666115522384644, 2.188236713409424, 1.42143976688385, 0.6422649025917053, 1.8998780250549316, 2.533299207687378, 1.6288701295852661, 1.9905017614364624, 1.0803775787353516, 0.9400527477264404], "phq_true_log1p": [2.5649492740631104, 2.079441547393799, 1.0986123085021973, 2.079441547393799, 1.0986123085021973, 1.0986123085021973, 2.079441547393799, 1.0986123085021973, 1.0986123085021973, 2.079441547393799, 1.0986123085021973, 2.079441547393799, 1.0986123085021973, 1.0986123085021973, 2.079441547393799, 1.0986123085021973, 1.0986123085021973, 2.079441547393799, 1.0986123085021973, 2.079441547393799, 1.0986123085021973, 1.0986123085021973, 1.0986123085021973], "y_true": [2, 1, 0, 1, 0, 0, 1, 0, 0, 1, 0, 1, 0, 0, 1, 0, 0, 1, 0, 1, 0, 0, 0], "y_pred": [1, 1, 1, 1, 1, 0, 0, 0, 1, 1, 1, 0, 1, 1, 1, 0, 0, 1, 2, 1, 1, 0, 0]}