{"ckpt": "checkpoints/Track2/A-V-P/binary/pipeline__A_VpP__opensmile__resnet__bilstm_mean__fold3_seed42/best_model_2026-05-16-00.44.42.pth", "track": "Track2", "task": "binary", "subtrack": "A-V+P", "audio_feature": "opensmile", "video_feature": "resnet", "encoder_type": "bilstm_mean", "seed": 42, "experiment_name": "pipeline__A_VpP__opensmile__resnet__bilstm_mean__fold3_seed42", "val": {"acc": 0.7647058823529411, "f1": 0.7571428571428571, "kappa": 0.5211267605633803, "ccc": -0.007265883861115686, "rmse": 0.7082326198918831, "mae": 0.5224089552374447, "confusion_matrix": [[8, 1], [3, 5]], "selection_score": 0.7571428571428571, "r2": -0.06320509820695408, "cls_loss": 0.6901800071491915, "reg_loss": 0.5015934464686057, "loss": 1.1917734531795277}, "metric_split": "val", "test": {"acc": 0.6818181818181818, "f1": 0.681159420289855, "kappa": 0.36363636363636365, "ccc": 0.024954996994388468, "rmse": 0.5215725591213539, "mae": 0.49141731045462866, "confusion_matrix": [[8, 3], [4, 7]], "selection_score": 0.681159420289855, "r2": 0.014241707269607273}, "ids": [1, 5, 7, 13, 15, 22, 28, 33, 34, 40, 42, 44, 47, 58, 74, 83, 85, 89, 90, 93, 105, 110], "probs": [[0.48932740092277527, 0.5106726288795471], [0.49417540431022644, 0.5058245658874512], [0.49505147337913513, 0.5049485564231873], [0.496918261051178, 0.503081738948822], [0.503931999206543, 0.4960680603981018], [0.5020483136177063, 0.4979517161846161], [0.4911760091781616, 0.5088239908218384], [0.5066226124763489, 0.49337732791900635], [0.49265024065971375, 0.5073497295379639], [0.5028089284896851, 0.49719101190567017], [0.5024914741516113, 0.49750852584838867], [0.5084331631660461, 0.49156689643859863], [0.4948218762874603, 0.5051780939102173], [0.5049167275428772, 0.4950832724571228], [0.48980477452278137, 0.510195255279541], [0.4875658452510834, 0.5124341249465942], [0.5081623792648315, 0.49183762073516846], [0.4997691214084625, 0.5002308487892151], [0.5132689476013184, 0.48673108220100403], [0.5092966556549072, 0.49070337414741516], [0.5055564045906067, 0.4944436550140381], [0.5086377263069153, 0.4913623034954071]], "phq_pred_log1p": [1.696009635925293, 1.6630971431732178, 1.6257082223892212, 1.66927969455719, 1.6370183229446411, 1.6801187992095947, 1.6410400867462158, 1.6630048751831055, 1.625868558883667, 1.6310657262802124, 1.6692057847976685, 1.6148526668548584, 1.6645455360412598, 1.634750247001648, 1.6713242530822754, 1.6311496496200562, 1.6107276678085327, 1.6658430099487305, 1.624222755432129, 1.6412217617034912, 1.5988694429397583, 1.6316016912460327], "phq_true_log1p": [2.4849066734313965, 1.945910096168518, 1.945910096168518, 1.945910096168518, 1.945910096168518, 1.0986123085021973, 1.0986123085021973, 1.0986123085021973, 1.945910096168518, 1.0986123085021973, 1.945910096168518, 1.0986123085021973, 1.0986123085021973, 1.0986123085021973, 2.4849066734313965, 1.0986123085021973, 2.4849066734313965, 1.945910096168518, 1.945910096168518, 1.0986123085021973, 1.0986123085021973, 1.0986123085021973], "y_true": [1, 1, 1, 1, 1, 0, 0, 0, 1, 0, 1, 0, 0, 0, 1, 0, 1, 1, 1, 0, 0, 0], "y_pred": [1, 1, 1, 1, 0, 0, 1, 0, 1, 0, 0, 0, 1, 0, 1, 1, 0, 1, 0, 0, 0, 0]}