{"ckpt": "checkpoints/Track1/A-V-P/ternary/pipeline__A_VpP__opensmile__openface__bilstm_mean__fold2_seed42/best_model_2026-05-16-00.27.07.pth", "track": "Track1", "task": "ternary", "subtrack": "A-V+P", "audio_feature": "opensmile", "video_feature": "openface", "encoder_type": "bilstm_mean", "seed": 42, "experiment_name": "pipeline__A_VpP__opensmile__openface__bilstm_mean__fold2_seed42", "val": {"acc": 0.7647058823529411, "f1": 0.48380952380952386, "kappa": 0.4380165289256198, "ccc": 0.057330632730815324, "rmse": 0.9833623316974006, "mae": 0.7317684836247388, "confusion_matrix": [[11, 1, 0], [1, 2, 0], [1, 1, 0]], "selection_score": 0.48380952380952386, "r2": -0.38482870490490284, "cls_loss": 2.206081584589008, "reg_loss": 0.967001431128558, "loss": 3.1730830161010517}, "metric_split": "val", "test": {"acc": 0.5217391304347826, "f1": 0.28044871794871795, "kappa": -0.06751054852320659, "ccc": 0.11621563789344691, "rmse": 0.7487595918290767, "mae": 0.6021127001098965, "confusion_matrix": [[11, 3, 0], [7, 1, 0], [0, 1, 0]], "selection_score": 0.28044871794871795, "r2": -1.1224442588998582}, "ids": [1, 6, 8, 13, 18, 24, 26, 32, 33, 35, 45, 48, 51, 59, 69, 70, 83, 86, 91, 92, 97, 106, 117], "probs": [[0.05514576658606529, 0.8152381181716919, 0.12961603701114655], [0.11819352954626083, 0.8257206678390503, 0.056085798889398575], [0.16885986924171448, 0.7577465772628784, 0.07339350134134293], [0.9507583975791931, 0.03556885942816734, 0.013672691769897938], [0.10284337401390076, 0.8593254685401917, 0.037831131368875504], [0.8091975450515747, 0.18326114118099213, 0.007541349157691002], [0.9110868573188782, 0.08073217421770096, 0.008180968463420868], [0.97212153673172, 0.024510182440280914, 0.003368239849805832], [0.1669929325580597, 0.5703948140144348, 0.2626122236251831], [0.8823130130767822, 0.106957346200943, 0.010729595087468624], [0.8561979532241821, 0.13344308733940125, 0.010358963161706924], [0.9911932349205017, 0.006744774989783764, 0.00206195330247283], [0.9467768669128418, 0.04969803988933563, 0.003525075502693653], [0.6110992431640625, 0.37053295969963074, 0.01836775802075863], [0.6102952361106873, 0.31831276416778564, 0.0713920146226883], [0.9186789393424988, 0.07781942188739777, 0.003501602215692401], [0.9903580546379089, 0.007844633422791958, 0.00179735675919801], [0.9872952103614807, 0.010801341384649277, 0.0019034540746361017], [0.5450133085250854, 0.17737454175949097, 0.2776121199131012], [0.8213658928871155, 0.1731078177690506, 0.005526253022253513], [0.9406703114509583, 0.05602618306875229, 0.0033035939559340477], [0.9834839701652527, 0.014170612208545208, 0.002345453016459942], [0.9899135828018188, 0.007171525154262781, 0.0029149262700229883]], "phq_pred_log1p": [2.331669807434082, 1.7979730367660522, 1.9682729244232178, 1.3978731632232666, 1.8594938516616821, 1.1605831384658813, 0.6367948651313782, 0.9307373762130737, 1.913942813873291, 1.0268340110778809, 1.4673067331314087, 0.4211941063404083, 0.9446115493774414, 1.4919387102127075, 1.8746671676635742, 0.9367008209228516, 0.3544032573699951, 0.7680899500846863, 1.8526105880737305, 1.3363279104232788, 1.0495682954788208, 0.8593857288360596, 0.3992072641849518], "phq_true_log1p": [2.5649492740631104, 2.079441547393799, 1.0986123085021973, 2.079441547393799, 1.0986123085021973, 1.0986123085021973, 2.079441547393799, 1.0986123085021973, 1.0986123085021973, 2.079441547393799, 1.0986123085021973, 2.079441547393799, 1.0986123085021973, 1.0986123085021973, 2.079441547393799, 1.0986123085021973, 1.0986123085021973, 2.079441547393799, 1.0986123085021973, 2.079441547393799, 1.0986123085021973, 1.0986123085021973, 1.0986123085021973], "y_true": [2, 1, 0, 1, 0, 0, 1, 0, 0, 1, 0, 1, 0, 0, 1, 0, 0, 1, 0, 1, 0, 0, 0], "y_pred": [1, 1, 1, 0, 1, 0, 0, 0, 1, 0, 0, 0, 0, 0, 0, 0, 0, 0, 0, 0, 0, 0, 0]}