{"ckpt": "checkpoints/Track2/A-V-G+P/binary/pipeline__A_V_GpP__opensmile__resnet__bilstm_mean__fold4_seed42/best_model_2026-05-16-00.58.58.pth", "track": "Track2", "task": "binary", "subtrack": "A-V-G+P", "audio_feature": "opensmile", "video_feature": "resnet", "encoder_type": "bilstm_mean", "seed": 42, "experiment_name": "pipeline__A_V_GpP__opensmile__resnet__bilstm_mean__fold4_seed42", "val": {"acc": 0.6470588235294118, "f1": 0.6357142857142857, "kappa": 0.2816901408450705, "ccc": 0.006953430495778289, "rmse": 0.6807481798403483, "mae": 0.5680867854286643, "confusion_matrix": [[7, 2], [4, 4]], "selection_score": 0.6357142857142857, "r2": 0.0027644154820547495, "cls_loss": 0.6887728326460895, "reg_loss": 0.4634180831558564, "loss": 1.1521908886292402}, "metric_split": "val", "test": {"acc": 0.5909090909090909, "f1": 0.5686274509803921, "kappa": 0.18181818181818177, "ccc": 0.012731871076684404, "rmse": 0.5267107863597015, "mae": 0.49404440142891626, "confusion_matrix": [[9, 2], [7, 4]], "selection_score": 0.5686274509803921, "r2": -0.005276187121251219}, "ids": [1, 5, 7, 13, 15, 22, 28, 33, 34, 40, 42, 44, 47, 58, 74, 83, 85, 89, 90, 93, 105, 110], "probs": [[0.4973849952220917, 0.5026149749755859], [0.4936133027076721, 0.5063866972923279], [0.5080462694168091, 0.49195370078086853], [0.49710071086883545, 0.5028992295265198], [0.5028256773948669, 0.49717432260513306], [0.5034266710281372, 0.4965733289718628], [0.5051876902580261, 0.4948122799396515], [0.5022986531257629, 0.49770134687423706], [0.5064237117767334, 0.493576318025589], [0.49442166090011597, 0.505578339099884], [0.5029895305633545, 0.4970104992389679], [0.5139055252075195, 0.48609447479248047], [0.49578309059143066, 0.5042169690132141], [0.5034302473068237, 0.4965697228908539], [0.49708276987075806, 0.5029172301292419], [0.5057645440101624, 0.49423542618751526], [0.5001950263977051, 0.49980491399765015], [0.5122905969619751, 0.4877094328403473], [0.5048768520355225, 0.49512314796447754], [0.5165063738822937, 0.4834936559200287], [0.504242479801178, 0.495757520198822], [0.5152782797813416, 0.48472166061401367]], "phq_pred_log1p": [1.5414938926696777, 1.5109988451004028, 1.5323203802108765, 1.5089601278305054, 1.5327845811843872, 1.504637360572815, 1.518318772315979, 1.503504753112793, 1.5327247381210327, 1.5250192880630493, 1.5469998121261597, 1.5315531492233276, 1.513475775718689, 1.5130159854888916, 1.533461570739746, 1.5192843675613403, 1.5222526788711548, 1.5310168266296387, 1.526647925376892, 1.5453068017959595, 1.5370759963989258, 1.5401805639266968], "phq_true_log1p": [2.4849066734313965, 1.945910096168518, 1.945910096168518, 1.945910096168518, 1.945910096168518, 1.0986123085021973, 1.0986123085021973, 1.0986123085021973, 1.945910096168518, 1.0986123085021973, 1.945910096168518, 1.0986123085021973, 1.0986123085021973, 1.0986123085021973, 2.4849066734313965, 1.0986123085021973, 2.4849066734313965, 1.945910096168518, 1.945910096168518, 1.0986123085021973, 1.0986123085021973, 1.0986123085021973], "y_true": [1, 1, 1, 1, 1, 0, 0, 0, 1, 0, 1, 0, 0, 0, 1, 0, 1, 1, 1, 0, 0, 0], "y_pred": [1, 1, 0, 1, 0, 0, 0, 0, 0, 1, 0, 0, 1, 0, 1, 0, 0, 0, 0, 0, 0, 0]}