{"ckpt": "checkpoints/Track2/A-V-G+P/ternary/pipeline__A_V_GpP__opensmile__openface__bilstm_mean__fold2_seed42/best_model_2026-05-16-02.04.57.pth", "track": "Track2", "task": "ternary", "subtrack": "A-V-G+P", "audio_feature": "opensmile", "video_feature": "openface", "encoder_type": "bilstm_mean", "seed": 42, "experiment_name": "pipeline__A_V_GpP__opensmile__openface__bilstm_mean__fold2_seed42", "val": {"acc": 0.6666666666666666, "f1": 0.47222222222222215, "kappa": 0.4, "ccc": -0.0242502473795513, "rmse": 0.6448146080203628, "mae": 0.5244727863205804, "confusion_matrix": [[6, 3, 0], [1, 6, 0], [2, 0, 0]], "selection_score": 0.47222222222222215, "r2": -0.08976558091828002, "cls_loss": 1.0251904129981995, "reg_loss": 0.41578587724102867, "loss": 1.4409763018290203}, "metric_split": "val", "test": {"acc": 0.3181818181818182, "f1": 0.22698412698412698, "kappa": -0.18705035971223016, "ccc": -0.03333959954934764, "rmse": 0.5995627834088878, "mae": 0.5318373956463553, "confusion_matrix": [[4, 7, 0], [5, 3, 0], [1, 2, 0]], "selection_score": 0.22698412698412698, "r2": -0.30259769361557964}, "ids": [1, 5, 7, 13, 15, 22, 28, 33, 34, 40, 42, 44, 47, 58, 74, 83, 85, 89, 90, 93, 105, 110], "probs": [[0.40130653977394104, 0.376182496547699, 0.2225109338760376], [0.4830518662929535, 0.3106238842010498, 0.2063242793083191], [0.5105012059211731, 0.297023206949234, 0.19247561693191528], [0.3101717233657837, 0.4933592975139618, 0.19646893441677094], [0.45283278822898865, 0.3439110219478607, 0.20325613021850586], [0.3239995241165161, 0.4723876118659973, 0.20361293852329254], [0.35211676359176636, 0.45225438475608826, 0.19562889635562897], [0.47017529606819153, 0.3119310736656189, 0.21789363026618958], [0.4824012815952301, 0.3032364845275879, 0.2143622636795044], [0.379675030708313, 0.41999638080596924, 0.20032855868339539], [0.442692369222641, 0.3669585883617401, 0.19034911692142487], [0.31660377979278564, 0.4689316153526306, 0.21446457505226135], [0.32158973813056946, 0.46954160928726196, 0.20886865258216858], [0.3652547299861908, 0.43842563033103943, 0.19631962478160858], [0.3879238963127136, 0.4051913321018219, 0.2068847119808197], [0.3416382074356079, 0.44581347703933716, 0.21254825592041016], [0.31070026755332947, 0.47874096035957336, 0.21055881679058075], [0.3106527030467987, 0.4802822470664978, 0.20906510949134827], [0.3786521255970001, 0.3967956006526947, 0.2245522439479828], [0.5066354870796204, 0.3042433559894562, 0.18912114202976227], [0.4581853747367859, 0.3498636484146118, 0.19195102155208588], [0.4528602659702301, 0.3248262405395508, 0.22231358289718628]], "phq_pred_log1p": [1.5437339544296265, 1.1783056259155273, 0.9706994891166687, 1.6938940286636353, 1.3575538396835327, 1.7136104106903076, 1.5469334125518799, 1.3317523002624512, 1.1542637348175049, 1.5253466367721558, 1.2729859352111816, 1.7207939624786377, 1.6923432350158691, 1.5463099479675293, 1.4528789520263672, 1.676771640777588, 1.7325711250305176, 1.7438533306121826, 1.5507854223251343, 1.0950227975845337, 1.2091597318649292, 1.3494596481323242], "phq_true_log1p": [2.4849066734313965, 1.945910096168518, 1.945910096168518, 1.945910096168518, 1.945910096168518, 1.0986123085021973, 1.0986123085021973, 1.0986123085021973, 1.945910096168518, 1.0986123085021973, 1.945910096168518, 1.0986123085021973, 1.0986123085021973, 1.0986123085021973, 2.4849066734313965, 1.0986123085021973, 2.4849066734313965, 1.945910096168518, 1.945910096168518, 1.0986123085021973, 1.0986123085021973, 1.0986123085021973], "y_true": [2, 1, 1, 1, 1, 0, 0, 0, 1, 0, 1, 0, 0, 0, 2, 0, 2, 1, 1, 0, 0, 0], "y_pred": [0, 0, 0, 1, 0, 1, 1, 0, 0, 1, 0, 1, 1, 1, 1, 1, 1, 1, 1, 0, 0, 0]}