{"ckpt": "checkpoints/Track1/A-V-P/binary/pipeline__A_VpP__wav2vec__resnet__bilstm_mean__fold2_seed42/best_model_2026-05-16-00.10.08.pth", "track": "Track1", "task": "binary", "subtrack": "A-V+P", "audio_feature": "wav2vec", "video_feature": "resnet", "encoder_type": "bilstm_mean", "seed": 42, "experiment_name": "pipeline__A_VpP__wav2vec__resnet__bilstm_mean__fold2_seed42", "val": {"acc": 0.7058823529411765, "f1": 0.41379310344827586, "kappa": 0.0, "ccc": -0.024576385846587105, "rmse": 0.692184994925631, "mae": 0.5143281992743997, "confusion_matrix": [[12, 0], [5, 0]], "selection_score": 0.41379310344827586, "r2": -0.17612700278663151, "cls_loss": 0.6652686034931856, "reg_loss": 0.47912006343112273, "loss": 1.1443886756896973}, "metric_split": "val", "test": {"acc": 0.6086956521739131, "f1": 0.3783783783783784, "kappa": 0.0, "ccc": -0.0074889904070139434, "rmse": 0.5860609630447329, "mae": 0.4352023653362108, "confusion_matrix": [[14, 0], [9, 0]], "selection_score": 0.3783783783783784, "r2": -0.3002806042254986}, "ids": [1, 6, 8, 13, 18, 24, 26, 32, 33, 35, 45, 48, 51, 59, 69, 70, 83, 86, 91, 92, 97, 106, 117], "probs": [[0.5704120993614197, 0.4295879304409027], [0.5779455304145813, 0.4220544993877411], [0.5761843323707581, 0.42381569743156433], [0.5741085410118103, 0.4258914589881897], [0.5738160610198975, 0.42618387937545776], [0.5717885494232178, 0.4282114803791046], [0.5800048112869263, 0.4199952185153961], [0.5820025205612183, 0.4179975390434265], [0.5884232521057129, 0.41157668828964233], [0.5720657110214233, 0.42793431878089905], [0.5684940814971924, 0.43150585889816284], [0.5727453827857971, 0.4272546172142029], [0.5745140314102173, 0.4254859685897827], [0.5783377289772034, 0.42166227102279663], [0.5701947212219238, 0.42980530858039856], [0.5735298991203308, 0.4264700710773468], [0.5742921233177185, 0.4257078468799591], [0.5716003775596619, 0.4283996522426605], [0.573002278804779, 0.42699775099754333], [0.5737465023994446, 0.4262534976005554], [0.5773100852966309, 0.42268991470336914], [0.5765872001647949, 0.4234127700328827], [0.5733765363693237, 0.42662346363067627]], "phq_pred_log1p": [1.2219500541687012, 1.2371796369552612, 1.2179266214370728, 1.2235251665115356, 1.211622714996338, 1.2130993604660034, 1.2252596616744995, 1.253698706626892, 1.2792212963104248, 1.2521733045578003, 1.2136174440383911, 1.2172006368637085, 1.2271623611450195, 1.2298792600631714, 1.1949208974838257, 1.2121589183807373, 1.2259267568588257, 1.2275042533874512, 1.226707935333252, 1.2155563831329346, 1.2353132963180542, 1.2332724332809448, 1.2254079580307007], "phq_true_log1p": [2.5649492740631104, 2.079441547393799, 1.0986123085021973, 2.079441547393799, 1.0986123085021973, 1.0986123085021973, 2.079441547393799, 1.0986123085021973, 1.0986123085021973, 2.079441547393799, 1.0986123085021973, 2.079441547393799, 1.0986123085021973, 1.0986123085021973, 2.079441547393799, 1.0986123085021973, 1.0986123085021973, 2.079441547393799, 1.0986123085021973, 2.079441547393799, 1.0986123085021973, 1.0986123085021973, 1.0986123085021973], "y_true": [1, 1, 0, 1, 0, 0, 1, 0, 0, 1, 0, 1, 0, 0, 1, 0, 0, 1, 0, 1, 0, 0, 0], "y_pred": [0, 0, 0, 0, 0, 0, 0, 0, 0, 0, 0, 0, 0, 0, 0, 0, 0, 0, 0, 0, 0, 0, 0]}