{"ckpt": "checkpoints/Track1/A-V-P/ternary/pipeline__A_VpP__wav2vec__openface__bilstm_mean__fold4_seed42/best_model_2026-05-16-00.30.18.pth", "track": "Track1", "task": "ternary", "subtrack": "A-V+P", "audio_feature": "wav2vec", "video_feature": "openface", "encoder_type": "bilstm_mean", "seed": 42, "experiment_name": "pipeline__A_VpP__wav2vec__openface__bilstm_mean__fold4_seed42", "val": {"acc": 0.7058823529411765, "f1": 0.5666666666666668, "kappa": 0.3089430894308943, "ccc": 0.24708618456619527, "rmse": 0.8040512551262095, "mae": 0.6557411235921523, "confusion_matrix": [[10, 1, 1], [2, 1, 0], [1, 0, 1]], "selection_score": 0.5666666666666668, "r2": -0.2753954397051275, "cls_loss": 1.4400805103428223, "reg_loss": 0.6464984390665504, "loss": 2.0865789090885833}, "metric_split": "val", "test": {"acc": 0.6956521739130435, "f1": 0.4444444444444445, "kappa": 0.35341365461847396, "ccc": 0.30648358359009614, "rmse": 0.6117348747222737, "mae": 0.42772876568462537, "confusion_matrix": [[12, 2, 0], [4, 4, 0], [0, 1, 0]], "selection_score": 0.4444444444444445, "r2": -0.41670026728533704}, "ids": [1, 6, 8, 13, 18, 24, 26, 32, 33, 35, 45, 48, 51, 59, 69, 70, 83, 86, 91, 92, 97, 106, 117], "probs": [[0.040223099291324615, 0.7667894959449768, 0.19298739731311798], [0.08373699337244034, 0.8981083631515503, 0.01815461926162243], [0.8587976098060608, 0.13797900080680847, 0.0032234713435173035], [0.07633853703737259, 0.8765935897827148, 0.047067850828170776], [0.6316331028938293, 0.3599182963371277, 0.008448607288300991], [0.9934577345848083, 0.0060949004255235195, 0.0004474519519135356], [0.9930343627929688, 0.006551210768520832, 0.0004144324630033225], [0.6556028723716736, 0.33520781993865967, 0.009189369156956673], [0.9185584187507629, 0.06698872894048691, 0.014452880248427391], [0.9397857189178467, 0.05712626501917839, 0.0030880295671522617], [0.825244665145874, 0.1686376929283142, 0.006117632146924734], [0.9959088563919067, 0.0037528809625655413, 0.00033818164956755936], [0.2667349576950073, 0.7228612899780273, 0.0104037094861269], [0.9714382290840149, 0.027519872412085533, 0.0010419391328468919], [0.1253548264503479, 0.8097235560417175, 0.06492166966199875], [0.9561691880226135, 0.04260234534740448, 0.0012285435805097222], [0.9942876696586609, 0.005346063524484634, 0.0003663069801405072], [0.9905091524124146, 0.008865155279636383, 0.0006257016793824732], [0.9168354272842407, 0.05676843598484993, 0.026396166533231735], [0.4712829291820526, 0.4735792577266693, 0.055137768387794495], [0.9785672426223755, 0.02033756673336029, 0.0010953136952593923], [0.9764792323112488, 0.02292807772755623, 0.0005927272723056376], [0.13440130650997162, 0.7975478172302246, 0.068050816655159]], "phq_pred_log1p": [2.3334412574768066, 1.815006971359253, 1.3937078714370728, 1.7742120027542114, 1.3913816213607788, 0.7630944848060608, 0.47051599621772766, 1.1702202558517456, 1.0893304347991943, 0.9655770659446716, 1.4991118907928467, 0.6745799779891968, 1.3049882650375366, 0.9693560004234314, 1.929427146911621, 1.1337413787841797, 0.5771211385726929, 0.9827982187271118, 1.6712210178375244, 1.9487173557281494, 1.1007124185562134, 0.8585266470909119, 1.5183491706848145], "phq_true_log1p": [2.5649492740631104, 2.079441547393799, 1.0986123085021973, 2.079441547393799, 1.0986123085021973, 1.0986123085021973, 2.079441547393799, 1.0986123085021973, 1.0986123085021973, 2.079441547393799, 1.0986123085021973, 2.079441547393799, 1.0986123085021973, 1.0986123085021973, 2.079441547393799, 1.0986123085021973, 1.0986123085021973, 2.079441547393799, 1.0986123085021973, 2.079441547393799, 1.0986123085021973, 1.0986123085021973, 1.0986123085021973], "y_true": [2, 1, 0, 1, 0, 0, 1, 0, 0, 1, 0, 1, 0, 0, 1, 0, 0, 1, 0, 1, 0, 0, 0], "y_pred": [1, 1, 0, 1, 0, 0, 0, 0, 0, 0, 0, 0, 1, 0, 1, 0, 0, 0, 0, 1, 0, 0, 1]}