{"ckpt": "checkpoints/Track2/A-V-G+P/ternary/pipeline__A_V_GpP__opensmile__openface__bilstm_mean__fold1_seed42/best_model_2026-05-16-02.04.57.pth", "track": "Track2", "task": "ternary", "subtrack": "A-V-G+P", "audio_feature": "opensmile", "video_feature": "openface", "encoder_type": "bilstm_mean", "seed": 42, "experiment_name": "pipeline__A_V_GpP__opensmile__openface__bilstm_mean__fold1_seed42", "val": {"acc": 0.7222222222222222, "f1": 0.5103785103785103, "kappa": 0.48275862068965514, "ccc": 0.054215482491048246, "rmse": 0.7086253691806707, "mae": 0.5381985836558871, "confusion_matrix": [[8, 1, 0], [2, 5, 0], [2, 0, 0]], "selection_score": 0.5103785103785103, "r2": 0.03064968989555905, "cls_loss": 1.0909304353925917, "reg_loss": 0.5021499113904105, "loss": 1.5930803616841633}, "metric_split": "val", "test": {"acc": 0.45454545454545453, "f1": 0.2927689594356261, "kappa": -0.01538461538461533, "ccc": 0.0008306059735245165, "rmse": 0.5552202698527734, "mae": 0.5070292028513822, "confusion_matrix": [[8, 3, 0], [6, 2, 0], [2, 1, 0]], "selection_score": 0.2927689594356261, "r2": -0.11704738543304183}, "ids": [1, 5, 7, 13, 15, 22, 28, 33, 34, 40, 42, 44, 47, 58, 74, 83, 85, 89, 90, 93, 105, 110], "probs": [[0.40713080763816833, 0.3861810564994812, 0.2066880762577057], [0.43650317192077637, 0.3835671842098236, 0.17992962896823883], [0.4638954699039459, 0.3754274547100067, 0.16067709028720856], [0.4111575782299042, 0.4240558445453644, 0.16478659212589264], [0.430735319852829, 0.387750506401062, 0.18151412904262543], [0.4174291491508484, 0.3988783359527588, 0.18369248509407043], [0.40944552421569824, 0.4216124415397644, 0.16894200444221497], [0.4238473176956177, 0.3707466125488281, 0.20540601015090942], [0.4397038221359253, 0.3741750717163086, 0.1861211508512497], [0.428195595741272, 0.4039332866668701, 0.16787110269069672], [0.43906673789024353, 0.4129100441932678, 0.14802320301532745], [0.39818432927131653, 0.41743114590644836, 0.18438446521759033], [0.4037730395793915, 0.42261165380477905, 0.1736152619123459], [0.42403849959373474, 0.41593635082244873, 0.16002506017684937], [0.43334290385246277, 0.40686771273612976, 0.1597893238067627], [0.4142210781574249, 0.4060663878917694, 0.17971256375312805], [0.40643325448036194, 0.4156889021396637, 0.17787784337997437], [0.39611953496932983, 0.42729875445365906, 0.17658168077468872], [0.4051571190357208, 0.40425732731819153, 0.19058562815189362], [0.46329784393310547, 0.3806435465812683, 0.15605862438678741], [0.4485000669956207, 0.39809951186180115, 0.15340039134025574], [0.40793806314468384, 0.372724711894989, 0.21933725476264954]], "phq_pred_log1p": [1.5580930709838867, 1.3641704320907593, 1.1971186399459839, 1.5492924451828003, 1.4288772344589233, 1.583389163017273, 1.544633150100708, 1.4106920957565308, 1.3070619106292725, 1.4495446681976318, 1.3782380819320679, 1.6081739664077759, 1.554322361946106, 1.4742250442504883, 1.422808289527893, 1.5430375337600708, 1.5758577585220337, 1.6255676746368408, 1.5466892719268799, 1.2378456592559814, 1.3076027631759644, 1.4576854705810547], "phq_true_log1p": [2.4849066734313965, 1.945910096168518, 1.945910096168518, 1.945910096168518, 1.945910096168518, 1.0986123085021973, 1.0986123085021973, 1.0986123085021973, 1.945910096168518, 1.0986123085021973, 1.945910096168518, 1.0986123085021973, 1.0986123085021973, 1.0986123085021973, 2.4849066734313965, 1.0986123085021973, 2.4849066734313965, 1.945910096168518, 1.945910096168518, 1.0986123085021973, 1.0986123085021973, 1.0986123085021973], "y_true": [2, 1, 1, 1, 1, 0, 0, 0, 1, 0, 1, 0, 0, 0, 2, 0, 2, 1, 1, 0, 0, 0], "y_pred": [0, 0, 0, 1, 0, 0, 1, 0, 0, 0, 0, 1, 1, 0, 0, 0, 1, 1, 0, 0, 0, 0]}