{"ckpt": "checkpoints/Track2/A-V-G+P/ternary/pipeline__A_V_GpP__mfcc__densenet__bilstm_mean__fold0_seed42/best_model_2026-05-16-02.04.57.pth", "track": "Track2", "task": "ternary", "subtrack": "A-V-G+P", "audio_feature": "mfcc", "video_feature": "densenet", "encoder_type": "bilstm_mean", "seed": 42, "experiment_name": "pipeline__A_V_GpP__mfcc__densenet__bilstm_mean__fold0_seed42", "val": {"acc": 0.3888888888888889, "f1": 0.23451910408432144, "kappa": -0.16470588235294126, "ccc": -0.013610155668474257, "rmse": 0.6094687882619056, "mae": 0.4893798165851169, "confusion_matrix": [[6, 3, 0], [6, 1, 0], [2, 0, 0]], "selection_score": 0.23451910408432144, "r2": -0.02710163007249955, "cls_loss": 1.0876623723242018, "reg_loss": 0.3714521990882026, "loss": 1.4591145515441895}, "metric_split": "val", "test": {"acc": 0.45454545454545453, "f1": 0.21505376344086022, "kappa": -0.06451612903225801, "ccc": 0.006755428471928875, "rmse": 0.5257678174607449, "mae": 0.49657058173959906, "confusion_matrix": [[10, 1, 0], [8, 0, 0], [2, 1, 0]], "selection_score": 0.21505376344086022, "r2": -0.001679922708630599}, "ids": [1, 5, 7, 13, 15, 22, 28, 33, 34, 40, 42, 44, 47, 58, 74, 83, 85, 89, 90, 93, 105, 110], "probs": [[0.3988855481147766, 0.3839954733848572, 0.21711896359920502], [0.3971925377845764, 0.38050711154937744, 0.22230038046836853], [0.39310601353645325, 0.38572606444358826, 0.2211679220199585], [0.38981056213378906, 0.38709214329719543, 0.2230973094701767], [0.39748984575271606, 0.38076716661453247, 0.22174295783042908], [0.4018803536891937, 0.38104408979415894, 0.21707552671432495], [0.40275630354881287, 0.3796514868736267, 0.21759220957756042], [0.3988664448261261, 0.38035276532173157, 0.22078081965446472], [0.3993222117424011, 0.3815816044807434, 0.21909618377685547], [0.3903411328792572, 0.3878360092639923, 0.22182288765907288], [0.39826682209968567, 0.3802768290042877, 0.2214563637971878], [0.3915518820285797, 0.38490602374076843, 0.22354210913181305], [0.3969308137893677, 0.3803724944591522, 0.2226966768503189], [0.3921167850494385, 0.3877263069152832, 0.22015687823295593], [0.3919278681278229, 0.3869035542011261, 0.2211686223745346], [0.391155481338501, 0.38837364315986633, 0.2204708307981491], [0.3870406448841095, 0.39113688468933105, 0.22182247042655945], [0.39771613478660583, 0.37992608547210693, 0.2223578691482544], [0.3978404104709625, 0.3851865530014038, 0.21697305142879486], [0.39701470732688904, 0.38394489884376526, 0.21904043853282928], [0.40462446212768555, 0.3837932050228119, 0.21158234775066376], [0.38689732551574707, 0.39426618814468384, 0.2188364565372467]], "phq_pred_log1p": [1.646409511566162, 1.6369260549545288, 1.6627403497695923, 1.6488152742385864, 1.6241055727005005, 1.6149173974990845, 1.6338157653808594, 1.6332933902740479, 1.6003633737564087, 1.6345915794372559, 1.642128586769104, 1.6575785875320435, 1.6480838060379028, 1.6553128957748413, 1.6409237384796143, 1.644392490386963, 1.6660645008087158, 1.6493207216262817, 1.6469646692276, 1.6610257625579834, 1.6411229372024536, 1.6279151439666748], "phq_true_log1p": [2.4849066734313965, 1.945910096168518, 1.945910096168518, 1.945910096168518, 1.945910096168518, 1.0986123085021973, 1.0986123085021973, 1.0986123085021973, 1.945910096168518, 1.0986123085021973, 1.945910096168518, 1.0986123085021973, 1.0986123085021973, 1.0986123085021973, 2.4849066734313965, 1.0986123085021973, 2.4849066734313965, 1.945910096168518, 1.945910096168518, 1.0986123085021973, 1.0986123085021973, 1.0986123085021973], "y_true": [2, 1, 1, 1, 1, 0, 0, 0, 1, 0, 1, 0, 0, 0, 2, 0, 2, 1, 1, 0, 0, 0], "y_pred": [0, 0, 0, 0, 0, 0, 0, 0, 0, 0, 0, 0, 0, 0, 0, 0, 1, 0, 0, 0, 0, 1]}