{"ckpt": "checkpoints/Track2/A-V-P/binary/pipeline__A_VpP__wav2vec__resnet__bilstm_mean__fold4_seed42/best_model_2026-05-16-01.07.20.pth", "track": "Track2", "task": "binary", "subtrack": "A-V+P", "audio_feature": "wav2vec", "video_feature": "resnet", "encoder_type": "bilstm_mean", "seed": 42, "experiment_name": "pipeline__A_VpP__wav2vec__resnet__bilstm_mean__fold4_seed42", "val": {"acc": 0.6470588235294118, "f1": 0.6458333333333333, "kappa": 0.29166666666666663, "ccc": 0.04712821866937768, "rmse": 0.7699623216610194, "mae": 0.5883645239998313, "confusion_matrix": [[6, 3], [3, 5]], "selection_score": 0.6458333333333333, "r2": -0.27574459261825757, "cls_loss": 1.357446776196251, "reg_loss": 0.5928419534774387, "loss": 1.950288754175691}, "metric_split": "val", "test": {"acc": 0.36363636363636365, "f1": 0.3418803418803419, "kappa": -0.2727272727272727, "ccc": 0.012028979274880582, "rmse": 0.595481763570829, "mae": 0.5097047253088518, "confusion_matrix": [[6, 5], [9, 2]], "selection_score": 0.3418803418803419, "r2": -0.28492536530532475}, "ids": [1, 5, 7, 13, 15, 22, 28, 33, 34, 40, 42, 44, 47, 58, 74, 83, 85, 89, 90, 93, 105, 110], "probs": [[0.0005815266049467027, 0.9994184970855713], [0.44524431228637695, 0.554755687713623], [0.8415520191192627, 0.1584479659795761], [0.8481624126434326, 0.151837557554245], [0.8200438022613525, 0.17995615303516388], [0.12718243896961212, 0.8728175759315491], [0.9930720925331116, 0.00692790886387229], [0.983775794506073, 0.016224175691604614], [0.9922366738319397, 0.007763305213302374], [0.41418537497520447, 0.5858146548271179], [0.7100170254707336, 0.28998297452926636], [0.9836151003837585, 0.016384894028306007], [0.07426095753908157, 0.9257389903068542], [0.8383797407150269, 0.16162030398845673], [0.5041186213493347, 0.49588140845298767], [0.8574062585830688, 0.14259378612041473], [0.9374935626983643, 0.06250642240047455], [0.9910969734191895, 0.00890305731445551], [0.5734387040138245, 0.42656123638153076], [0.08253126591444016, 0.9174686670303345], [0.1441251039505005, 0.8558748960494995], [0.9405091404914856, 0.05949082970619202]], "phq_pred_log1p": [2.0175111293792725, 2.0495619773864746, 1.7633459568023682, 1.7121875286102295, 1.857491135597229, 2.0210769176483154, 1.4041458368301392, 1.6097509860992432, 1.6337497234344482, 1.9736073017120361, 1.7742283344268799, 1.515528678894043, 1.870672583580017, 1.7528233528137207, 1.8653150796890259, 1.887528896331787, 1.7216503620147705, 1.6798923015594482, 1.9186053276062012, 2.0703182220458984, 2.0951414108276367, 1.8618794679641724], "phq_true_log1p": [2.4849066734313965, 1.945910096168518, 1.945910096168518, 1.945910096168518, 1.945910096168518, 1.0986123085021973, 1.0986123085021973, 1.0986123085021973, 1.945910096168518, 1.0986123085021973, 1.945910096168518, 1.0986123085021973, 1.0986123085021973, 1.0986123085021973, 2.4849066734313965, 1.0986123085021973, 2.4849066734313965, 1.945910096168518, 1.945910096168518, 1.0986123085021973, 1.0986123085021973, 1.0986123085021973], "y_true": [1, 1, 1, 1, 1, 0, 0, 0, 1, 0, 1, 0, 0, 0, 1, 0, 1, 1, 1, 0, 0, 0], "y_pred": [1, 1, 0, 0, 0, 1, 0, 0, 0, 1, 0, 0, 1, 0, 0, 0, 0, 0, 0, 1, 1, 0]}