{"ckpt": "checkpoints/Track2/A-V-G+P/binary/pipeline__A_V_GpP__mfcc__resnet__bilstm_mean__fold3_seed42/best_model_2026-05-16-00.55.15.pth", "track": "Track2", "task": "binary", "subtrack": "A-V-G+P", "audio_feature": "mfcc", "video_feature": "resnet", "encoder_type": "bilstm_mean", "seed": 42, "experiment_name": "pipeline__A_V_GpP__mfcc__resnet__bilstm_mean__fold3_seed42", "val": {"acc": 0.5294117647058824, "f1": 0.48484848484848486, "kappa": 0.02857142857142847, "ccc": -0.043512302060766124, "rmse": 0.7035933171121428, "mae": 0.5450200473561007, "confusion_matrix": [[7, 2], [6, 2]], "selection_score": 0.48484848484848486, "r2": -0.04932159475820885, "cls_loss": 0.7100693899042466, "reg_loss": 0.4950435494675356, "loss": 1.2051129341125488}, "metric_split": "val", "test": {"acc": 0.5454545454545454, "f1": 0.47619047619047616, "kappa": 0.09090909090909094, "ccc": 0.015620359918349841, "rmse": 0.5303356318197259, "mae": 0.4972107843919234, "confusion_matrix": [[10, 1], [9, 2]], "selection_score": 0.47619047619047616, "r2": -0.019160504271231726}, "ids": [1, 5, 7, 13, 15, 22, 28, 33, 34, 40, 42, 44, 47, 58, 74, 83, 85, 89, 90, 93, 105, 110], "probs": [[0.4777873158454895, 0.5222126841545105], [0.5226353406906128, 0.47736459970474243], [0.5393978357315063, 0.46060219407081604], [0.49421560764312744, 0.5057843923568726], [0.5365263223648071, 0.46347373723983765], [0.4982692003250122, 0.5017307996749878], [0.5128710269927979, 0.48712900280952454], [0.5378785729408264, 0.4621214270591736], [0.5431906580924988, 0.4568093419075012], [0.5297656655311584, 0.47023436427116394], [0.5405170321464539, 0.45948293805122375], [0.5409095287322998, 0.4590904116630554], [0.5273024439811707, 0.47269755601882935], [0.5386251211166382, 0.46137484908103943], [0.5253627896308899, 0.4746372103691101], [0.5346108675003052, 0.4653891324996948], [0.5208041667938232, 0.47919586300849915], [0.5440587997436523, 0.45594120025634766], [0.5501841306686401, 0.44981589913368225], [0.5372257828712463, 0.4627741575241089], [0.523063063621521, 0.4769369065761566], [0.514809787273407, 0.48519018292427063]], "phq_pred_log1p": [1.5727169513702393, 1.50239098072052, 1.4312875270843506, 1.5522476434707642, 1.5003854036331177, 1.583603024482727, 1.5216161012649536, 1.4939533472061157, 1.4812933206558228, 1.4933171272277832, 1.4927862882614136, 1.4886306524276733, 1.4893280267715454, 1.4890661239624023, 1.5195860862731934, 1.4588440656661987, 1.5106416940689087, 1.5251272916793823, 1.4503906965255737, 1.4785841703414917, 1.5118238925933838, 1.5314592123031616], "phq_true_log1p": [2.4849066734313965, 1.945910096168518, 1.945910096168518, 1.945910096168518, 1.945910096168518, 1.0986123085021973, 1.0986123085021973, 1.0986123085021973, 1.945910096168518, 1.0986123085021973, 1.945910096168518, 1.0986123085021973, 1.0986123085021973, 1.0986123085021973, 2.4849066734313965, 1.0986123085021973, 2.4849066734313965, 1.945910096168518, 1.945910096168518, 1.0986123085021973, 1.0986123085021973, 1.0986123085021973], "y_true": [1, 1, 1, 1, 1, 0, 0, 0, 1, 0, 1, 0, 0, 0, 1, 0, 1, 1, 1, 0, 0, 0], "y_pred": [1, 0, 0, 1, 0, 1, 0, 0, 0, 0, 0, 0, 0, 0, 0, 0, 0, 0, 0, 0, 0, 0]}