{"ckpt": "checkpoints/Track2/A-V-P/binary/pipeline__A_VpP__opensmile__resnet__bilstm_mean__fold0_seed42/best_model_2026-05-16-00.40.25.pth", "track": "Track2", "task": "binary", "subtrack": "A-V+P", "audio_feature": "opensmile", "video_feature": "resnet", "encoder_type": "bilstm_mean", "seed": 42, "experiment_name": "pipeline__A_VpP__opensmile__resnet__bilstm_mean__fold0_seed42", "val": {"acc": 0.7222222222222222, "f1": 0.7213622291021672, "kappa": 0.4444444444444444, "ccc": -0.0024228055680149798, "rmse": 0.6067432502976406, "mae": 0.4506944417953491, "confusion_matrix": [[7, 2], [3, 6]], "selection_score": 0.7213622291021672, "r2": -0.0661109779368656, "cls_loss": 0.6900623175832961, "reg_loss": 0.368137377831671, "loss": 1.0581996970706515}, "metric_split": "val", "test": {"acc": 0.45454545454545453, "f1": 0.45454545454545453, "kappa": -0.09090909090909083, "ccc": -0.00989797951387589, "rmse": 0.539179939929057, "mae": 0.49931887604973535, "confusion_matrix": [[5, 6], [6, 5]], "selection_score": 0.45454545454545453, "r2": -0.05343664730661546}, "ids": [1, 5, 7, 13, 15, 22, 28, 33, 34, 40, 42, 44, 47, 58, 74, 83, 85, 89, 90, 93, 105, 110], "probs": [[0.5069011449813843, 0.4930988550186157], [0.4972246289253235, 0.5027753710746765], [0.4921770393848419, 0.5078229308128357], [0.4983235001564026, 0.5016764998435974], [0.50490403175354, 0.49509599804878235], [0.5139073729515076, 0.48609256744384766], [0.4921782314777374, 0.5078217387199402], [0.5069250464439392, 0.4930749833583832], [0.49939411878585815, 0.5006058216094971], [0.5042558312416077, 0.49574416875839233], [0.5017255544662476, 0.49827447533607483], [0.4966243505477905, 0.5033756494522095], [0.4969252943992615, 0.5030747056007385], [0.49928075075149536, 0.5007191896438599], [0.5032113790512085, 0.4967885911464691], [0.49497926235198975, 0.5050207376480103], [0.49771565198898315, 0.5022842884063721], [0.5045056939125061, 0.4954942762851715], [0.5010412931442261, 0.49895864725112915], [0.5014069676399231, 0.4985930621623993], [0.4889221787452698, 0.511077880859375], [0.5000228881835938, 0.49997714161872864]], "phq_pred_log1p": [1.480086326599121, 1.491560459136963, 1.4651844501495361, 1.4937512874603271, 1.4846854209899902, 1.497112512588501, 1.488767147064209, 1.5078773498535156, 1.4822814464569092, 1.4809153079986572, 1.4929611682891846, 1.4776015281677246, 1.508766770362854, 1.4867440462112427, 1.4864048957824707, 1.4723901748657227, 1.4743627309799194, 1.4911879301071167, 1.49238920211792, 1.49257230758667, 1.4827920198440552, 1.4870660305023193], "phq_true_log1p": [2.4849066734313965, 1.945910096168518, 1.945910096168518, 1.945910096168518, 1.945910096168518, 1.0986123085021973, 1.0986123085021973, 1.0986123085021973, 1.945910096168518, 1.0986123085021973, 1.945910096168518, 1.0986123085021973, 1.0986123085021973, 1.0986123085021973, 2.4849066734313965, 1.0986123085021973, 2.4849066734313965, 1.945910096168518, 1.945910096168518, 1.0986123085021973, 1.0986123085021973, 1.0986123085021973], "y_true": [1, 1, 1, 1, 1, 0, 0, 0, 1, 0, 1, 0, 0, 0, 1, 0, 1, 1, 1, 0, 0, 0], "y_pred": [0, 1, 1, 1, 0, 0, 1, 0, 1, 0, 0, 1, 1, 1, 0, 1, 1, 0, 0, 0, 1, 0]}