{"ckpt": "checkpoints/Track2/A-V-G+P/binary/pipeline__A_V_GpP__mfcc__resnet__bilstm_mean__frozen_val_seed2026/best_model_2026-05-15-21.49.25.pth", "track": "Track2", "task": "binary", "subtrack": "A-V-G+P", "audio_feature": "mfcc", "video_feature": "resnet", "encoder_type": "bilstm_mean", "seed": 2026, "experiment_name": "pipeline__A_V_GpP__mfcc__resnet__bilstm_mean__frozen_val_seed2026", "val": {"acc": 0.7777777777777778, "f1": 0.775, "kappa": 0.5714285714285714, "ccc": -0.04653673742349267, "rmse": 0.7714466297068278, "mae": 0.5792112350463867, "confusion_matrix": [[3, 2], [0, 4]], "selection_score": 0.775, "r2": -0.08396457547328517, "cls_loss": 0.6914611789915297, "reg_loss": 0.5951298832515022, "loss": 1.2865910331408184}, "metric_split": "val", "test": {"acc": 0.5, "f1": 0.44367816091954027, "kappa": 0.0, "ccc": 0.04345416046141109, "rmse": 0.5155345148508335, "mae": 0.48976145549253985, "confusion_matrix": [[9, 2], [9, 2]], "selection_score": 0.44367816091954027, "r2": 0.03693308472845014}, "ids": [1, 5, 7, 13, 15, 22, 28, 33, 34, 40, 42, 44, 47, 58, 74, 83, 85, 89, 90, 93, 105, 110], "probs": [[0.4797707498073578, 0.5202292203903198], [0.5128456354141235, 0.48715436458587646], [0.5041859745979309, 0.4958140552043915], [0.47731921076774597, 0.5226808190345764], [0.5046563148498535, 0.4953436851501465], [0.48915088176727295, 0.510849118232727], [0.5024191737174988, 0.4975808262825012], [0.508733868598938, 0.4912661910057068], [0.5120903253555298, 0.4879097044467926], [0.5016478896141052, 0.4983520805835724], [0.5043947100639343, 0.4956052899360657], [0.5195710062980652, 0.4804289937019348], [0.4933396577835083, 0.5066603422164917], [0.5138863325119019, 0.48611366748809814], [0.5038646459579468, 0.49613532423973083], [0.5056843757629395, 0.49431562423706055], [0.5152950882911682, 0.4847049415111542], [0.5074757933616638, 0.49252423644065857], [0.5099095106124878, 0.4900904893875122], [0.5116730332374573, 0.48832693696022034], [0.5185641646385193, 0.4814358651638031], [0.5090748071670532, 0.49092522263526917]], "phq_pred_log1p": [1.7177296876907349, 1.6058480739593506, 1.6130268573760986, 1.6654913425445557, 1.5810062885284424, 1.6880857944488525, 1.6155530214309692, 1.604714035987854, 1.5750410556793213, 1.6045098304748535, 1.5919421911239624, 1.5538818836212158, 1.6344234943389893, 1.5365145206451416, 1.6363463401794434, 1.6047840118408203, 1.5806877613067627, 1.6060914993286133, 1.56705904006958, 1.592149019241333, 1.59013032913208, 1.5530108213424683], "phq_true_log1p": [2.4849066734313965, 1.945910096168518, 1.945910096168518, 1.945910096168518, 1.945910096168518, 1.0986123085021973, 1.0986123085021973, 1.0986123085021973, 1.945910096168518, 1.0986123085021973, 1.945910096168518, 1.0986123085021973, 1.0986123085021973, 1.0986123085021973, 2.4849066734313965, 1.0986123085021973, 2.4849066734313965, 1.945910096168518, 1.945910096168518, 1.0986123085021973, 1.0986123085021973, 1.0986123085021973], "y_true": [1, 1, 1, 1, 1, 0, 0, 0, 1, 0, 1, 0, 0, 0, 1, 0, 1, 1, 1, 0, 0, 0], "y_pred": [1, 0, 0, 1, 0, 1, 0, 0, 0, 0, 0, 0, 1, 0, 0, 0, 0, 0, 0, 0, 0, 0]}