{"ckpt": "checkpoints/Track1/G-P/binary/pipeline__GpP__mfcc__resnet__bilstm_mean__fold1_seed42/best_model_2026-05-16-00.20.48.pth", "track": "Track1", "task": "binary", "subtrack": "G+P", "audio_feature": "mfcc", "video_feature": "resnet", "encoder_type": "bilstm_mean", "seed": 42, "experiment_name": "pipeline__GpP__mfcc__resnet__bilstm_mean__fold1_seed42", "val": {"acc": 0.7222222222222222, "f1": 0.41935483870967744, "kappa": 0.0, "ccc": 0.008473629940059665, "rmse": 1.0882151178296746, "mae": 0.8836107850074768, "confusion_matrix": [[13, 0], [5, 0]], "selection_score": 0.41935483870967744, "r2": -0.720023283447673, "cls_loss": 0.6585532161924574, "reg_loss": 1.184212134944068, "loss": 1.8427653312683105}, "metric_split": "val", "test": {"acc": 0.6086956521739131, "f1": 0.3783783783783784, "kappa": 0.0, "ccc": -0.00036044222852372505, "rmse": 1.1038488382405416, "mae": 0.9765978533288707, "confusion_matrix": [[14, 0], [9, 0]], "selection_score": 0.3783783783783784, "r2": -3.6128645819774885}, "ids": [1, 6, 8, 13, 18, 24, 26, 32, 33, 35, 45, 48, 51, 59, 69, 70, 83, 86, 91, 92, 97, 106, 117], "probs": [[0.605288565158844, 0.3947114646434784], [0.6057824492454529, 0.3942175507545471], [0.6024598479270935, 0.3975401520729065], [0.6040913462638855, 0.3959086537361145], [0.6007348895072937, 0.3992651104927063], [0.6068271994590759, 0.3931728005409241], [0.6023979187011719, 0.39760205149650574], [0.6006706357002258, 0.3993293344974518], [0.6021666526794434, 0.39783337712287903], [0.6103255152702332, 0.38967451453208923], [0.6036303043365479, 0.39636969566345215], [0.6085652112960815, 0.3914347290992737], [0.5982177257537842, 0.4017822742462158], [0.6049790978431702, 0.39502090215682983], [0.6021438241004944, 0.39785611629486084], [0.6091121435165405, 0.39088791608810425], [0.6046387553215027, 0.3953612446784973], [0.5953807234764099, 0.4046192765235901], [0.5981859564781189, 0.4018140435218811], [0.6059231162071228, 0.3940768837928772], [0.6080977916717529, 0.3919021785259247], [0.5962473154067993, 0.4037526547908783], [0.6018303036689758, 0.39816972613334656]], "phq_pred_log1p": [0.5241017937660217, 0.5180032253265381, 0.5194069147109985, 0.5150488615036011, 0.5261600613594055, 0.5306249260902405, 0.5420531630516052, 0.5265195369720459, 0.5444888472557068, 0.5275879502296448, 0.5101523399353027, 0.5098082423210144, 0.5411092638969421, 0.5363114476203918, 0.5511482357978821, 0.5175076723098755, 0.508814811706543, 0.5306207537651062, 0.5202251672744751, 0.5202143788337708, 0.55232173204422, 0.5239217877388, 0.523152232170105], "phq_true_log1p": [2.5649492740631104, 2.079441547393799, 1.0986123085021973, 2.079441547393799, 1.0986123085021973, 1.0986123085021973, 2.079441547393799, 1.0986123085021973, 1.0986123085021973, 2.079441547393799, 1.0986123085021973, 2.079441547393799, 1.0986123085021973, 1.0986123085021973, 2.079441547393799, 1.0986123085021973, 1.0986123085021973, 2.079441547393799, 1.0986123085021973, 2.079441547393799, 1.0986123085021973, 1.0986123085021973, 1.0986123085021973], "y_true": [1, 1, 0, 1, 0, 0, 1, 0, 0, 1, 0, 1, 0, 0, 1, 0, 0, 1, 0, 1, 0, 0, 0], "y_pred": [0, 0, 0, 0, 0, 0, 0, 0, 0, 0, 0, 0, 0, 0, 0, 0, 0, 0, 0, 0, 0, 0, 0]}