{"ckpt": "checkpoints/Track2/G-P/binary/pipeline__GpP__mfcc__resnet__bilstm_mean__fold3_seed42/best_model_2026-05-16-01.29.45.pth", "track": "Track2", "task": "binary", "subtrack": "G+P", "audio_feature": "mfcc", "video_feature": "resnet", "encoder_type": "bilstm_mean", "seed": 42, "experiment_name": "pipeline__GpP__mfcc__resnet__bilstm_mean__fold3_seed42", "val": {"acc": 0.6470588235294118, "f1": 0.6458333333333333, "kappa": 0.3013698630136986, "ccc": 0.022508556438089626, "rmse": 0.6825816028034001, "mae": 0.5140296781764311, "confusion_matrix": [[5, 4], [2, 6]], "selection_score": 0.6458333333333333, "r2": 0.012415291693279262, "cls_loss": 0.6853615992209491, "reg_loss": 0.4659176591564627, "loss": 1.1512792951920454}, "metric_split": "val", "test": {"acc": 0.5909090909090909, "f1": 0.5831578947368421, "kappa": 0.18181818181818177, "ccc": -0.02807379181883496, "rmse": 0.5381356139190318, "mae": 0.5009058172052557, "confusion_matrix": [[8, 3], [6, 5]], "selection_score": 0.5831578947368421, "r2": -0.049359841776564384}, "ids": [1, 5, 7, 13, 15, 22, 28, 33, 34, 40, 42, 44, 47, 58, 74, 83, 85, 89, 90, 93, 105, 110], "probs": [[0.5686514973640442, 0.4313485324382782], [0.5702295899391174, 0.42977041006088257], [0.4608736038208008, 0.5391263961791992], [0.4313710331916809, 0.5686289668083191], [0.46321621537208557, 0.5367838144302368], [0.502495527267456, 0.49750450253486633], [0.5240681171417236, 0.47593191266059875], [0.4502376317977905, 0.5497623682022095], [0.49200963973999023, 0.5079903602600098], [0.5128764510154724, 0.4871235489845276], [0.487743079662323, 0.5122568607330322], [0.5094152688980103, 0.4905847907066345], [0.5292735695838928, 0.4707264006137848], [0.5151702761650085, 0.48482972383499146], [0.5361616611480713, 0.4638383984565735], [0.5153661966323853, 0.48463380336761475], [0.5363659858703613, 0.46363401412963867], [0.5102651119232178, 0.4897349178791046], [0.5483964085578918, 0.45160356163978577], [0.46642598509788513, 0.5335740447044373], [0.5149260759353638, 0.48507389426231384], [0.4799051582813263, 0.5200948715209961]], "phq_pred_log1p": [1.4664881229400635, 1.3779484033584595, 1.6235151290893555, 1.6289606094360352, 1.5808346271514893, 1.4956387281417847, 1.5469703674316406, 1.6013658046722412, 1.5415050983428955, 1.5324854850769043, 1.601388931274414, 1.5410815477371216, 1.5241895914077759, 1.53056800365448, 1.534267544746399, 1.5650758743286133, 1.5417499542236328, 1.5973834991455078, 1.4739986658096313, 1.618282437324524, 1.5524439811706543, 1.5426013469696045], "phq_true_log1p": [2.4849066734313965, 1.945910096168518, 1.945910096168518, 1.945910096168518, 1.945910096168518, 1.0986123085021973, 1.0986123085021973, 1.0986123085021973, 1.945910096168518, 1.0986123085021973, 1.945910096168518, 1.0986123085021973, 1.0986123085021973, 1.0986123085021973, 2.4849066734313965, 1.0986123085021973, 2.4849066734313965, 1.945910096168518, 1.945910096168518, 1.0986123085021973, 1.0986123085021973, 1.0986123085021973], "y_true": [1, 1, 1, 1, 1, 0, 0, 0, 1, 0, 1, 0, 0, 0, 1, 0, 1, 1, 1, 0, 0, 0], "y_pred": [0, 0, 1, 1, 1, 0, 0, 1, 1, 0, 1, 0, 0, 0, 0, 0, 0, 0, 0, 1, 0, 1]}