{"ckpt": "checkpoints/Track2/A-V-P/ternary/pipeline__A_VpP__mfcc__openface__bilstm_mean__fold0_seed42/best_model_2026-05-16-01.29.33.pth", "track": "Track2", "task": "ternary", "subtrack": "A-V+P", "audio_feature": "mfcc", "video_feature": "openface", "encoder_type": "bilstm_mean", "seed": 42, "experiment_name": "pipeline__A_VpP__mfcc__openface__bilstm_mean__fold0_seed42", "val": {"acc": 0.6111111111111112, "f1": 0.4444444444444444, "kappa": 0.318918918918919, "ccc": 0.2456641764130898, "rmse": 0.6059564316905272, "mae": 0.5001832875940535, "confusion_matrix": [[6, 2, 1], [2, 5, 0], [1, 1, 0]], "selection_score": 0.4444444444444444, "r2": -0.015297409355455649, "cls_loss": 1.197544813156128, "reg_loss": 0.3671831919087304, "loss": 1.564727995130751}, "metric_split": "val", "test": {"acc": 0.3181818181818182, "f1": 0.3166666666666667, "kappa": -0.18279569892473124, "ccc": -0.054753051355330956, "rmse": 0.7806805702336032, "mae": 0.684144529429349, "confusion_matrix": [[5, 5, 1], [7, 1, 0], [1, 1, 1]], "selection_score": 0.3166666666666667, "r2": -1.2084507163730178}, "ids": [1, 5, 7, 13, 15, 22, 28, 33, 34, 40, 42, 44, 47, 58, 74, 83, 85, 89, 90, 93, 105, 110], "probs": [[0.12041047215461731, 0.333320289850235, 0.5462691783905029], [0.6128891706466675, 0.2416388839483261, 0.1454719454050064], [0.7836686372756958, 0.150412917137146, 0.06591843068599701], [0.6111178994178772, 0.32460135221481323, 0.06428078562021255], [0.7479157447814941, 0.16142646968364716, 0.0906578078866005], [0.40546730160713196, 0.4493196904659271, 0.14521294832229614], [0.5555625557899475, 0.3735067844390869, 0.07093062251806259], [0.4026753902435303, 0.2208053171634674, 0.3765193223953247], [0.7250573039054871, 0.14399626851081848, 0.13094642758369446], [0.3998662829399109, 0.47985169291496277, 0.12028201669454575], [0.5822893977165222, 0.3548729717731476, 0.06283767521381378], [0.07490559667348862, 0.5647697448730469, 0.3603246510028839], [0.4609405994415283, 0.42537805438041687, 0.11368132382631302], [0.3208896517753601, 0.5540017485618591, 0.12510858476161957], [0.5602301359176636, 0.37002497911453247, 0.06974487751722336], [0.23913918435573578, 0.4812225103378296, 0.27963829040527344], [0.16626134514808655, 0.6099228858947754, 0.22381576895713806], [0.18979322910308838, 0.5961815118789673, 0.21402530372142792], [0.43544501066207886, 0.3980390131473541, 0.16651597619056702], [0.8159948587417603, 0.12701347470283508, 0.05699167400598526], [0.6857714653015137, 0.23434369266033173, 0.07988487184047699], [0.1556377410888672, 0.23321619629859924, 0.611146092414856]], "phq_pred_log1p": [2.237731456756592, 1.357806921005249, 0.529065728187561, 1.1549921035766602, 0.8845310211181641, 1.750941276550293, 1.243119239807129, 1.6923203468322754, 0.886970043182373, 1.6825504302978516, 1.0644125938415527, 2.3605706691741943, 1.5452425479888916, 1.8066846132278442, 1.1810343265533447, 1.9565032720565796, 2.1584343910217285, 2.0815062522888184, 1.5717777013778687, 0.3873476982116699, 1.0282213687896729, 1.9341719150543213], "phq_true_log1p": [2.4849066734313965, 1.945910096168518, 1.945910096168518, 1.945910096168518, 1.945910096168518, 1.0986123085021973, 1.0986123085021973, 1.0986123085021973, 1.945910096168518, 1.0986123085021973, 1.945910096168518, 1.0986123085021973, 1.0986123085021973, 1.0986123085021973, 2.4849066734313965, 1.0986123085021973, 2.4849066734313965, 1.945910096168518, 1.945910096168518, 1.0986123085021973, 1.0986123085021973, 1.0986123085021973], "y_true": [2, 1, 1, 1, 1, 0, 0, 0, 1, 0, 1, 0, 0, 0, 2, 0, 2, 1, 1, 0, 0, 0], "y_pred": [2, 0, 0, 0, 0, 1, 0, 0, 0, 1, 0, 1, 0, 1, 0, 1, 1, 1, 0, 0, 0, 2]}