{"ckpt": "checkpoints/Track1/A-V-P/binary/pipeline__A_VpP__mfcc__openface__bilstm_mean__frozen_val_seed3407/best_model_2026-05-15-21.11.30.pth", "track": "Track1", "task": "binary", "subtrack": "A-V+P", "audio_feature": "mfcc", "video_feature": "openface", "encoder_type": "bilstm_mean", "seed": 3407, "experiment_name": "pipeline__A_VpP__mfcc__openface__bilstm_mean__frozen_val_seed3407", "val": {"acc": 0.6666666666666666, "f1": 0.4, "kappa": 0.0, "ccc": 0.0052649101365118064, "rmse": 0.6992225534634153, "mae": 0.5290772914886475, "confusion_matrix": [[6, 0], [3, 0]], "selection_score": 0.4, "r2": -0.1014824914054282, "cls_loss": 0.6861914462513394, "reg_loss": 0.4889121684763167, "loss": 1.175103611416287}, "metric_split": "val", "test": {"acc": 0.6086956521739131, "f1": 0.3783783783783784, "kappa": 0.0, "ccc": -0.0009439083743744877, "rmse": 0.5942522638728757, "mae": 0.428514750107475, "confusion_matrix": [[14, 0], [9, 0]], "selection_score": 0.3783783783783784, "r2": -0.3368823369517373}, "ids": [1, 6, 8, 13, 18, 24, 26, 32, 33, 35, 45, 48, 51, 59, 69, 70, 83, 86, 91, 92, 97, 106, 117], "probs": [[0.58918696641922, 0.41081300377845764], [0.5868223309516907, 0.4131776690483093], [0.5895404815673828, 0.4104595184326172], [0.5912441611289978, 0.4087558090686798], [0.5883210301399231, 0.4116789698600769], [0.5843209028244019, 0.41567909717559814], [0.5858191251754761, 0.41418081521987915], [0.5810584425926208, 0.41894158720970154], [0.5918568968772888, 0.4081431031227112], [0.5854548215866089, 0.4145451784133911], [0.5903449654579163, 0.4096550941467285], [0.598979651927948, 0.401020348072052], [0.5886830687522888, 0.41131696105003357], [0.5837414264678955, 0.4162585735321045], [0.5924071073532104, 0.40759289264678955], [0.5927904844284058, 0.40720948576927185], [0.5867169499397278, 0.4132830500602722], [0.5880774259567261, 0.41192254424095154], [0.5940240621566772, 0.40597590804100037], [0.5895118713378906, 0.4104880690574646], [0.590399444103241, 0.40960055589675903], [0.5956114530563354, 0.40438857674598694], [0.599255383014679, 0.4007446765899658]], "phq_pred_log1p": [1.2009360790252686, 1.1843771934509277, 1.2011263370513916, 1.223740577697754, 1.1847262382507324, 1.1689631938934326, 1.2460246086120605, 1.2767930030822754, 1.227783203125, 1.1821234226226807, 1.2125012874603271, 1.2341625690460205, 1.1940793991088867, 1.199096918106079, 1.193824052810669, 1.2121374607086182, 1.1741912364959717, 1.2017505168914795, 1.2006311416625977, 1.1930842399597168, 1.1976540088653564, 1.2097485065460205, 1.2365212440490723], "phq_true_log1p": [2.5649492740631104, 2.079441547393799, 1.0986123085021973, 2.079441547393799, 1.0986123085021973, 1.0986123085021973, 2.079441547393799, 1.0986123085021973, 1.0986123085021973, 2.079441547393799, 1.0986123085021973, 2.079441547393799, 1.0986123085021973, 1.0986123085021973, 2.079441547393799, 1.0986123085021973, 1.0986123085021973, 2.079441547393799, 1.0986123085021973, 2.079441547393799, 1.0986123085021973, 1.0986123085021973, 1.0986123085021973], "y_true": [1, 1, 0, 1, 0, 0, 1, 0, 0, 1, 0, 1, 0, 0, 1, 0, 0, 1, 0, 1, 0, 0, 0], "y_pred": [0, 0, 0, 0, 0, 0, 0, 0, 0, 0, 0, 0, 0, 0, 0, 0, 0, 0, 0, 0, 0, 0, 0]}