{"ckpt": "checkpoints/Track2/A-V-G+P/binary/pipeline__A_V_GpP__opensmile__resnet__bilstm_mean__frozen_val_seed42/best_model_2026-05-15-21.59.39.pth", "track": "Track2", "task": "binary", "subtrack": "A-V-G+P", "audio_feature": "opensmile", "video_feature": "resnet", "encoder_type": "bilstm_mean", "seed": 42, "experiment_name": "pipeline__A_V_GpP__opensmile__resnet__bilstm_mean__frozen_val_seed42", "val": {"acc": 0.7777777777777778, "f1": 0.775, "kappa": 0.55, "ccc": -0.11951159412432749, "rmse": 0.832235026984901, "mae": 0.6159704393810697, "confusion_matrix": [[4, 1], [1, 3]], "selection_score": 0.775, "r2": -0.26152336357600925, "cls_loss": 1.1191996191110876, "reg_loss": 0.6926151149802737, "loss": 1.8118147601683934}, "metric_split": "val", "test": {"acc": 0.5454545454545454, "f1": 0.47619047619047616, "kappa": 0.09090909090909094, "ccc": 0.10805407534741475, "rmse": 0.5273317703832758, "mae": 0.4941398718140342, "confusion_matrix": [[10, 1], [9, 2]], "selection_score": 0.47619047619047616, "r2": -0.007647995196792046}, "ids": [1, 5, 7, 13, 15, 22, 28, 33, 34, 40, 42, 44, 47, 58, 74, 83, 85, 89, 90, 93, 105, 110], "probs": [[0.004925562534481287, 0.995074450969696], [0.7870474457740784, 0.21295258402824402], [0.9662370085716248, 0.03376295045018196], [0.39729011058807373, 0.6027098894119263], [0.8540764451026917, 0.14592355489730835], [0.6047902703285217, 0.39520975947380066], [0.8559973239898682, 0.14400260150432587], [0.9871805310249329, 0.012819427996873856], [0.9898938536643982, 0.010106198489665985], [0.7244921922683716, 0.2755078375339508], [0.9128182530403137, 0.0871817097067833], [0.9901787042617798, 0.009821231476962566], [0.6262511610984802, 0.37374886870384216], [0.9654297232627869, 0.034570321440696716], [0.6191059947013855, 0.3808940052986145], [0.7599688172340393, 0.2400311529636383], [0.6815705299377441, 0.31842944025993347], [0.9269695281982422, 0.07303044945001602], [0.9795179963111877, 0.020481940358877182], [0.9676820039749146, 0.032318033277988434], [0.6911973357200623, 0.30880266427993774], [0.20290826261043549, 0.7970917820930481]], "phq_pred_log1p": [1.9738764762878418, 1.6143252849578857, 1.4904518127441406, 1.5700123310089111, 1.5475547313690186, 1.6824049949645996, 1.394890546798706, 1.265843391418457, 1.3493002653121948, 1.6003553867340088, 1.4609787464141846, 1.38316810131073, 1.6117619276046753, 1.4161807298660278, 1.6284171342849731, 1.6816264390945435, 1.7690742015838623, 1.6440366506576538, 1.349975824356079, 1.5546379089355469, 1.6929993629455566, 2.0479464530944824], "phq_true_log1p": [2.4849066734313965, 1.945910096168518, 1.945910096168518, 1.945910096168518, 1.945910096168518, 1.0986123085021973, 1.0986123085021973, 1.0986123085021973, 1.945910096168518, 1.0986123085021973, 1.945910096168518, 1.0986123085021973, 1.0986123085021973, 1.0986123085021973, 2.4849066734313965, 1.0986123085021973, 2.4849066734313965, 1.945910096168518, 1.945910096168518, 1.0986123085021973, 1.0986123085021973, 1.0986123085021973], "y_true": [1, 1, 1, 1, 1, 0, 0, 0, 1, 0, 1, 0, 0, 0, 1, 0, 1, 1, 1, 0, 0, 0], "y_pred": [1, 0, 0, 1, 0, 0, 0, 0, 0, 0, 0, 0, 0, 0, 0, 0, 0, 0, 0, 0, 0, 1]}