{"ckpt": "checkpoints/Track1/G-P/ternary/pipeline__GpP__mfcc__resnet__bilstm_mean__frozen_val_seed2026/best_model_2026-05-15-22.33.53.pth", "track": "Track1", "task": "ternary", "subtrack": "G+P", "audio_feature": "mfcc", "video_feature": "resnet", "encoder_type": "bilstm_mean", "seed": 2026, "experiment_name": "pipeline__GpP__mfcc__resnet__bilstm_mean__frozen_val_seed2026", "val": {"acc": 0.4444444444444444, "f1": 0.3151515151515151, "kappa": 0.042553191489361764, "ccc": 0.0005694588438263814, "rmse": 0.831046053092693, "mae": 0.6991158061557345, "confusion_matrix": [[3, 0, 3], [2, 0, 0], [0, 0, 1]], "selection_score": 0.3151515151515151, "r2": -0.1602642512314485, "cls_loss": 1.1224359605047438, "reg_loss": 0.6906375520759158, "loss": 1.813073542382982}, "metric_split": "val", "test": {"acc": 0.34782608695652173, "f1": 0.235042735042735, "kappa": 0.014285714285714346, "ccc": 0.00042676750658364855, "rmse": 0.6905411558344471, "mae": 0.4613013837648475, "confusion_matrix": [[7, 0, 7], [5, 0, 3], [0, 0, 1]], "selection_score": 0.235042735042735, "r2": -0.8052220530297531}, "ids": [1, 6, 8, 13, 18, 24, 26, 32, 33, 35, 45, 48, 51, 59, 69, 70, 83, 86, 91, 92, 97, 106, 117], "probs": [[0.3663080632686615, 0.2561935782432556, 0.3774983584880829], [0.3746597468852997, 0.25069016218185425, 0.37465009093284607], [0.3649778962135315, 0.25469309091567993, 0.3803290128707886], [0.3722752034664154, 0.24785542488098145, 0.37986937165260315], [0.3802065849304199, 0.24921593070030212, 0.37057745456695557], [0.3780743181705475, 0.2519386410713196, 0.36998701095581055], [0.3734654188156128, 0.25530096888542175, 0.37123358249664307], [0.37405920028686523, 0.2461961954832077, 0.37974458932876587], [0.37819328904151917, 0.25374963879585266, 0.3680570721626282], [0.379538893699646, 0.24934400618076324, 0.37111708521842957], [0.3783070743083954, 0.24769307672977448, 0.37399983406066895], [0.38276270031929016, 0.24793438613414764, 0.3693029582500458], [0.3692986071109772, 0.25139114260673523, 0.3793102502822876], [0.37146103382110596, 0.24912339448928833, 0.3794156014919281], [0.3709408640861511, 0.2523224949836731, 0.3767366409301758], [0.3744479715824127, 0.25086936354637146, 0.3746827244758606], [0.3799832761287689, 0.24981160461902618, 0.3702051341533661], [0.37089651823043823, 0.25208666920661926, 0.3770168423652649], [0.37642085552215576, 0.2534787654876709, 0.37010031938552856], [0.38114121556282043, 0.25291940569877625, 0.36593934893608093], [0.3688896894454956, 0.256640762090683, 0.3744695484638214], [0.38885870575904846, 0.24862420558929443, 0.3625170588493347], [0.3723403513431549, 0.2549872100353241, 0.3726724684238434]], "phq_pred_log1p": [1.0487855672836304, 1.045106053352356, 1.0508230924606323, 1.038838267326355, 1.039542555809021, 1.0452107191085815, 1.0462307929992676, 1.0448130369186401, 1.0317569971084595, 1.0484403371810913, 1.0225212574005127, 1.0638970136642456, 1.059125304222107, 1.0426223278045654, 1.0339733362197876, 1.0517195463180542, 1.0263899564743042, 1.0256701707839966, 1.0455970764160156, 1.0282012224197388, 1.0447256565093994, 1.0440400838851929, 1.0430917739868164], "phq_true_log1p": [2.5649492740631104, 2.079441547393799, 1.0986123085021973, 2.079441547393799, 1.0986123085021973, 1.0986123085021973, 2.079441547393799, 1.0986123085021973, 1.0986123085021973, 2.079441547393799, 1.0986123085021973, 2.079441547393799, 1.0986123085021973, 1.0986123085021973, 2.079441547393799, 1.0986123085021973, 1.0986123085021973, 2.079441547393799, 1.0986123085021973, 2.079441547393799, 1.0986123085021973, 1.0986123085021973, 1.0986123085021973], "y_true": [2, 1, 0, 1, 0, 0, 1, 0, 0, 1, 0, 1, 0, 0, 1, 0, 0, 1, 0, 1, 0, 0, 0], "y_pred": [2, 0, 2, 2, 0, 0, 0, 2, 0, 0, 0, 0, 2, 2, 2, 2, 0, 2, 0, 0, 2, 0, 2]}