{"ckpt": "checkpoints/Track1/A-V-G+P/ternary/pipeline__A_V_GpP__wav2vec__openface__bilstm_mean__fold4_seed42/best_model_2026-05-16-00.33.55.pth", "track": "Track1", "task": "ternary", "subtrack": "A-V-G+P", "audio_feature": "wav2vec", "video_feature": "openface", "encoder_type": "bilstm_mean", "seed": 42, "experiment_name": "pipeline__A_V_GpP__wav2vec__openface__bilstm_mean__fold4_seed42", "val": {"acc": 0.7647058823529411, "f1": 0.5079365079365079, "kappa": 0.2842105263157896, "ccc": 0.1827297234356663, "rmse": 0.8324421264398467, "mae": 0.723219105426003, "confusion_matrix": [[12, 0, 0], [3, 0, 0], [1, 0, 1]], "selection_score": 0.5079365079365079, "r2": -0.36705343742854946, "cls_loss": 1.2733257956364576, "reg_loss": 0.6929598560228067, "loss": 1.9662856845294727}, "metric_split": "val", "test": {"acc": 0.6956521739130435, "f1": 0.4246794871794872, "kappa": 0.32067510548523215, "ccc": 0.32910842518355604, "rmse": 0.6322782079465398, "mae": 0.5175761321316594, "confusion_matrix": [[13, 1, 0], [5, 3, 0], [0, 1, 0]], "selection_score": 0.4246794871794872, "r2": -0.5134494608945013}, "ids": [1, 6, 8, 13, 18, 24, 26, 32, 33, 35, 45, 48, 51, 59, 69, 70, 83, 86, 91, 92, 97, 106, 117], "probs": [[0.3751969337463379, 0.42218324542045593, 0.20261982083320618], [0.37762218713760376, 0.5545879602432251, 0.06778979301452637], [0.7787869572639465, 0.18602631986141205, 0.035186637192964554], [0.05686255544424057, 0.5112608075141907, 0.43187659978866577], [0.7646903991699219, 0.18071623146533966, 0.05459333583712578], [0.9762166142463684, 0.016125034540891647, 0.007658306043595076], [0.9754294157028198, 0.015450727194547653, 0.009119894355535507], [0.9727124571800232, 0.019312793388962746, 0.007974757812917233], [0.9591900110244751, 0.022278431802988052, 0.018531572073698044], [0.7456887364387512, 0.19111628830432892, 0.06319501250982285], [0.8908911347389221, 0.08234556764364243, 0.02676328457891941], [0.9857407212257385, 0.007247519679367542, 0.00701176980510354], [0.07237137854099274, 0.7584124207496643, 0.16921620070934296], [0.9418614506721497, 0.045884858816862106, 0.012253678403794765], [0.08549008518457413, 0.7204883694648743, 0.19402152299880981], [0.9781450629234314, 0.01501497346907854, 0.0068399617448449135], [0.9811749458312988, 0.012515313923358917, 0.006309779826551676], [0.9486199021339417, 0.028684034943580627, 0.022696059197187424], [0.9201882481575012, 0.03262437507510185, 0.04718739911913872], [0.9776833057403564, 0.013875957578420639, 0.008440748788416386], [0.9718772768974304, 0.016604160889983177, 0.011518592946231365], [0.9143204092979431, 0.07170508056879044, 0.0139745669439435], [0.4715515077114105, 0.4277426302433014, 0.1007058173418045]], "phq_pred_log1p": [2.066481828689575, 1.7272603511810303, 1.418156623840332, 2.2152888774871826, 1.3491486310958862, 0.8297374844551086, 0.6834614872932434, 0.6603115200996399, 0.4523236155509949, 1.2556413412094116, 1.4605318307876587, 0.7951139807701111, 1.9053539037704468, 0.8291240930557251, 2.254124164581299, 0.7151690721511841, 0.8515450954437256, 1.2223143577575684, 1.4278631210327148, 0.9815056920051575, 0.8620497584342957, 1.130618929862976, 1.7924891710281372], "phq_true_log1p": [2.5649492740631104, 2.079441547393799, 1.0986123085021973, 2.079441547393799, 1.0986123085021973, 1.0986123085021973, 2.079441547393799, 1.0986123085021973, 1.0986123085021973, 2.079441547393799, 1.0986123085021973, 2.079441547393799, 1.0986123085021973, 1.0986123085021973, 2.079441547393799, 1.0986123085021973, 1.0986123085021973, 2.079441547393799, 1.0986123085021973, 2.079441547393799, 1.0986123085021973, 1.0986123085021973, 1.0986123085021973], "y_true": [2, 1, 0, 1, 0, 0, 1, 0, 0, 1, 0, 1, 0, 0, 1, 0, 0, 1, 0, 1, 0, 0, 0], "y_pred": [1, 1, 0, 1, 0, 0, 0, 0, 0, 0, 0, 0, 1, 0, 1, 0, 0, 0, 0, 0, 0, 0, 0]}