{"ckpt": "checkpoints/Track2/A-V-G+P/ternary/pipeline__A_V_GpP__mfcc__densenet__bilstm_mean__fold3_seed42/best_model_2026-05-16-02.09.06.pth", "track": "Track2", "task": "ternary", "subtrack": "A-V-G+P", "audio_feature": "mfcc", "video_feature": "densenet", "encoder_type": "bilstm_mean", "seed": 42, "experiment_name": "pipeline__A_V_GpP__mfcc__densenet__bilstm_mean__fold3_seed42", "val": {"acc": 0.5294117647058824, "f1": 0.3666666666666667, "kappa": 0.11688311688311681, "ccc": -0.11078167398061568, "rmse": 0.7940622959493888, "mae": 0.6552496868021348, "confusion_matrix": [[6, 3, 0], [3, 3, 0], [2, 0, 0]], "selection_score": 0.3666666666666667, "r2": -0.19112772215321971, "cls_loss": 2.4156881868839264, "reg_loss": 0.6305349128156462, "loss": 3.0462229392107796}, "metric_split": "val", "test": {"acc": 0.2727272727272727, "f1": 0.18055555555555558, "kappa": -0.2846715328467153, "ccc": -0.1407163036684957, "rmse": 0.6470716643138623, "mae": 0.5626277219165455, "confusion_matrix": [[5, 5, 1], [7, 1, 0], [1, 2, 0]], "selection_score": 0.18055555555555558, "r2": -0.5172101347868483}, "ids": [1, 5, 7, 13, 15, 22, 28, 33, 34, 40, 42, 44, 47, 58, 74, 83, 85, 89, 90, 93, 105, 110], "probs": [[0.5970645546913147, 0.4021213948726654, 0.0008140286081470549], [0.5079224109649658, 0.4894442558288574, 0.002633339259773493], [0.9730527400970459, 0.026806624606251717, 0.00014059785462450236], [0.6629751920700073, 0.33574947714805603, 0.0012753424234688282], [0.8055533170700073, 0.19389517605304718, 0.0005514520453289151], [0.0019411769462749362, 0.11007252335548401, 0.8879863619804382], [0.09612035006284714, 0.8783761262893677, 0.02550348825752735], [0.992973804473877, 0.0069798934273421764, 4.626766894944012e-05], [0.949977457523346, 0.04981425404548645, 0.00020827921980526298], [0.5927842855453491, 0.4056631326675415, 0.0015525749186053872], [0.8251489400863647, 0.17332834005355835, 0.0015226522227749228], [0.9844777584075928, 0.015432585962116718, 8.960821287473664e-05], [0.05188232660293579, 0.9407294988632202, 0.007388194557279348], [0.1361609846353531, 0.8614515662193298, 0.0023874538019299507], [0.3647916615009308, 0.6332597136497498, 0.0019486303208395839], [0.09779279679059982, 0.8984814882278442, 0.0037257063668221235], [0.07082615047693253, 0.9264909029006958, 0.0026829116977751255], [0.4769345819950104, 0.5099430084228516, 0.01312237698584795], [0.64649498462677, 0.35268738865852356, 0.0008176059345714748], [0.9148437976837158, 0.0847792774438858, 0.0003769306349568069], [0.19364602863788605, 0.8046513199806213, 0.0017026904970407486], [0.7515538930892944, 0.24794399738311768, 0.0005020463140681386]], "phq_pred_log1p": [1.2981235980987549, 1.8283649682998657, 1.365631103515625, 1.4042837619781494, 1.4565012454986572, 2.2518086433410645, 2.187987804412842, 0.9895753860473633, 1.2166192531585693, 1.7255710363388062, 1.7779185771942139, 1.0764204263687134, 1.7242376804351807, 1.677238941192627, 1.5922832489013672, 1.7951165437698364, 1.7408052682876587, 1.638480544090271, 1.5428303480148315, 1.6659035682678223, 1.5636732578277588, 1.3823955059051514], "phq_true_log1p": [2.4849066734313965, 1.945910096168518, 1.945910096168518, 1.945910096168518, 1.945910096168518, 1.0986123085021973, 1.0986123085021973, 1.0986123085021973, 1.945910096168518, 1.0986123085021973, 1.945910096168518, 1.0986123085021973, 1.0986123085021973, 1.0986123085021973, 2.4849066734313965, 1.0986123085021973, 2.4849066734313965, 1.945910096168518, 1.945910096168518, 1.0986123085021973, 1.0986123085021973, 1.0986123085021973], "y_true": [2, 1, 1, 1, 1, 0, 0, 0, 1, 0, 1, 0, 0, 0, 2, 0, 2, 1, 1, 0, 0, 0], "y_pred": [0, 0, 0, 0, 0, 2, 1, 0, 0, 0, 0, 0, 1, 1, 1, 1, 1, 1, 0, 0, 1, 0]}