{"ckpt": "checkpoints/Track1/A-V-P/ternary/pipeline__A_VpP__mfcc__openface__bilstm_mean__fold4_seed42/best_model_2026-05-16-00.23.59.pth", "track": "Track1", "task": "ternary", "subtrack": "A-V+P", "audio_feature": "mfcc", "video_feature": "openface", "encoder_type": "bilstm_mean", "seed": 42, "experiment_name": "pipeline__A_VpP__mfcc__openface__bilstm_mean__fold4_seed42", "val": {"acc": 0.7647058823529411, "f1": 0.5079365079365079, "kappa": 0.2842105263157896, "ccc": 0.12786479413074553, "rmse": 0.985051511986797, "mae": 0.7990151450914496, "confusion_matrix": [[12, 0, 0], [3, 0, 0], [1, 0, 1]], "selection_score": 0.5079365079365079, "r2": -0.91423509986028, "cls_loss": 1.0486792869427626, "reg_loss": 0.9703264979625066, "loss": 2.019005794735516}, "metric_split": "val", "test": {"acc": 0.6086956521739131, "f1": 0.2522522522522523, "kappa": 0.0, "ccc": 0.08208491083829847, "rmse": 0.885521253522983, "mae": 0.6894580692700718, "confusion_matrix": [[14, 0, 0], [8, 0, 0], [1, 0, 0]], "selection_score": 0.2522522522522523, "r2": -1.9685848998076962}, "ids": [1, 6, 8, 13, 18, 24, 26, 32, 33, 35, 45, 48, 51, 59, 69, 70, 83, 86, 91, 92, 97, 106, 117], "probs": [[0.4802272617816925, 0.2853551208972931, 0.23441757261753082], [0.6532027721405029, 0.241100013256073, 0.10569719225168228], [0.8086349964141846, 0.12374751269817352, 0.06761741638183594], [0.4947550892829895, 0.25164440274238586, 0.2536005675792694], [0.47622379660606384, 0.3180447816848755, 0.20573146641254425], [0.8800109028816223, 0.07763145118951797, 0.04235772415995598], [0.9131821393966675, 0.04958004131913185, 0.03723777458071709], [0.9109947085380554, 0.053916819393634796, 0.0350884310901165], [0.7911479473114014, 0.10717452317476273, 0.10167757421731949], [0.7706601619720459, 0.14805090427398682, 0.08128894120454788], [0.7607926726341248, 0.13650305569171906, 0.10270431637763977], [0.9208665490150452, 0.04378731921315193, 0.0353461354970932], [0.484239786863327, 0.3116566836833954, 0.20410354435443878], [0.77443927526474, 0.15386618673801422, 0.07169448584318161], [0.49885886907577515, 0.28175273537635803, 0.21938841044902802], [0.8490889072418213, 0.09675939381122589, 0.05415167286992073], [0.8707846999168396, 0.08652772754430771, 0.042687542736530304], [0.8043526411056519, 0.11574798077344894, 0.079899363219738], [0.7776347398757935, 0.10333134233951569, 0.11903391778469086], [0.8862252235412598, 0.06848220527172089, 0.04529253765940666], [0.8063129186630249, 0.10614386200904846, 0.08754321932792664], [0.8263055682182312, 0.10741743445396423, 0.06627696007490158], [0.6878229975700378, 0.17613725364208221, 0.13603977859020233]], "phq_pred_log1p": [1.7448433637619019, 1.1725445985794067, 0.8188007473945618, 1.5058079957962036, 1.572733759880066, 0.45916441082954407, 0.029745284467935562, 0.3262757658958435, 0.9061435461044312, 0.9397425651550293, 0.9956557750701904, 0.05640587583184242, 1.5245827436447144, 0.866286039352417, 1.6086887121200562, 0.662763774394989, 0.45950180292129517, 0.8931782245635986, 0.9555733799934387, 0.48024100065231323, 0.7873162627220154, 0.7599754333496094, 0.99773108959198], "phq_true_log1p": [2.5649492740631104, 2.079441547393799, 1.0986123085021973, 2.079441547393799, 1.0986123085021973, 1.0986123085021973, 2.079441547393799, 1.0986123085021973, 1.0986123085021973, 2.079441547393799, 1.0986123085021973, 2.079441547393799, 1.0986123085021973, 1.0986123085021973, 2.079441547393799, 1.0986123085021973, 1.0986123085021973, 2.079441547393799, 1.0986123085021973, 2.079441547393799, 1.0986123085021973, 1.0986123085021973, 1.0986123085021973], "y_true": [2, 1, 0, 1, 0, 0, 1, 0, 0, 1, 0, 1, 0, 0, 1, 0, 0, 1, 0, 1, 0, 0, 0], "y_pred": [0, 0, 0, 0, 0, 0, 0, 0, 0, 0, 0, 0, 0, 0, 0, 0, 0, 0, 0, 0, 0, 0, 0]}