{"ckpt": "checkpoints/Track2/A-V-G+P/binary/pipeline__A_V_GpP__opensmile__openface__bilstm_mean__fold3_seed42/best_model_2026-05-16-00.54.31.pth", "track": "Track2", "task": "binary", "subtrack": "A-V-G+P", "audio_feature": "opensmile", "video_feature": "openface", "encoder_type": "bilstm_mean", "seed": 42, "experiment_name": "pipeline__A_V_GpP__opensmile__openface__bilstm_mean__fold3_seed42", "val": {"acc": 0.6470588235294118, "f1": 0.6136363636363636, "kappa": 0.32000000000000006, "ccc": -0.0011819380719851795, "rmse": 0.6907214850144187, "mae": 0.5209562147364897, "confusion_matrix": [[3, 6], [0, 8]], "selection_score": 0.6136363636363636, "r2": -0.011279326555880598, "cls_loss": 0.688420832157135, "reg_loss": 0.47709618508815765, "loss": 1.165517039158765}, "metric_split": "val", "test": {"acc": 0.4090909090909091, "f1": 0.3769063180827886, "kappa": -0.18181818181818188, "ccc": 0.0026336425300419156, "rmse": 0.5274493805532693, "mae": 0.5010828646746549, "confusion_matrix": [[2, 9], [4, 7]], "selection_score": 0.3769063180827886, "r2": -0.008097514357964464}, "ids": [1, 5, 7, 13, 15, 22, 28, 33, 34, 40, 42, 44, 47, 58, 74, 83, 85, 89, 90, 93, 105, 110], "probs": [[0.4887944161891937, 0.5112056136131287], [0.5094838738441467, 0.49051612615585327], [0.5179797410964966, 0.4820202589035034], [0.480191707611084, 0.519808292388916], [0.4985533058643341, 0.5014467239379883], [0.48139750957489014, 0.5186024904251099], [0.4858483672142029, 0.5141516327857971], [0.49631768465042114, 0.5036823749542236], [0.501545786857605, 0.4984542429447174], [0.499525785446167, 0.500474214553833], [0.5088255405426025, 0.4911744296550751], [0.4832365810871124, 0.5167633891105652], [0.4770248830318451, 0.5229750871658325], [0.4953896999359131, 0.5046103596687317], [0.49287429451942444, 0.5071256756782532], [0.48321089148521423, 0.5167890787124634], [0.473059743642807, 0.5269402265548706], [0.4796763062477112, 0.5203236937522888], [0.48719432950019836, 0.512805700302124], [0.5168492197990417, 0.48315075039863586], [0.500257670879364, 0.4997423589229584], [0.4765295684337616, 0.5234704613685608]], "phq_pred_log1p": [1.598610281944275, 1.464071273803711, 1.4997515678405762, 1.6050341129302979, 1.5572429895401, 1.5995687246322632, 1.5678538084030151, 1.5586566925048828, 1.559473991394043, 1.5483028888702393, 1.5194001197814941, 1.6132137775421143, 1.6387135982513428, 1.556835651397705, 1.5681571960449219, 1.5738937854766846, 1.62417733669281, 1.6487544775009155, 1.5744158029556274, 1.4950265884399414, 1.5230635404586792, 1.6305177211761475], "phq_true_log1p": [2.4849066734313965, 1.945910096168518, 1.945910096168518, 1.945910096168518, 1.945910096168518, 1.0986123085021973, 1.0986123085021973, 1.0986123085021973, 1.945910096168518, 1.0986123085021973, 1.945910096168518, 1.0986123085021973, 1.0986123085021973, 1.0986123085021973, 2.4849066734313965, 1.0986123085021973, 2.4849066734313965, 1.945910096168518, 1.945910096168518, 1.0986123085021973, 1.0986123085021973, 1.0986123085021973], "y_true": [1, 1, 1, 1, 1, 0, 0, 0, 1, 0, 1, 0, 0, 0, 1, 0, 1, 1, 1, 0, 0, 0], "y_pred": [1, 0, 0, 1, 1, 1, 1, 1, 0, 1, 0, 1, 1, 1, 1, 1, 1, 1, 1, 0, 0, 1]}