{"ckpt": "checkpoints/Track2/A-V-G+P/binary/pipeline__A_V_GpP__opensmile__resnet__bilstm_mean__fold2_seed42/best_model_2026-05-16-00.50.37.pth", "track": "Track2", "task": "binary", "subtrack": "A-V-G+P", "audio_feature": "opensmile", "video_feature": "resnet", "encoder_type": "bilstm_mean", "seed": 42, "experiment_name": "pipeline__A_V_GpP__opensmile__resnet__bilstm_mean__fold2_seed42", "val": {"acc": 0.6111111111111112, "f1": 0.6, "kappa": 0.2222222222222222, "ccc": -0.010192971050049775, "rmse": 0.6804519929544092, "mae": 0.5768487718370225, "confusion_matrix": [[7, 2], [5, 4]], "selection_score": 0.6, "r2": -0.10904801577800671, "cls_loss": 0.8517509235276116, "reg_loss": 0.46301491889688706, "loss": 1.3147658639483981}, "metric_split": "val", "test": {"acc": 0.5, "f1": 0.4905263157894737, "kappa": 0.0, "ccc": 0.16632344661318227, "rmse": 0.5516910688429907, "mae": 0.4778522117571397, "confusion_matrix": [[7, 4], [7, 4]], "selection_score": 0.4905263157894737, "r2": -0.10289172286613169}, "ids": [1, 5, 7, 13, 15, 22, 28, 33, 34, 40, 42, 44, 47, 58, 74, 83, 85, 89, 90, 93, 105, 110], "probs": [[0.058251991868019104, 0.9417479634284973], [0.5387281179428101, 0.46127182245254517], [0.8456377983093262, 0.15436214208602905], [0.2996746003627777, 0.7003254294395447], [0.34684985876083374, 0.6531500816345215], [0.3694917857646942, 0.6305082440376282], [0.9053475260734558, 0.0946524515748024], [0.8187341690063477, 0.18126583099365234], [0.8481349945068359, 0.15186499059200287], [0.3351535201072693, 0.6648465394973755], [0.7525885105133057, 0.24741148948669434], [0.8320264220237732, 0.16797351837158203], [0.6304178237915039, 0.36958223581314087], [0.6596804857254028, 0.3403194546699524], [0.768463134765625, 0.23153692483901978], [0.7966233491897583, 0.2033766657114029], [0.4977744221687317, 0.5022255778312683], [0.7380368709564209, 0.2619631886482239], [0.6990166306495667, 0.30098333954811096], [0.7322084903717041, 0.2677915394306183], [0.27000948786735535, 0.729990541934967], [0.26566779613494873, 0.7343322038650513]], "phq_pred_log1p": [2.2607481479644775, 1.5872293710708618, 1.2111159563064575, 1.755213975906372, 1.788274884223938, 1.7313542366027832, 0.9814448952674866, 1.2160001993179321, 1.2654281854629517, 1.7405202388763428, 1.3196882009506226, 1.2735668420791626, 1.431836485862732, 1.4558249711990356, 1.346954584121704, 1.3168891668319702, 1.6931546926498413, 1.442861557006836, 1.4501627683639526, 1.4880397319793701, 1.86648690700531, 1.9600170850753784], "phq_true_log1p": [2.4849066734313965, 1.945910096168518, 1.945910096168518, 1.945910096168518, 1.945910096168518, 1.0986123085021973, 1.0986123085021973, 1.0986123085021973, 1.945910096168518, 1.0986123085021973, 1.945910096168518, 1.0986123085021973, 1.0986123085021973, 1.0986123085021973, 2.4849066734313965, 1.0986123085021973, 2.4849066734313965, 1.945910096168518, 1.945910096168518, 1.0986123085021973, 1.0986123085021973, 1.0986123085021973], "y_true": [1, 1, 1, 1, 1, 0, 0, 0, 1, 0, 1, 0, 0, 0, 1, 0, 1, 1, 1, 0, 0, 0], "y_pred": [1, 0, 0, 1, 1, 1, 0, 0, 0, 1, 0, 0, 0, 0, 0, 0, 1, 0, 0, 0, 1, 1]}