{"ckpt": "checkpoints/Track1/G-P/binary/pipeline__GpP__mfcc__resnet__bilstm_mean__frozen_val_seed3407/best_model_2026-05-15-21.19.54.pth", "track": "Track1", "task": "binary", "subtrack": "G+P", "audio_feature": "mfcc", "video_feature": "resnet", "encoder_type": "bilstm_mean", "seed": 3407, "experiment_name": "pipeline__GpP__mfcc__resnet__bilstm_mean__frozen_val_seed3407", "val": {"acc": 0.6666666666666666, "f1": 0.4, "kappa": 0.0, "ccc": 0.0008355154946806804, "rmse": 0.6991881058863089, "mae": 0.5294301244947646, "confusion_matrix": [[6, 0], [3, 0]], "selection_score": 0.4, "r2": -0.10137396381799513, "cls_loss": 0.6886207130220201, "reg_loss": 0.4888639979892307, "loss": 1.1774847242567275}, "metric_split": "val", "test": {"acc": 0.6086956521739131, "f1": 0.3783783783783784, "kappa": 0.0, "ccc": 0.009810221062036443, "rmse": 0.5948194725757885, "mae": 0.42416470983754034, "confusion_matrix": [[14, 0], [9, 0]], "selection_score": 0.3783783783783784, "r2": -0.3394356404347507}, "ids": [1, 6, 8, 13, 18, 24, 26, 32, 33, 35, 45, 48, 51, 59, 69, 70, 83, 86, 91, 92, 97, 106, 117], "probs": [[0.6287646293640137, 0.3712354004383087], [0.621742844581604, 0.3782571256160736], [0.6328167915344238, 0.36718320846557617], [0.6200860142707825, 0.3799140155315399], [0.6246874332427979, 0.37531259655952454], [0.6294801235198975, 0.3705199062824249], [0.6341667175292969, 0.36583322286605835], [0.6263764500617981, 0.3736235499382019], [0.6249469518661499, 0.3750530183315277], [0.625812828540802, 0.374187171459198], [0.6225840449333191, 0.3774159848690033], [0.6203005909919739, 0.3796994388103485], [0.63192218542099, 0.36807775497436523], [0.6264137029647827, 0.3735862970352173], [0.6248701810836792, 0.3751298189163208], [0.6184075474739075, 0.3815924823284149], [0.6160928010940552, 0.3839071989059448], [0.6170167922973633, 0.3829832077026367], [0.63243567943573, 0.36756426095962524], [0.6358034610748291, 0.3641965091228485], [0.6339629888534546, 0.366036981344223], [0.6271948218345642, 0.3728051781654358], [0.6293624043464661, 0.3706376254558563]], "phq_pred_log1p": [1.2239218950271606, 1.1927326917648315, 1.1832131147384644, 1.2154093980789185, 1.2098097801208496, 1.2216817140579224, 1.2068158388137817, 1.216368556022644, 1.1934560537338257, 1.214898705482483, 1.1858524084091187, 1.2006678581237793, 1.1859546899795532, 1.196405291557312, 1.196983814239502, 1.1979936361312866, 1.185779333114624, 1.183409571647644, 1.1808840036392212, 1.1811470985412598, 1.187278389930725, 1.2159324884414673, 1.1912564039230347], "phq_true_log1p": [2.5649492740631104, 2.079441547393799, 1.0986123085021973, 2.079441547393799, 1.0986123085021973, 1.0986123085021973, 2.079441547393799, 1.0986123085021973, 1.0986123085021973, 2.079441547393799, 1.0986123085021973, 2.079441547393799, 1.0986123085021973, 1.0986123085021973, 2.079441547393799, 1.0986123085021973, 1.0986123085021973, 2.079441547393799, 1.0986123085021973, 2.079441547393799, 1.0986123085021973, 1.0986123085021973, 1.0986123085021973], "y_true": [1, 1, 0, 1, 0, 0, 1, 0, 0, 1, 0, 1, 0, 0, 1, 0, 0, 1, 0, 1, 0, 0, 0], "y_pred": [0, 0, 0, 0, 0, 0, 0, 0, 0, 0, 0, 0, 0, 0, 0, 0, 0, 0, 0, 0, 0, 0, 0]}