{"ckpt": "checkpoints/Track2/A-V-P/ternary/pipeline__A_VpP__opensmile__densenet__bilstm_mean__frozen_val_seed2026/best_model_2026-05-15-22.59.06.pth", "track": "Track2", "task": "ternary", "subtrack": "A-V+P", "audio_feature": "opensmile", "video_feature": "densenet", "encoder_type": "bilstm_mean", "seed": 2026, "experiment_name": "pipeline__A_VpP__opensmile__densenet__bilstm_mean__frozen_val_seed2026", "val": {"acc": 0.6666666666666666, "f1": 0.41111111111111115, "kappa": 0.32500000000000007, "ccc": 0.19985129811876984, "rmse": 0.463636608497782, "mae": 0.37686263190375435, "confusion_matrix": [[5, 0, 0], [2, 1, 0], [0, 1, 0]], "selection_score": 0.41111111111111115, "r2": 0.12481463720766528, "cls_loss": 1.0640296538670857, "reg_loss": 0.2149589028623369, "loss": 1.2789885467953153}, "metric_split": "val", "test": {"acc": 0.4090909090909091, "f1": 0.28502415458937197, "kappa": -0.05147058823529416, "ccc": 0.0159222814782428, "rmse": 0.5691089507854632, "mae": 0.5059625668959185, "confusion_matrix": [[6, 5, 0], [5, 3, 0], [1, 2, 0]], "selection_score": 0.28502415458937197, "r2": -0.17363162312779057}, "ids": [1, 5, 7, 13, 15, 22, 28, 33, 34, 40, 42, 44, 47, 58, 74, 83, 85, 89, 90, 93, 105, 110], "probs": [[0.3552252948284149, 0.3625434339046478, 0.28223124146461487], [0.4133334755897522, 0.36872339248657227, 0.21794310212135315], [0.5009307861328125, 0.34120506048202515, 0.15786412358283997], [0.43524014949798584, 0.3557701110839844, 0.208989679813385], [0.38172653317451477, 0.4283812940120697, 0.18989214301109314], [0.34103554487228394, 0.38962358236312866, 0.2693408727645874], [0.35588470101356506, 0.41781342029571533, 0.22630183398723602], [0.4422372877597809, 0.35444557666778564, 0.20331722497940063], [0.4534309208393097, 0.36095109581947327, 0.18561796844005585], [0.41412675380706787, 0.371512770652771, 0.21436050534248352], [0.37998002767562866, 0.3979879319667816, 0.22203205525875092], [0.5128456950187683, 0.30026134848594666, 0.18689291179180145], [0.4182561933994293, 0.38974881172180176, 0.1919950246810913], [0.391092449426651, 0.39887115359306335, 0.21003639698028564], [0.3812547028064728, 0.41340363025665283, 0.20534160733222961], [0.3259088099002838, 0.41106918454170227, 0.2630220651626587], [0.4061407744884491, 0.39636296033859253, 0.19749625027179718], [0.4555398225784302, 0.3535516560077667, 0.19090847671031952], [0.34473755955696106, 0.4277305006980896, 0.22753192484378815], [0.44220390915870667, 0.363457590341568, 0.19433856010437012], [0.38687464594841003, 0.40245839953422546, 0.21066690981388092], [0.4552311301231384, 0.35998332500457764, 0.18478545546531677]], "phq_pred_log1p": [1.9559831619262695, 1.7847344875335693, 1.4785878658294678, 1.7510464191436768, 1.7832756042480469, 2.0853068828582764, 1.9151804447174072, 1.7082483768463135, 1.59706711769104, 1.7928462028503418, 1.8590327501296997, 1.4931979179382324, 1.6758114099502563, 1.8059910535812378, 1.8500633239746094, 1.983473539352417, 1.7624433040618896, 1.617423415184021, 1.9301910400390625, 1.7394964694976807, 1.773501992225647, 1.5907052755355835], "phq_true_log1p": [2.4849066734313965, 1.945910096168518, 1.945910096168518, 1.945910096168518, 1.945910096168518, 1.0986123085021973, 1.0986123085021973, 1.0986123085021973, 1.945910096168518, 1.0986123085021973, 1.945910096168518, 1.0986123085021973, 1.0986123085021973, 1.0986123085021973, 2.4849066734313965, 1.0986123085021973, 2.4849066734313965, 1.945910096168518, 1.945910096168518, 1.0986123085021973, 1.0986123085021973, 1.0986123085021973], "y_true": [2, 1, 1, 1, 1, 0, 0, 0, 1, 0, 1, 0, 0, 0, 2, 0, 2, 1, 1, 0, 0, 0], "y_pred": [1, 0, 0, 0, 1, 1, 1, 0, 0, 0, 1, 0, 0, 1, 1, 1, 0, 0, 1, 0, 1, 0]}