{"ckpt": "checkpoints/Track2/G-P/ternary/pipeline__GpP__mfcc__resnet__bilstm_mean__fold0_seed42/best_model_2026-05-16-02.04.57.pth", "track": "Track2", "task": "ternary", "subtrack": "G+P", "audio_feature": "mfcc", "video_feature": "resnet", "encoder_type": "bilstm_mean", "seed": 42, "experiment_name": "pipeline__GpP__mfcc__resnet__bilstm_mean__fold0_seed42", "val": {"acc": 0.7222222222222222, "f1": 0.5103785103785103, "kappa": 0.48275862068965514, "ccc": 0.0003019644374991818, "rmse": 0.6019025383182265, "mae": 0.49198633432388306, "confusion_matrix": [[8, 1, 0], [2, 5, 0], [2, 0, 0]], "selection_score": 0.5103785103785103, "r2": -0.0017580215002170885, "cls_loss": 1.0790871911578708, "reg_loss": 0.3622866604063246, "loss": 1.4413738515641954}, "metric_split": "val", "test": {"acc": 0.36363636363636365, "f1": 0.24333333333333332, "kappa": -0.1578947368421053, "ccc": -0.02550538959103341, "rmse": 0.5339223199351258, "mae": 0.5030271140011874, "confusion_matrix": [[6, 5, 0], [6, 2, 0], [2, 1, 0]], "selection_score": 0.24333333333333332, "r2": -0.032992393050554236}, "ids": [1, 5, 7, 13, 15, 22, 28, 33, 34, 40, 42, 44, 47, 58, 74, 83, 85, 89, 90, 93, 105, 110], "probs": [[0.3601505756378174, 0.3624609410762787, 0.2773885130882263], [0.3651643991470337, 0.35570958256721497, 0.27912598848342896], [0.36433592438697815, 0.3539516031742096, 0.28171250224113464], [0.3602771759033203, 0.35884174704551697, 0.2808810770511627], [0.36423325538635254, 0.3562239706516266, 0.2795427441596985], [0.35651764273643494, 0.3710568845272064, 0.27242544293403625], [0.3523756265640259, 0.3606984615325928, 0.28692588210105896], [0.35870593786239624, 0.3573177456855774, 0.28397637605667114], [0.36139559745788574, 0.36236336827278137, 0.2762410640716553], [0.35941335558891296, 0.3586522936820984, 0.2819344103336334], [0.36398419737815857, 0.3516521751880646, 0.2843635678291321], [0.35971778631210327, 0.3593845069408417, 0.28089770674705505], [0.3562512695789337, 0.3616722524166107, 0.28207647800445557], [0.3594058156013489, 0.3592434525489807, 0.2813507318496704], [0.35959571599960327, 0.35685113072395325, 0.2835531532764435], [0.3581997752189636, 0.3575807809829712, 0.2842194437980652], [0.36375847458839417, 0.35148879885673523, 0.284752756357193], [0.3555125892162323, 0.35676267743110657, 0.28772470355033875], [0.36381715536117554, 0.34904688596725464, 0.2871359884738922], [0.36624541878700256, 0.3499675691127777, 0.2837870717048645], [0.3581475615501404, 0.3600696325302124, 0.28178277611732483], [0.35804519057273865, 0.3627372086048126, 0.27921757102012634]], "phq_pred_log1p": [1.4928003549575806, 1.5157780647277832, 1.587079405784607, 1.5524195432662964, 1.5737297534942627, 1.5401381254196167, 1.5829750299453735, 1.6110161542892456, 1.5342037677764893, 1.5625910758972168, 1.5482350587844849, 1.5855721235275269, 1.558229684829712, 1.5631979703903198, 1.5887874364852905, 1.5877844095230103, 1.5589596033096313, 1.5939795970916748, 1.5625245571136475, 1.578595519065857, 1.557797908782959, 1.5099302530288696], "phq_true_log1p": [2.4849066734313965, 1.945910096168518, 1.945910096168518, 1.945910096168518, 1.945910096168518, 1.0986123085021973, 1.0986123085021973, 1.0986123085021973, 1.945910096168518, 1.0986123085021973, 1.945910096168518, 1.0986123085021973, 1.0986123085021973, 1.0986123085021973, 2.4849066734313965, 1.0986123085021973, 2.4849066734313965, 1.945910096168518, 1.945910096168518, 1.0986123085021973, 1.0986123085021973, 1.0986123085021973], "y_true": [2, 1, 1, 1, 1, 0, 0, 0, 1, 0, 1, 0, 0, 0, 2, 0, 2, 1, 1, 0, 0, 0], "y_pred": [1, 0, 0, 0, 0, 1, 1, 0, 1, 0, 0, 0, 1, 0, 0, 0, 0, 1, 0, 0, 1, 1]}