{"ckpt": "checkpoints/Track1/G-P/binary/pipeline__GpP__wav2vec__resnet__bilstm_mean__fold2_seed42/best_model_2026-05-15-20.47.09.pth", "track": "Track1", "task": "binary", "subtrack": "G+P", "audio_feature": "wav2vec", "video_feature": "resnet", "encoder_type": "bilstm_mean", "seed": 42, "experiment_name": "pipeline__GpP__wav2vec__resnet__bilstm_mean__fold2_seed42", "val": {"acc": 0.7058823529411765, "f1": 0.41379310344827586, "kappa": 0.0, "ccc": 0.00035773250329942545, "rmse": 1.1419095953523184, "mae": 1.0070352168644177, "confusion_matrix": [[12, 0], [5, 0]], "selection_score": 0.41379310344827586, "r2": -2.2009088314237384, "cls_loss": 0.6609041199964636, "reg_loss": 1.3039575324339026, "loss": 1.964861645418055}, "metric_split": "val", "test": {"acc": 0.6086956521739131, "f1": 0.3783783783783784, "kappa": 0.0, "ccc": -0.0001650581751589645, "rmse": 1.108093344783087, "mae": 0.9814981248067773, "confusion_matrix": [[14, 0], [9, 0]], "selection_score": 0.3783783783783784, "r2": -3.648407450403777}, "ids": [1, 6, 8, 13, 18, 24, 26, 32, 33, 35, 45, 48, 51, 59, 69, 70, 83, 86, 91, 92, 97, 106, 117], "probs": [[0.5837500095367432, 0.4162500202655792], [0.5845317244529724, 0.41546830534935], [0.5800325274467468, 0.41996750235557556], [0.581747829914093, 0.4182521402835846], [0.57878178358078, 0.42121821641921997], [0.5818991661071777, 0.4181008040904999], [0.5794469118118286, 0.420553058385849], [0.577473521232605, 0.42252644896507263], [0.5791727304458618, 0.42082729935646057], [0.5883646011352539, 0.4116353690624237], [0.5796079635620117, 0.42039206624031067], [0.588236927986145, 0.41176310181617737], [0.573563277721405, 0.42643672227859497], [0.5817504525184631, 0.4182495176792145], [0.5782610774040222, 0.4217389225959778], [0.587809681892395, 0.412190318107605], [0.5831522941589355, 0.41684770584106445], [0.5752333402633667, 0.4247666895389557], [0.5761755108833313, 0.4238245487213135], [0.5838217735290527, 0.41617822647094727], [0.5838470458984375, 0.4161529839038849], [0.57413250207901, 0.42586749792099], [0.5780887603759766, 0.4219112694263458]], "phq_pred_log1p": [0.5214430689811707, 0.5136656761169434, 0.5195963978767395, 0.5086342096328735, 0.5212626457214355, 0.5250287055969238, 0.5426305532455444, 0.5156193971633911, 0.5404866337776184, 0.5197528600692749, 0.5021404027938843, 0.5041804313659668, 0.5363443493843079, 0.5324820280075073, 0.5468681454658508, 0.5132635235786438, 0.49862200021743774, 0.522335946559906, 0.5123194456100464, 0.5166354179382324, 0.5480989217758179, 0.5202221274375916, 0.5249642133712769], "phq_true_log1p": [2.5649492740631104, 2.079441547393799, 1.0986123085021973, 2.079441547393799, 1.0986123085021973, 1.0986123085021973, 2.079441547393799, 1.0986123085021973, 1.0986123085021973, 2.079441547393799, 1.0986123085021973, 2.079441547393799, 1.0986123085021973, 1.0986123085021973, 2.079441547393799, 1.0986123085021973, 1.0986123085021973, 2.079441547393799, 1.0986123085021973, 2.079441547393799, 1.0986123085021973, 1.0986123085021973, 1.0986123085021973], "y_true": [1, 1, 0, 1, 0, 0, 1, 0, 0, 1, 0, 1, 0, 0, 1, 0, 0, 1, 0, 1, 0, 0, 0], "y_pred": [0, 0, 0, 0, 0, 0, 0, 0, 0, 0, 0, 0, 0, 0, 0, 0, 0, 0, 0, 0, 0, 0, 0]}