{"ckpt": "checkpoints/Track2/G-P/ternary/pipeline__GpP__mfcc__resnet__bilstm_mean__fold3_seed42/best_model_2026-05-16-02.05.08.pth", "track": "Track2", "task": "ternary", "subtrack": "G+P", "audio_feature": "mfcc", "video_feature": "resnet", "encoder_type": "bilstm_mean", "seed": 42, "experiment_name": "pipeline__GpP__mfcc__resnet__bilstm_mean__fold3_seed42", "val": {"acc": 0.6470588235294118, "f1": 0.4603174603174603, "kappa": 0.36250000000000004, "ccc": -0.03793682672085223, "rmse": 0.7494681208093013, "mae": 0.6117445721345789, "confusion_matrix": [[6, 3, 0], [1, 5, 0], [2, 0, 0]], "selection_score": 0.4603174603174603, "r2": -0.061098037444741404, "cls_loss": 1.0428264702067656, "reg_loss": 0.5617024780196302, "loss": 1.6045289705781376}, "metric_split": "val", "test": {"acc": 0.3181818181818182, "f1": 0.20166666666666666, "kappa": -0.12627986348122855, "ccc": -0.027909376972823686, "rmse": 0.5424138507349574, "mae": 0.4957526651295749, "confusion_matrix": [[1, 10, 0], [2, 6, 0], [2, 1, 0]], "selection_score": 0.20166666666666666, "r2": -0.06611121611729875}, "ids": [1, 5, 7, 13, 15, 22, 28, 33, 34, 40, 42, 44, 47, 58, 74, 83, 85, 89, 90, 93, 105, 110], "probs": [[0.43529263138771057, 0.3813673257827759, 0.18333996832370758], [0.4322448670864105, 0.3921402096748352, 0.17561493813991547], [0.37013015151023865, 0.40313485264778137, 0.22673502564430237], [0.349613219499588, 0.4150894284248352, 0.23529735207557678], [0.3834702968597412, 0.3989437520503998, 0.21758590638637543], [0.40882161259651184, 0.4098093807697296, 0.18136899173259735], [0.3480686843395233, 0.45700427889823914, 0.19492694735527039], [0.34882643818855286, 0.4403030574321747, 0.21087048947811127], [0.3980376422405243, 0.4116421341896057, 0.19032016396522522], [0.38976752758026123, 0.4025874435901642, 0.20764504373073578], [0.3842020034790039, 0.40595316886901855, 0.20984484255313873], [0.38893523812294006, 0.4096975326538086, 0.20136724412441254], [0.3762511610984802, 0.4279090464115143, 0.1958397924900055], [0.39187559485435486, 0.41267162561416626, 0.19545279443264008], [0.3918454945087433, 0.42060285806655884, 0.1875516027212143], [0.37649068236351013, 0.4260171055793762, 0.19749224185943604], [0.43010103702545166, 0.38428619503974915, 0.1856127828359604], [0.369162917137146, 0.43569082021713257, 0.19514629244804382], [0.41190794110298157, 0.40323013067245483, 0.1848619282245636], [0.38900816440582275, 0.4079972505569458, 0.20299457013607025], [0.4045093059539795, 0.4100855886936188, 0.18540515005588531], [0.40901508927345276, 0.39937257766723633, 0.19161228835582733]], "phq_pred_log1p": [1.449346661567688, 1.3486653566360474, 1.6658648252487183, 1.6539332866668701, 1.5654314756393433, 1.4435611963272095, 1.6600269079208374, 1.630844235420227, 1.5595507621765137, 1.5351773500442505, 1.6575430631637573, 1.5936566591262817, 1.5474483966827393, 1.5442166328430176, 1.566758394241333, 1.582263708114624, 1.4379318952560425, 1.6393663883209229, 1.4886976480484009, 1.596882939338684, 1.4402045011520386, 1.4281004667282104], "phq_true_log1p": [2.4849066734313965, 1.945910096168518, 1.945910096168518, 1.945910096168518, 1.945910096168518, 1.0986123085021973, 1.0986123085021973, 1.0986123085021973, 1.945910096168518, 1.0986123085021973, 1.945910096168518, 1.0986123085021973, 1.0986123085021973, 1.0986123085021973, 2.4849066734313965, 1.0986123085021973, 2.4849066734313965, 1.945910096168518, 1.945910096168518, 1.0986123085021973, 1.0986123085021973, 1.0986123085021973], "y_true": [2, 1, 1, 1, 1, 0, 0, 0, 1, 0, 1, 0, 0, 0, 2, 0, 2, 1, 1, 0, 0, 0], "y_pred": [0, 0, 1, 1, 1, 1, 1, 1, 1, 1, 1, 1, 1, 1, 1, 1, 0, 1, 0, 1, 1, 0]}