{"ckpt": "checkpoints/Track1/G-P/ternary/pipeline__GpP__mfcc__resnet__bilstm_mean__frozen_val_seed42/best_model_2026-05-15-22.33.53.pth", "track": "Track1", "task": "ternary", "subtrack": "G+P", "audio_feature": "mfcc", "video_feature": "resnet", "encoder_type": "bilstm_mean", "seed": 42, "experiment_name": "pipeline__GpP__mfcc__resnet__bilstm_mean__frozen_val_seed42", "val": {"acc": 0.6666666666666666, "f1": 0.26666666666666666, "kappa": 0.0, "ccc": 0.025742349178088587, "rmse": 0.8191464777716415, "mae": 0.6884315146340264, "confusion_matrix": [[6, 0, 0], [2, 0, 0], [1, 0, 0]], "selection_score": 0.26666666666666666, "r2": -0.1272749734099965, "cls_loss": 1.0999281075265672, "reg_loss": 0.6710009872913361, "loss": 1.7709290981292725}, "metric_split": "val", "test": {"acc": 0.6086956521739131, "f1": 0.2522522522522523, "kappa": 0.0, "ccc": -0.009881819464886695, "rmse": 0.690939650668234, "mae": 0.4564393603283426, "confusion_matrix": [[14, 0, 0], [8, 0, 0], [1, 0, 0]], "selection_score": 0.2522522522522523, "r2": -0.807306155394997}, "ids": [1, 6, 8, 13, 18, 24, 26, 32, 33, 35, 45, 48, 51, 59, 69, 70, 83, 86, 91, 92, 97, 106, 117], "probs": [[0.3793767988681793, 0.27009713649749756, 0.3505260944366455], [0.38201096653938293, 0.274570107460022, 0.3434188663959503], [0.3802849352359772, 0.27391570806503296, 0.34579938650131226], [0.3864790201187134, 0.27707597613334656, 0.33644506335258484], [0.377074658870697, 0.27985891699790955, 0.34306642413139343], [0.37854939699172974, 0.2712668478488922, 0.35018378496170044], [0.38004401326179504, 0.2699424922466278, 0.3500134348869324], [0.3737068176269531, 0.2790732681751251, 0.34721994400024414], [0.38032296299934387, 0.2751995921134949, 0.34447744488716125], [0.38213983178138733, 0.2703055143356323, 0.34755465388298035], [0.37730586528778076, 0.2764721214771271, 0.34622204303741455], [0.3876655101776123, 0.2716219127178192, 0.34071260690689087], [0.3726651072502136, 0.2782084345817566, 0.3491264879703522], [0.3769024908542633, 0.27324536442756653, 0.34985214471817017], [0.3737160265445709, 0.27696895599365234, 0.34931495785713196], [0.3840048015117645, 0.27214959263801575, 0.34384557604789734], [0.37570101022720337, 0.27519747614860535, 0.3491014838218689], [0.37985822558403015, 0.28256961703300476, 0.3375721275806427], [0.3761415481567383, 0.27372801303863525, 0.3501304090023041], [0.3767964839935303, 0.27339431643486023, 0.3498091995716095], [0.38091734051704407, 0.2695402503013611, 0.34954237937927246], [0.3762887716293335, 0.27848753333091736, 0.34522369503974915], [0.37876641750335693, 0.2751713693141937, 0.34606224298477173]], "phq_pred_log1p": [1.0345137119293213, 1.0355297327041626, 1.0354669094085693, 1.045698881149292, 1.05083167552948, 1.0749255418777466, 1.0449812412261963, 1.064060091972351, 1.0518958568572998, 1.0422658920288086, 1.0633862018585205, 1.0528777837753296, 1.030754566192627, 1.032768964767456, 1.0458179712295532, 1.0445761680603027, 1.055938720703125, 1.0173530578613281, 1.0734583139419556, 1.0561758279800415, 1.0315451622009277, 1.0736452341079712, 1.024481177330017], "phq_true_log1p": [2.5649492740631104, 2.079441547393799, 1.0986123085021973, 2.079441547393799, 1.0986123085021973, 1.0986123085021973, 2.079441547393799, 1.0986123085021973, 1.0986123085021973, 2.079441547393799, 1.0986123085021973, 2.079441547393799, 1.0986123085021973, 1.0986123085021973, 2.079441547393799, 1.0986123085021973, 1.0986123085021973, 2.079441547393799, 1.0986123085021973, 2.079441547393799, 1.0986123085021973, 1.0986123085021973, 1.0986123085021973], "y_true": [2, 1, 0, 1, 0, 0, 1, 0, 0, 1, 0, 1, 0, 0, 1, 0, 0, 1, 0, 1, 0, 0, 0], "y_pred": [0, 0, 0, 0, 0, 0, 0, 0, 0, 0, 0, 0, 0, 0, 0, 0, 0, 0, 0, 0, 0, 0, 0]}