{"ckpt": "checkpoints/Track1/G-P/ternary/pipeline__GpP__mfcc__resnet__bilstm_mean__fold0_seed42/best_model_2026-05-16-00.40.25.pth", "track": "Track1", "task": "ternary", "subtrack": "G+P", "audio_feature": "mfcc", "video_feature": "resnet", "encoder_type": "bilstm_mean", "seed": 42, "experiment_name": "pipeline__GpP__mfcc__resnet__bilstm_mean__fold0_seed42", "val": {"acc": 0.6666666666666666, "f1": 0.26666666666666666, "kappa": 0.0, "ccc": -0.006383252996917149, "rmse": 0.835377454169145, "mae": 0.6958904100788964, "confusion_matrix": [[12, 0, 0], [4, 0, 0], [2, 0, 0]], "selection_score": 0.26666666666666666, "r2": -0.35915125293920824, "cls_loss": 1.090432431962755, "reg_loss": 0.6978554824988047, "loss": 1.7882879310184054}, "metric_split": "val", "test": {"acc": 0.6086956521739131, "f1": 0.2522522522522523, "kappa": 0.0, "ccc": -0.009083012306162432, "rmse": 0.7362962003855074, "mae": 0.5223533873972686, "confusion_matrix": [[14, 0, 0], [8, 0, 0], [1, 0, 0]], "selection_score": 0.2522522522522523, "r2": -1.0523745197209564}, "ids": [1, 6, 8, 13, 18, 24, 26, 32, 33, 35, 45, 48, 51, 59, 69, 70, 83, 86, 91, 92, 97, 106, 117], "probs": [[0.3924434781074524, 0.2606702148914337, 0.3468863070011139], [0.3945838212966919, 0.2647029161453247, 0.340713232755661], [0.3917245864868164, 0.26415103673934937, 0.34412434697151184], [0.3980608880519867, 0.2664780914783478, 0.33546096086502075], [0.3903692364692688, 0.269146203994751, 0.3404845595359802], [0.39158788323402405, 0.2604876160621643, 0.34792453050613403], [0.3935282826423645, 0.25942355394363403, 0.3470481336116791], [0.38744670152664185, 0.26814576983451843, 0.3444075286388397], [0.39224153757095337, 0.26589518785476685, 0.3418631851673126], [0.3949699103832245, 0.2597194314002991, 0.34531062841415405], [0.38987186551094055, 0.26548606157302856, 0.34464210271835327], [0.40084782242774963, 0.26096129417419434, 0.33819088339805603], [0.38541901111602783, 0.2682790458202362, 0.3463018834590912], [0.38998928666114807, 0.263187974691391, 0.34682273864746094], [0.3873887062072754, 0.26512300968170166, 0.34748831391334534], [0.39663147926330566, 0.26226913928985596, 0.3410993814468384], [0.38850390911102295, 0.26479604840278625, 0.3467000424861908], [0.3920024335384369, 0.2727506756782532, 0.3352469205856323], [0.3887999355792999, 0.2638918161392212, 0.3473082184791565], [0.38778749108314514, 0.26546433568000793, 0.3467482328414917], [0.3938923180103302, 0.25935763120651245, 0.34675005078315735], [0.3886033296585083, 0.26822760701179504, 0.34316912293434143], [0.38972797989845276, 0.2663704454898834, 0.3439015746116638]], "phq_pred_log1p": [0.9696945548057556, 0.9655680656433105, 0.9663999676704407, 0.9753424525260925, 0.9844151139259338, 1.0113565921783447, 0.977755606174469, 1.0019464492797852, 0.9857480525970459, 0.9822107553482056, 0.9961658716201782, 0.9829657077789307, 0.9680286645889282, 0.9682510495185852, 0.9828663468360901, 0.9795873761177063, 0.9889808297157288, 0.949514627456665, 1.008198857307434, 0.9930834770202637, 0.9651567935943604, 1.0039803981781006, 0.9597084522247314], "phq_true_log1p": [2.5649492740631104, 2.079441547393799, 1.0986123085021973, 2.079441547393799, 1.0986123085021973, 1.0986123085021973, 2.079441547393799, 1.0986123085021973, 1.0986123085021973, 2.079441547393799, 1.0986123085021973, 2.079441547393799, 1.0986123085021973, 1.0986123085021973, 2.079441547393799, 1.0986123085021973, 1.0986123085021973, 2.079441547393799, 1.0986123085021973, 2.079441547393799, 1.0986123085021973, 1.0986123085021973, 1.0986123085021973], "y_true": [2, 1, 0, 1, 0, 0, 1, 0, 0, 1, 0, 1, 0, 0, 1, 0, 0, 1, 0, 1, 0, 0, 0], "y_pred": [0, 0, 0, 0, 0, 0, 0, 0, 0, 0, 0, 0, 0, 0, 0, 0, 0, 0, 0, 0, 0, 0, 0]}