{"ckpt": "checkpoints/Track1/A-V-G+P/ternary/pipeline__A_V_GpP__wav2vec__resnet__bilstm_mean__frozen_val_seed3407/best_model_2026-05-15-22.44.46.pth", "track": "Track1", "task": "ternary", "subtrack": "A-V-G+P", "audio_feature": "wav2vec", "video_feature": "resnet", "encoder_type": "bilstm_mean", "seed": 3407, "experiment_name": "pipeline__A_V_GpP__wav2vec__resnet__bilstm_mean__frozen_val_seed3407", "val": {"acc": 0.6666666666666666, "f1": 0.26666666666666666, "kappa": 0.0, "ccc": 0.007660592452472724, "rmse": 0.7687060540527165, "mae": 0.6472517649332682, "confusion_matrix": [[6, 0, 0], [2, 0, 0], [1, 0, 0]], "selection_score": 0.26666666666666666, "r2": 0.007278719268893896, "cls_loss": 1.1849431263075934, "reg_loss": 0.5909090186986659, "loss": 1.775852209991879}, "metric_split": "val", "test": {"acc": 0.6086956521739131, "f1": 0.2522522522522523, "kappa": 0.0, "ccc": -0.014474643574682047, "rmse": 0.5385587171243612, "mae": 0.4646120848863021, "confusion_matrix": [[14, 0, 0], [8, 0, 0], [1, 0, 0]], "selection_score": 0.2522522522522523, "r2": -0.09803861960636318}, "ids": [1, 6, 8, 13, 18, 24, 26, 32, 33, 35, 45, 48, 51, 59, 69, 70, 83, 86, 91, 92, 97, 106, 117], "probs": [[0.5609490871429443, 0.20415768027305603, 0.23489317297935486], [0.5555558204650879, 0.20875918865203857, 0.23568497598171234], [0.5540738701820374, 0.2093384861946106, 0.23658767342567444], [0.547850489616394, 0.20654714107513428, 0.2456023246049881], [0.5540422797203064, 0.21298177540302277, 0.23297595977783203], [0.5521292686462402, 0.21246428787708282, 0.23540645837783813], [0.555580198764801, 0.20715823769569397, 0.237261563539505], [0.567065417766571, 0.20317856967449188, 0.22975604236125946], [0.5747140645980835, 0.20118479430675507, 0.22410111129283905], [0.5529798269271851, 0.21235515177249908, 0.23466499149799347], [0.555055558681488, 0.21223405003547668, 0.2327103465795517], [0.55589359998703, 0.20821964740753174, 0.23588676750659943], [0.5531371831893921, 0.21293090283870697, 0.23393191397190094], [0.5535836219787598, 0.2106289565563202, 0.23578740656375885], [0.5486984252929688, 0.2176419049501419, 0.23365961015224457], [0.5551742911338806, 0.20441214740276337, 0.24041353166103363], [0.5620796084403992, 0.20790815353393555, 0.2300122082233429], [0.563745379447937, 0.20545245707035065, 0.23080216348171234], [0.5564688444137573, 0.21034231781959534, 0.23318886756896973], [0.5532273054122925, 0.2131051868200302, 0.23366747796535492], [0.5636004209518433, 0.20636925101280212, 0.230030357837677], [0.558571457862854, 0.21042197942733765, 0.23100663721561432], [0.5565009713172913, 0.21009187400341034, 0.2334071844816208]], "phq_pred_log1p": [1.3388323783874512, 1.3731292486190796, 1.3249399662017822, 1.3413845300674438, 1.3583732843399048, 1.3370705842971802, 1.3572728633880615, 1.3765851259231567, 1.421795129776001, 1.3570433855056763, 1.3732134103775024, 1.3586877584457397, 1.3438215255737305, 1.355549693107605, 1.3494573831558228, 1.3452458381652832, 1.3788079023361206, 1.3749667406082153, 1.337868094444275, 1.3276947736740112, 1.3676586151123047, 1.378176212310791, 1.3455322980880737], "phq_true_log1p": [2.5649492740631104, 2.079441547393799, 1.0986123085021973, 2.079441547393799, 1.0986123085021973, 1.0986123085021973, 2.079441547393799, 1.0986123085021973, 1.0986123085021973, 2.079441547393799, 1.0986123085021973, 2.079441547393799, 1.0986123085021973, 1.0986123085021973, 2.079441547393799, 1.0986123085021973, 1.0986123085021973, 2.079441547393799, 1.0986123085021973, 2.079441547393799, 1.0986123085021973, 1.0986123085021973, 1.0986123085021973], "y_true": [2, 1, 0, 1, 0, 0, 1, 0, 0, 1, 0, 1, 0, 0, 1, 0, 0, 1, 0, 1, 0, 0, 0], "y_pred": [0, 0, 0, 0, 0, 0, 0, 0, 0, 0, 0, 0, 0, 0, 0, 0, 0, 0, 0, 0, 0, 0, 0]}