{"ckpt": "checkpoints/Track2/G-P/ternary/pipeline__GpP__mfcc__resnet__bilstm_mean__frozen_val_seed2026/best_model_2026-05-15-22.54.10.pth", "track": "Track2", "task": "ternary", "subtrack": "G+P", "audio_feature": "mfcc", "video_feature": "resnet", "encoder_type": "bilstm_mean", "seed": 2026, "experiment_name": "pipeline__GpP__mfcc__resnet__bilstm_mean__frozen_val_seed2026", "val": {"acc": 0.5555555555555556, "f1": 0.35555555555555557, "kappa": 0.10000000000000009, "ccc": 0.008902962128949874, "rmse": 0.4967603036927718, "mae": 0.40373169051276314, "confusion_matrix": [[4, 1, 0], [2, 1, 0], [1, 0, 0]], "selection_score": 0.35555555555555557, "r2": -0.004704558741813081, "cls_loss": 1.0982229842080011, "reg_loss": 0.2467708107497957, "loss": 1.3449937767452664}, "metric_split": "val", "test": {"acc": 0.5454545454545454, "f1": 0.30324074074074076, "kappa": 0.10204081632653061, "ccc": -0.02259023731833576, "rmse": 0.5320741276436141, "mae": 0.5008675781163302, "confusion_matrix": [[11, 0, 0], [7, 1, 0], [3, 0, 0]], "selection_score": 0.30324074074074076, "r2": -0.025853286190738123}, "ids": [1, 5, 7, 13, 15, 22, 28, 33, 34, 40, 42, 44, 47, 58, 74, 83, 85, 89, 90, 93, 105, 110], "probs": [[0.41664227843284607, 0.37926486134529114, 0.2040928602218628], [0.41322627663612366, 0.3798530399799347, 0.20692071318626404], [0.3973565995693207, 0.39465445280075073, 0.207988902926445], [0.3903333246707916, 0.4006563127040863, 0.20901037752628326], [0.3969340920448303, 0.3955690562725067, 0.20749682188034058], [0.4090811312198639, 0.38445255160331726, 0.20646630227565765], [0.4176734983921051, 0.3807329833507538, 0.20159347355365753], [0.40182697772979736, 0.39490655064582825, 0.20326650142669678], [0.4087279438972473, 0.38520216941833496, 0.2060699462890625], [0.40739282965660095, 0.3894299566745758, 0.20317716896533966], [0.4046657383441925, 0.39279821515083313, 0.20253604650497437], [0.4069439768791199, 0.38936734199523926, 0.20368866622447968], [0.4135110676288605, 0.3815971314907074, 0.20489175617694855], [0.4076792001724243, 0.38917943835258484, 0.20314136147499084], [0.416097491979599, 0.38375574350357056, 0.20014676451683044], [0.4108772873878479, 0.38431206345558167, 0.20481064915657043], [0.4177547097206116, 0.3858018219470978, 0.19644343852996826], [0.41398128867149353, 0.3845340609550476, 0.20148462057113647], [0.4245094060897827, 0.37618574500083923, 0.19930490851402283], [0.4046839475631714, 0.3953481614589691, 0.1999678909778595], [0.4125016927719116, 0.3888586759567261, 0.1986396312713623], [0.4071401357650757, 0.3893846869468689, 0.2034751921892166]], "phq_pred_log1p": [1.5098059177398682, 1.532387614250183, 1.6077206134796143, 1.6177663803100586, 1.6130908727645874, 1.5721817016601562, 1.5645347833633423, 1.6228904724121094, 1.5805445909500122, 1.5847753286361694, 1.6012295484542847, 1.6206839084625244, 1.5783106088638306, 1.6015877723693848, 1.6029337644577026, 1.5959460735321045, 1.5903574228286743, 1.6086241006851196, 1.5715055465698242, 1.6298729181289673, 1.5883933305740356, 1.5586107969284058], "phq_true_log1p": [2.4849066734313965, 1.945910096168518, 1.945910096168518, 1.945910096168518, 1.945910096168518, 1.0986123085021973, 1.0986123085021973, 1.0986123085021973, 1.945910096168518, 1.0986123085021973, 1.945910096168518, 1.0986123085021973, 1.0986123085021973, 1.0986123085021973, 2.4849066734313965, 1.0986123085021973, 2.4849066734313965, 1.945910096168518, 1.945910096168518, 1.0986123085021973, 1.0986123085021973, 1.0986123085021973], "y_true": [2, 1, 1, 1, 1, 0, 0, 0, 1, 0, 1, 0, 0, 0, 2, 0, 2, 1, 1, 0, 0, 0], "y_pred": [0, 0, 0, 1, 0, 0, 0, 0, 0, 0, 0, 0, 0, 0, 0, 0, 0, 0, 0, 0, 0, 0]}