{"ckpt": "checkpoints/Track2/A-V-P/ternary/pipeline__A_VpP__mfcc__openface__bilstm_mean__frozen_val_seed42/best_model_2026-05-15-22.54.10.pth", "track": "Track2", "task": "ternary", "subtrack": "A-V+P", "audio_feature": "mfcc", "video_feature": "openface", "encoder_type": "bilstm_mean", "seed": 42, "experiment_name": "pipeline__A_VpP__mfcc__openface__bilstm_mean__frozen_val_seed42", "val": {"acc": 0.6666666666666666, "f1": 0.47222222222222215, "kappa": 0.4130434782608695, "ccc": 0.49202800383692735, "rmse": 0.38062516132686136, "mae": 0.31818143526713055, "confusion_matrix": [[3, 2, 0], [0, 3, 0], [1, 0, 0]], "selection_score": 0.47222222222222215, "r2": 0.4101527036566305, "cls_loss": 1.021820969051785, "reg_loss": 0.14487551732195747, "loss": 1.1666965153482225}, "metric_split": "val", "test": {"acc": 0.3181818181818182, "f1": 0.22857142857142856, "kappa": -0.17437722419928825, "ccc": -0.009201270746372918, "rmse": 0.7553844352521515, "mae": 0.653440535068512, "confusion_matrix": [[4, 7, 0], [5, 3, 0], [0, 3, 0]], "selection_score": 0.22857142857142856, "r2": -1.0676500416763814}, "ids": [1, 5, 7, 13, 15, 22, 28, 33, 34, 40, 42, 44, 47, 58, 74, 83, 85, 89, 90, 93, 105, 110], "probs": [[0.20428431034088135, 0.45532843470573425, 0.340387225151062], [0.7252990007400513, 0.12201088666915894, 0.152690127491951], [0.7941051721572876, 0.0836467370390892, 0.12224798649549484], [0.19812600314617157, 0.6401782035827637, 0.16169576346874237], [0.7276447415351868, 0.11025489866733551, 0.16210034489631653], [0.3288189172744751, 0.4856976270675659, 0.18548353016376495], [0.19514703750610352, 0.627945065498352, 0.17690783739089966], [0.6207873225212097, 0.13124240934848785, 0.2479703277349472], [0.7446473240852356, 0.08545704185962677, 0.16989567875862122], [0.1849832385778427, 0.6509337425231934, 0.16408300399780273], [0.4139869809150696, 0.41101452708244324, 0.1749984622001648], [0.07085154950618744, 0.7211381793022156, 0.20801027119159698], [0.24146504700183868, 0.556745707988739, 0.2017892599105835], [0.160429909825325, 0.6612306833267212, 0.1783393919467926], [0.33454078435897827, 0.4618740379810333, 0.2035851925611496], [0.17925918102264404, 0.5614441633224487, 0.2592966556549072], [0.09758355468511581, 0.7035174369812012, 0.198899045586586], [0.10888411849737167, 0.6921465396881104, 0.19896931946277618], [0.33628931641578674, 0.3906182050704956, 0.27309244871139526], [0.8102070689201355, 0.0760369747877121, 0.11375593394041061], [0.6256703734397888, 0.19914910197257996, 0.17518052458763123], [0.4189930856227875, 0.21062517166137695, 0.37038174271583557]], "phq_pred_log1p": [1.9959933757781982, 0.9391030073165894, 0.39954882860183716, 1.615347146987915, 0.8814412951469421, 1.5565695762634277, 1.719783067703247, 1.2610352039337158, 0.6735341548919678, 1.8028254508972168, 1.3472306728363037, 2.1721115112304688, 1.6859450340270996, 1.87492036819458, 1.5440466403961182, 1.880646824836731, 2.103771209716797, 2.0476255416870117, 1.6373262405395508, 0.3613060712814331, 1.0904395580291748, 1.5234229564666748], "phq_true_log1p": [2.4849066734313965, 1.945910096168518, 1.945910096168518, 1.945910096168518, 1.945910096168518, 1.0986123085021973, 1.0986123085021973, 1.0986123085021973, 1.945910096168518, 1.0986123085021973, 1.945910096168518, 1.0986123085021973, 1.0986123085021973, 1.0986123085021973, 2.4849066734313965, 1.0986123085021973, 2.4849066734313965, 1.945910096168518, 1.945910096168518, 1.0986123085021973, 1.0986123085021973, 1.0986123085021973], "y_true": [2, 1, 1, 1, 1, 0, 0, 0, 1, 0, 1, 0, 0, 0, 2, 0, 2, 1, 1, 0, 0, 0], "y_pred": [1, 0, 0, 1, 0, 1, 1, 0, 0, 1, 0, 1, 1, 1, 1, 1, 1, 1, 1, 0, 0, 0]}