{"ckpt": "checkpoints/Track1/A-V-G+P/binary/pipeline__A_V_GpP__opensmile__openface__bilstm_mean__frozen_val_seed3407/best_model_2026-05-15-21.30.04.pth", "track": "Track1", "task": "binary", "subtrack": "A-V-G+P", "audio_feature": "opensmile", "video_feature": "openface", "encoder_type": "bilstm_mean", "seed": 3407, "experiment_name": "pipeline__A_V_GpP__opensmile__openface__bilstm_mean__frozen_val_seed3407", "val": {"acc": 0.7777777777777778, "f1": 0.75, "kappa": 0.5, "ccc": 0.34294335291577377, "rmse": 0.6795563418248386, "mae": 0.5901210440529717, "confusion_matrix": [[5, 1], [1, 2]], "selection_score": 0.75, "r2": -0.04039362337536767, "cls_loss": 0.6464552846219804, "reg_loss": 0.4617967969841427, "loss": 1.1082521147198148}, "metric_split": "val", "test": {"acc": 0.5217391304347826, "f1": 0.50682261208577, "kappa": 0.015564202334630406, "ccc": 0.07420189052179901, "rmse": 0.8323883008488443, "mae": 0.6821542654348456, "confusion_matrix": [[8, 6], [5, 4]], "selection_score": 0.50682261208577, "r2": -1.6230310453817283}, "ids": [1, 6, 8, 13, 18, 24, 26, 32, 33, 35, 45, 48, 51, 59, 69, 70, 83, 86, 91, 92, 97, 106, 117], "probs": [[0.0026816793251782656, 0.9973183274269104], [0.007945079356431961, 0.9920549392700195], [0.006678316276520491, 0.9933217167854309], [0.022987928241491318, 0.977012038230896], [0.005493141710758209, 0.9945068955421448], [0.7646930813789368, 0.23530693352222443], [0.9982878565788269, 0.001712131081148982], [0.9403256773948669, 0.059674352407455444], [0.009964322671294212, 0.9900357127189636], [0.893483579158783, 0.10651648789644241], [0.05219421908259392, 0.9478057622909546], [0.9997686743736267, 0.00023136853997129947], [0.011343004181981087, 0.9886569380760193], [0.9018173217773438, 0.09818267077207565], [0.00497507955878973, 0.9950248599052429], [0.66058748960495, 0.33941251039505005], [0.9996827840805054, 0.0003172361757606268], [0.83492112159729, 0.16507881879806519], [0.06511102616786957, 0.9348889589309692], [0.922887921333313, 0.07711211591959], [0.7067989706993103, 0.2932009994983673], [0.977728545665741, 0.022271426394581795], [0.9989363551139832, 0.0010636161314323545]], "phq_pred_log1p": [2.6272244453430176, 2.2901856899261475, 2.350557804107666, 2.420992374420166, 2.299381971359253, 1.4763822555541992, 0.4365861713886261, 1.478644847869873, 2.195730686187744, 1.528461217880249, 2.356776714324951, 0.3746037781238556, 2.253140926361084, 1.516577959060669, 2.490435838699341, 1.631838321685791, 0.4313282072544098, 1.799952745437622, 2.033092975616455, 1.6101815700531006, 1.4469516277313232, 1.3277033567428589, 0.9327667355537415], "phq_true_log1p": [2.5649492740631104, 2.079441547393799, 1.0986123085021973, 2.079441547393799, 1.0986123085021973, 1.0986123085021973, 2.079441547393799, 1.0986123085021973, 1.0986123085021973, 2.079441547393799, 1.0986123085021973, 2.079441547393799, 1.0986123085021973, 1.0986123085021973, 2.079441547393799, 1.0986123085021973, 1.0986123085021973, 2.079441547393799, 1.0986123085021973, 2.079441547393799, 1.0986123085021973, 1.0986123085021973, 1.0986123085021973], "y_true": [1, 1, 0, 1, 0, 0, 1, 0, 0, 1, 0, 1, 0, 0, 1, 0, 0, 1, 0, 1, 0, 0, 0], "y_pred": [1, 1, 1, 1, 1, 0, 0, 0, 1, 0, 1, 0, 1, 0, 1, 0, 0, 0, 1, 0, 0, 0, 0]}