{"ckpt": "checkpoints/Track2/A-V-G+P/ternary/pipeline__A_V_GpP__mfcc__densenet__bilstm_mean__frozen_val_seed42/best_model_2026-05-15-23.12.48.pth", "track": "Track2", "task": "ternary", "subtrack": "A-V-G+P", "audio_feature": "mfcc", "video_feature": "densenet", "encoder_type": "bilstm_mean", "seed": 42, "experiment_name": "pipeline__A_V_GpP__mfcc__densenet__bilstm_mean__frozen_val_seed42", "val": {"acc": 0.6666666666666666, "f1": 0.746031746031746, "kappa": 0.4375, "ccc": 0.08336964616266676, "rmse": 0.5852931001233826, "mae": 0.4334258900748359, "confusion_matrix": [[3, 2, 0], [1, 2, 0], [0, 0, 1]], "selection_score": 0.746031746031746, "r2": -0.39473408253345177, "cls_loss": 1.1091385152604845, "reg_loss": 0.342568008436097, "loss": 1.451706541909112}, "metric_split": "val", "test": {"acc": 0.2727272727272727, "f1": 0.19437340153452687, "kappa": -0.1932203389830507, "ccc": -0.05266396334778137, "rmse": 0.6870364883456144, "mae": 0.5712562745267694, "confusion_matrix": [[2, 8, 1], [4, 4, 0], [0, 3, 0]], "selection_score": 0.19437340153452687, "r2": -0.7104113767473275}, "ids": [1, 5, 7, 13, 15, 22, 28, 33, 34, 40, 42, 44, 47, 58, 74, 83, 85, 89, 90, 93, 105, 110], "probs": [[0.11072423309087753, 0.8739035725593567, 0.015372218564152718], [0.13246484100818634, 0.8564804196357727, 0.011054792441427708], [0.9612725377082825, 0.03824477642774582, 0.00048263330245390534], [0.28111913800239563, 0.7127774357795715, 0.006103421561419964], [0.8036959171295166, 0.1945018470287323, 0.0018022340955212712], [0.0036682195495814085, 0.2816912531852722, 0.7146405577659607], [0.03161937743425369, 0.9014288783073425, 0.06695172190666199], [0.9612222909927368, 0.038398951292037964, 0.00037879496812820435], [0.7422800064086914, 0.2556213438510895, 0.0020986765157431364], [0.2689877450466156, 0.7208051085472107, 0.010207189247012138], [0.26750248670578003, 0.7167545557022095, 0.01574297621846199], [0.3314906656742096, 0.6615663170814514, 0.0069430675357580185], [0.02175605110824108, 0.9321761131286621, 0.04606781527400017], [0.05526500195264816, 0.9332193732261658, 0.011515667662024498], [0.022520052269101143, 0.9150046706199646, 0.062475334852933884], [0.011479011736810207, 0.8845887184143066, 0.103932224214077], [0.03980910778045654, 0.9412466883659363, 0.018944239243865013], [0.08808087557554245, 0.8973320126533508, 0.014587107114493847], [0.5666202306747437, 0.4294181764125824, 0.0039615812711417675], [0.39166730642318726, 0.6018721461296082, 0.006460539065301418], [0.379332959651947, 0.6144177913665771, 0.006249197293072939], [0.5937362313270569, 0.40327581763267517, 0.0029879442881792784]], "phq_pred_log1p": [1.8069111108779907, 1.9508413076400757, 1.4229234457015991, 1.6957606077194214, 1.5609639883041382, 2.4379098415374756, 2.27634334564209, 1.31949782371521, 1.5396212339401245, 1.9297209978103638, 2.0753228664398193, 1.7179157733917236, 2.1722824573516846, 1.9878877401351929, 2.238926649093628, 2.2639822959899902, 2.1380534172058105, 1.9996505975723267, 1.7706977128982544, 1.9275370836257935, 1.749385952949524, 1.6714133024215698], "phq_true_log1p": [2.4849066734313965, 1.945910096168518, 1.945910096168518, 1.945910096168518, 1.945910096168518, 1.0986123085021973, 1.0986123085021973, 1.0986123085021973, 1.945910096168518, 1.0986123085021973, 1.945910096168518, 1.0986123085021973, 1.0986123085021973, 1.0986123085021973, 2.4849066734313965, 1.0986123085021973, 2.4849066734313965, 1.945910096168518, 1.945910096168518, 1.0986123085021973, 1.0986123085021973, 1.0986123085021973], "y_true": [2, 1, 1, 1, 1, 0, 0, 0, 1, 0, 1, 0, 0, 0, 2, 0, 2, 1, 1, 0, 0, 0], "y_pred": [1, 1, 0, 1, 0, 2, 1, 0, 0, 1, 1, 1, 1, 1, 1, 1, 1, 1, 0, 1, 1, 0]}