{"ckpt": "checkpoints/Track1/A-V-G+P/ternary/pipeline__A_V_GpP__wav2vec__resnet__bilstm_mean__frozen_val_seed2026/best_model_2026-05-15-22.45.09.pth", "track": "Track1", "task": "ternary", "subtrack": "A-V-G+P", "audio_feature": "wav2vec", "video_feature": "resnet", "encoder_type": "bilstm_mean", "seed": 2026, "experiment_name": "pipeline__A_V_GpP__wav2vec__resnet__bilstm_mean__frozen_val_seed2026", "val": {"acc": 0.6666666666666666, "f1": 0.2857142857142857, "kappa": 0.12903225806451601, "ccc": 0.22983537561410913, "rmse": 0.7753504057296353, "mae": 0.6652854416105483, "confusion_matrix": [[6, 0, 0], [2, 0, 0], [0, 1, 0]], "selection_score": 0.2857142857142857, "r2": -0.009956726357342127, "cls_loss": 1.272406193945143, "reg_loss": 0.6011682591504521, "loss": 1.8735744555791218}, "metric_split": "val", "test": {"acc": 0.6086956521739131, "f1": 0.3142857142857143, "kappa": 0.05479452054794531, "ccc": -0.3856654407193999, "rmse": 0.775709747630868, "mae": 0.6609855501548104, "confusion_matrix": [[13, 1, 0], [7, 1, 0], [1, 0, 0]], "selection_score": 0.3142857142857143, "r2": -1.2779804537854345}, "ids": [1, 6, 8, 13, 18, 24, 26, 32, 33, 35, 45, 48, 51, 59, 69, 70, 83, 86, 91, 92, 97, 106, 117], "probs": [[0.9068878293037415, 0.07112988084554672, 0.02198227494955063], [0.6806834936141968, 0.2368161380290985, 0.0825003981590271], [0.7320519089698792, 0.15615980327129364, 0.11178834736347198], [0.8862098455429077, 0.08965998888015747, 0.024130193516612053], [0.9150005578994751, 0.0628863126039505, 0.022113079205155373], [0.8620929718017578, 0.08606728166341782, 0.05183970555663109], [0.3903951942920685, 0.4107683300971985, 0.19883649051189423], [0.9270904064178467, 0.050211336463689804, 0.02269820123910904], [0.7903324365615845, 0.16369321942329407, 0.045974332839250565], [0.9648175239562988, 0.025175753980875015, 0.010006657801568508], [0.9200537800788879, 0.057595144957304, 0.02235107310116291], [0.8745778799057007, 0.09387344121932983, 0.03154873102903366], [0.8362834453582764, 0.10788185894489288, 0.05583476647734642], [0.6820482611656189, 0.20879687368869781, 0.10915488749742508], [0.808770477771759, 0.1473284512758255, 0.043901022523641586], [0.7944780588150024, 0.15778791904449463, 0.047734010964632034], [0.8449624180793762, 0.10561713576316833, 0.04942036047577858], [0.9658815860748291, 0.02475758269429207, 0.00936084147542715], [0.4317968487739563, 0.27019429206848145, 0.29800882935523987], [0.9470488429069519, 0.040256567299366, 0.012694595381617546], [0.8428977727890015, 0.08106930553913116, 0.07603299617767334], [0.31671199202537537, 0.4659387171268463, 0.21734930574893951], [0.7597519755363464, 0.1790342479944229, 0.06121377646923065]], "phq_pred_log1p": [1.2768899202346802, 1.7483103275299072, 1.813516616821289, 1.2812964916229248, 1.294264793395996, 1.5439445972442627, 2.0551247596740723, 0.9744277596473694, 1.3997700214385986, 0.8111129403114319, 1.2667906284332275, 1.408207654953003, 1.6750562191009521, 1.653076171875, 1.484076738357544, 1.511904001235962, 1.6653835773468018, 0.543287456035614, 2.2010788917541504, 0.8681492805480957, 1.745948076248169, 2.2089266777038574, 1.6567567586898804], "phq_true_log1p": [2.5649492740631104, 2.079441547393799, 1.0986123085021973, 2.079441547393799, 1.0986123085021973, 1.0986123085021973, 2.079441547393799, 1.0986123085021973, 1.0986123085021973, 2.079441547393799, 1.0986123085021973, 2.079441547393799, 1.0986123085021973, 1.0986123085021973, 2.079441547393799, 1.0986123085021973, 1.0986123085021973, 2.079441547393799, 1.0986123085021973, 2.079441547393799, 1.0986123085021973, 1.0986123085021973, 1.0986123085021973], "y_true": [2, 1, 0, 1, 0, 0, 1, 0, 0, 1, 0, 1, 0, 0, 1, 0, 0, 1, 0, 1, 0, 0, 0], "y_pred": [0, 0, 0, 0, 0, 0, 1, 0, 0, 0, 0, 0, 0, 0, 0, 0, 0, 0, 0, 0, 0, 1, 0]}