{"ckpt": "checkpoints/Track2/G-P/ternary/pipeline__GpP__mfcc__resnet__bilstm_mean__fold1_seed42/best_model_2026-05-16-02.04.57.pth", "track": "Track2", "task": "ternary", "subtrack": "G+P", "audio_feature": "mfcc", "video_feature": "resnet", "encoder_type": "bilstm_mean", "seed": 42, "experiment_name": "pipeline__GpP__mfcc__resnet__bilstm_mean__fold1_seed42", "val": {"acc": 0.6666666666666666, "f1": 0.47142857142857136, "kappa": 0.4255319148936171, "ccc": -0.003985367425067011, "rmse": 0.7242575283708931, "mae": 0.5524312721358405, "confusion_matrix": [[5, 4, 0], [0, 7, 0], [0, 2, 0]], "selection_score": 0.47142857142857136, "r2": -0.01258944828078179, "cls_loss": 1.07981096373664, "reg_loss": 0.5245489610566033, "loss": 1.6043599049250286}, "metric_split": "val", "test": {"acc": 0.5454545454545454, "f1": 0.3923444976076555, "kappa": 0.19999999999999996, "ccc": -0.007122301805291051, "rmse": 0.5308974625845433, "mae": 0.4955580613829873, "confusion_matrix": [[6, 5, 0], [2, 6, 0], [3, 0, 0]], "selection_score": 0.3923444976076555, "r2": -0.021321019203647706}, "ids": [1, 5, 7, 13, 15, 22, 28, 33, 34, 40, 42, 44, 47, 58, 74, 83, 85, 89, 90, 93, 105, 110], "probs": [[0.4307178258895874, 0.3626628518104553, 0.2066192775964737], [0.43304529786109924, 0.3683057129383087, 0.19864900410175323], [0.38622304797172546, 0.40826258063316345, 0.2055143266916275], [0.37407585978507996, 0.4220118522644043, 0.20391221344470978], [0.38979747891426086, 0.41163986921310425, 0.19856271147727966], [0.3976159393787384, 0.4040226340293884, 0.19836141169071198], [0.38854357600212097, 0.4108078181743622, 0.20064862072467804], [0.3766699731349945, 0.4281139671802521, 0.195216104388237], [0.4002841114997864, 0.40395352244377136, 0.19576235115528107], [0.40680640935897827, 0.3903515636920929, 0.20284199714660645], [0.39106351137161255, 0.4079895615577698, 0.20094692707061768], [0.40182411670684814, 0.39795440435409546, 0.2002214789390564], [0.4096943438053131, 0.3918178081512451, 0.1984878033399582], [0.4058169424533844, 0.3942597210407257, 0.19992336630821228], [0.4128968119621277, 0.39021962881088257, 0.19688358902931213], [0.4014844000339508, 0.398683100938797, 0.1998324990272522], [0.4206075668334961, 0.37662357091903687, 0.20276886224746704], [0.3927055895328522, 0.4087170958518982, 0.19857732951641083], [0.41293981671333313, 0.38803616166114807, 0.1990240067243576], [0.3895828425884247, 0.4135325849056244, 0.1968846172094345], [0.40798670053482056, 0.39888352155685425, 0.19312982261180878], [0.394161194562912, 0.4138793647289276, 0.19195936620235443]], "phq_pred_log1p": [1.524735927581787, 1.4443011283874512, 1.6019139289855957, 1.5651063919067383, 1.5437860488891602, 1.615949273109436, 1.5866169929504395, 1.5944173336029053, 1.5964865684509277, 1.5008432865142822, 1.6305707693099976, 1.568708896636963, 1.4827709197998047, 1.5345573425292969, 1.5414764881134033, 1.5537437200546265, 1.531606912612915, 1.6080989837646484, 1.538071632385254, 1.6222352981567383, 1.5075409412384033, 1.523782730102539], "phq_true_log1p": [2.4849066734313965, 1.945910096168518, 1.945910096168518, 1.945910096168518, 1.945910096168518, 1.0986123085021973, 1.0986123085021973, 1.0986123085021973, 1.945910096168518, 1.0986123085021973, 1.945910096168518, 1.0986123085021973, 1.0986123085021973, 1.0986123085021973, 2.4849066734313965, 1.0986123085021973, 2.4849066734313965, 1.945910096168518, 1.945910096168518, 1.0986123085021973, 1.0986123085021973, 1.0986123085021973], "y_true": [2, 1, 1, 1, 1, 0, 0, 0, 1, 0, 1, 0, 0, 0, 2, 0, 2, 1, 1, 0, 0, 0], "y_pred": [0, 0, 1, 1, 1, 1, 1, 1, 1, 0, 1, 0, 0, 0, 0, 0, 0, 1, 0, 1, 0, 1]}