{"ckpt": "checkpoints/Track1/A-V-P/binary/pipeline__A_VpP__wav2vec__openface__bilstm_mean__frozen_val_seed2026/best_model_2026-05-15-21.24.45.pth", "track": "Track1", "task": "binary", "subtrack": "A-V+P", "audio_feature": "wav2vec", "video_feature": "openface", "encoder_type": "bilstm_mean", "seed": 2026, "experiment_name": "pipeline__A_VpP__wav2vec__openface__bilstm_mean__frozen_val_seed2026", "val": {"acc": 0.7777777777777778, "f1": 0.6785714285714286, "kappa": 0.3999999999999999, "ccc": 0.27440449713951265, "rmse": 0.5974677403741744, "mae": 0.5268986688719856, "confusion_matrix": [[6, 0], [2, 1]], "selection_score": 0.6785714285714286, "r2": 0.19577852815899988, "cls_loss": 0.608453803592258, "reg_loss": 0.35696770085228813, "loss": 0.9654215044445462}, "metric_split": "val", "test": {"acc": 0.391304347826087, "f1": 0.39015151515151514, "kappa": -0.18382352941176472, "ccc": -0.06005123464590965, "rmse": 0.6000993376683884, "mae": 0.5430924892425537, "confusion_matrix": [[5, 9], [5, 4]], "selection_score": 0.39015151515151514, "r2": -0.36331995152905106}, "ids": [1, 6, 8, 13, 18, 24, 26, 32, 33, 35, 45, 48, 51, 59, 69, 70, 83, 86, 91, 92, 97, 106, 117], "probs": [[0.18900223076343536, 0.8109977841377258], [0.3733742833137512, 0.6266257166862488], [0.28149306774139404, 0.7185068726539612], [0.34585538506507874, 0.6541446447372437], [0.36711862683296204, 0.6328813433647156], [0.5313552618026733, 0.46864473819732666], [0.5005624890327454, 0.4994375705718994], [0.5594664812088013, 0.44053348898887634], [0.2526734173297882, 0.7473266124725342], [0.5230507850646973, 0.47694918513298035], [0.3472926914691925, 0.6527072787284851], [0.8752466440200806, 0.12475333362817764], [0.36694055795669556, 0.6330593824386597], [0.41850200295448303, 0.5814979672431946], [0.3300394117832184, 0.669960618019104], [0.5376909971237183, 0.46230897307395935], [0.7336899042129517, 0.2663101553916931], [0.5937668681144714, 0.4062331020832062], [0.44614431262016296, 0.5538557171821594], [0.6357351541519165, 0.3642648756504059], [0.5178295373916626, 0.482170432806015], [0.43375489115715027, 0.5662450790405273], [0.47374391555786133, 0.5262560844421387]], "phq_pred_log1p": [1.994493842124939, 1.712443232536316, 1.832640528678894, 1.7202047109603882, 1.682803750038147, 1.4971078634262085, 1.4833766222000122, 1.3946081399917603, 1.747570276260376, 1.4156275987625122, 1.776594638824463, 0.6756548881530762, 1.653678059577942, 1.560753345489502, 1.8188514709472656, 1.4540623426437378, 1.0847209692001343, 1.3140013217926025, 1.6403778791427612, 1.2969495058059692, 1.5158588886260986, 1.6103798151016235, 1.6238819360733032], "phq_true_log1p": [2.5649492740631104, 2.079441547393799, 1.0986123085021973, 2.079441547393799, 1.0986123085021973, 1.0986123085021973, 2.079441547393799, 1.0986123085021973, 1.0986123085021973, 2.079441547393799, 1.0986123085021973, 2.079441547393799, 1.0986123085021973, 1.0986123085021973, 2.079441547393799, 1.0986123085021973, 1.0986123085021973, 2.079441547393799, 1.0986123085021973, 2.079441547393799, 1.0986123085021973, 1.0986123085021973, 1.0986123085021973], "y_true": [1, 1, 0, 1, 0, 0, 1, 0, 0, 1, 0, 1, 0, 0, 1, 0, 0, 1, 0, 1, 0, 0, 0], "y_pred": [1, 1, 1, 1, 1, 0, 0, 0, 1, 0, 1, 0, 1, 1, 1, 0, 0, 0, 1, 0, 0, 1, 1]}