{"ckpt": "checkpoints/Track2/A-V-P/ternary/pipeline__A_VpP__opensmile__openface__bilstm_mean__frozen_val_seed42/best_model_2026-05-15-22.59.41.pth", "track": "Track2", "task": "ternary", "subtrack": "A-V+P", "audio_feature": "opensmile", "video_feature": "openface", "encoder_type": "bilstm_mean", "seed": 42, "experiment_name": "pipeline__A_VpP__opensmile__openface__bilstm_mean__frozen_val_seed42", "val": {"acc": 0.5555555555555556, "f1": 0.5476190476190476, "kappa": 0.3571428571428572, "ccc": 0.5347566275376125, "rmse": 0.4096946154049506, "mae": 0.3550829225116306, "confusion_matrix": [[2, 2, 1], [0, 2, 1], [0, 0, 1]], "selection_score": 0.5476190476190476, "r2": 0.31661551114404174, "cls_loss": 1.140638639529546, "reg_loss": 0.16784967482089996, "loss": 1.308488302760654}, "metric_split": "val", "test": {"acc": 0.36363636363636365, "f1": 0.3719298245614035, "kappa": -0.05841924398625431, "ccc": 0.059378913542496796, "rmse": 0.7871146142922311, "mae": 0.658981744538654, "confusion_matrix": [[4, 6, 1], [5, 3, 0], [0, 2, 1]], "selection_score": 0.3719298245614035, "r2": -1.2450029842105135}, "ids": [1, 5, 7, 13, 15, 22, 28, 33, 34, 40, 42, 44, 47, 58, 74, 83, 85, 89, 90, 93, 105, 110], "probs": [[0.11213044077157974, 0.40696996450424194, 0.4808996021747589], [0.9395631551742554, 0.010961614549160004, 0.04947527125477791], [0.9605558514595032, 0.00910424254834652, 0.030339881777763367], [0.324093759059906, 0.5834072828292847, 0.09249900281429291], [0.9316649436950684, 0.012603911571204662, 0.05573118478059769], [0.5965645909309387, 0.30543649196624756, 0.09799887239933014], [0.25867486000061035, 0.6720253825187683, 0.06929977983236313], [0.7922784686088562, 0.021395038813352585, 0.18632644414901733], [0.8928372859954834, 0.013265963643789291, 0.09389671683311462], [0.03209812939167023, 0.9028939604759216, 0.06500794738531113], [0.18586385250091553, 0.7000594735145569, 0.11407674849033356], [0.01290888525545597, 0.8860554695129395, 0.10103568434715271], [0.13053546845912933, 0.7406997680664062, 0.12876474857330322], [0.018637416884303093, 0.9306796789169312, 0.05068289116024971], [0.2844447195529938, 0.4374215006828308, 0.278133749961853], [0.028184019029140472, 0.7572814226150513, 0.21453450620174408], [0.018304310739040375, 0.8910098075866699, 0.09068582952022552], [0.01735556498169899, 0.904554545879364, 0.07808992266654968], [0.4521854817867279, 0.16176074743270874, 0.38605377078056335], [0.964792788028717, 0.007562554907053709, 0.02764471434056759], [0.9444515109062195, 0.01534634456038475, 0.04020211845636368], [0.3312216103076935, 0.10994645953178406, 0.5588319301605225]], "phq_pred_log1p": [1.8933923244476318, 0.7474847435951233, 0.22617346048355103, 1.4164053201675415, 0.8937567472457886, 1.2407022714614868, 1.421068787574768, 1.1633048057556152, 0.6429668664932251, 1.9683756828308105, 1.5700684785842896, 2.216430902481079, 1.5084419250488281, 2.0171828269958496, 1.7286237478256226, 2.039548873901367, 2.0648937225341797, 2.092806816101074, 1.681722640991211, 0.3431563079357147, 0.6594541668891907, 1.2579395771026611], "phq_true_log1p": [2.4849066734313965, 1.945910096168518, 1.945910096168518, 1.945910096168518, 1.945910096168518, 1.0986123085021973, 1.0986123085021973, 1.0986123085021973, 1.945910096168518, 1.0986123085021973, 1.945910096168518, 1.0986123085021973, 1.0986123085021973, 1.0986123085021973, 2.4849066734313965, 1.0986123085021973, 2.4849066734313965, 1.945910096168518, 1.945910096168518, 1.0986123085021973, 1.0986123085021973, 1.0986123085021973], "y_true": [2, 1, 1, 1, 1, 0, 0, 0, 1, 0, 1, 0, 0, 0, 2, 0, 2, 1, 1, 0, 0, 0], "y_pred": [2, 0, 0, 1, 0, 0, 1, 0, 0, 1, 1, 1, 1, 1, 1, 1, 1, 1, 0, 0, 0, 2]}