{"ckpt": "checkpoints/Track1/A-V-P/binary/pipeline__A_VpP__mfcc__openface__bilstm_mean__fold0_seed42/best_model_2026-05-16-00.12.49.pth", "track": "Track1", "task": "binary", "subtrack": "A-V+P", "audio_feature": "mfcc", "video_feature": "openface", "encoder_type": "bilstm_mean", "seed": 42, "experiment_name": "pipeline__A_VpP__mfcc__openface__bilstm_mean__fold0_seed42", "val": {"acc": 0.6666666666666666, "f1": 0.6625, "kappa": 0.3571428571428572, "ccc": 0.04197165505761047, "rmse": 0.8302762741577034, "mae": 0.7060241301854452, "confusion_matrix": [[7, 5], [1, 5]], "selection_score": 0.6625, "r2": -0.013572793243342707, "cls_loss": 0.6748103300730387, "reg_loss": 0.6893586913744608, "loss": 1.3641690413157146}, "metric_split": "val", "test": {"acc": 0.5217391304347826, "f1": 0.5217391304347826, "kappa": 0.08664259927797846, "ccc": -0.032657911214844876, "rmse": 0.5404247870928293, "mae": 0.5036888692689978, "confusion_matrix": [[6, 8], [3, 6]], "selection_score": 0.5217391304347826, "r2": -0.10566106328913816}, "ids": [1, 6, 8, 13, 18, 24, 26, 32, 33, 35, 45, 48, 51, 59, 69, 70, 83, 86, 91, 92, 97, 106, 117], "probs": [[0.43246370553970337, 0.5675363540649414], [0.44045764207839966, 0.5595423579216003], [0.46467867493629456, 0.5353212952613831], [0.4184170067310333, 0.5815830230712891], [0.45668378472328186, 0.5433162450790405], [0.578424334526062, 0.42157572507858276], [0.587404191493988, 0.41259583830833435], [0.6470275521278381, 0.35297244787216187], [0.41166386008262634, 0.588336169719696], [0.4525836110115051, 0.5474163889884949], [0.5104140639305115, 0.48958590626716614], [0.6519498229026794, 0.34805020689964294], [0.4155130088329315, 0.5844869613647461], [0.38436126708984375, 0.6156387329101562], [0.44599390029907227, 0.554006040096283], [0.5183355212211609, 0.4816645085811615], [0.45989423990249634, 0.5401057600975037], [0.4680500328540802, 0.5319499969482422], [0.5102999210357666, 0.489700049161911], [0.5563188195228577, 0.44368118047714233], [0.504716694355011, 0.4952833652496338], [0.4356982111930847, 0.5643017888069153], [0.47422268986701965, 0.5257773399353027]], "phq_pred_log1p": [1.6140578985214233, 1.5269798040390015, 1.5469640493392944, 1.6235129833221436, 1.5633631944656372, 1.3000032901763916, 1.2538292407989502, 1.231793999671936, 1.593139410018921, 1.542616844177246, 1.4645289182662964, 1.13469660282135, 1.6412904262542725, 1.6315215826034546, 1.5697801113128662, 1.4132366180419922, 1.4969282150268555, 1.5531336069107056, 1.5154873132705688, 1.3637464046478271, 1.4885205030441284, 1.5444332361221313, 1.5160773992538452], "phq_true_log1p": [2.5649492740631104, 2.079441547393799, 1.0986123085021973, 2.079441547393799, 1.0986123085021973, 1.0986123085021973, 2.079441547393799, 1.0986123085021973, 1.0986123085021973, 2.079441547393799, 1.0986123085021973, 2.079441547393799, 1.0986123085021973, 1.0986123085021973, 2.079441547393799, 1.0986123085021973, 1.0986123085021973, 2.079441547393799, 1.0986123085021973, 2.079441547393799, 1.0986123085021973, 1.0986123085021973, 1.0986123085021973], "y_true": [1, 1, 0, 1, 0, 0, 1, 0, 0, 1, 0, 1, 0, 0, 1, 0, 0, 1, 0, 1, 0, 0, 0], "y_pred": [1, 1, 1, 1, 1, 0, 0, 0, 1, 1, 0, 0, 1, 1, 1, 0, 1, 1, 0, 0, 0, 1, 1]}