{"ckpt": "checkpoints/Track2/A-V-G+P/ternary/pipeline__A_V_GpP__wav2vec__openface__bilstm_mean__frozen_val_seed2026/best_model_2026-05-15-23.27.04.pth", "track": "Track2", "task": "ternary", "subtrack": "A-V-G+P", "audio_feature": "wav2vec", "video_feature": "openface", "encoder_type": "bilstm_mean", "seed": 2026, "experiment_name": "pipeline__A_V_GpP__wav2vec__openface__bilstm_mean__frozen_val_seed2026", "val": {"acc": 0.5555555555555556, "f1": 0.3904761904761904, "kappa": 0.18181818181818188, "ccc": 0.03561384416808998, "rmse": 0.5111308196851738, "mae": 0.43164096938239205, "confusion_matrix": [[3, 2, 0], [1, 2, 0], [1, 0, 0]], "selection_score": 0.3904761904761904, "r2": -0.06367448540341991, "cls_loss": 1.1150485806994967, "reg_loss": 0.2612547046608395, "loss": 1.3763032754262288}, "metric_split": "val", "test": {"acc": 0.5, "f1": 0.3383333333333334, "kappa": 0.09022556390977432, "ccc": -0.010053308323128283, "rmse": 0.5411950461773231, "mae": 0.5023017796603116, "confusion_matrix": [[8, 3, 0], [5, 3, 0], [1, 2, 0]], "selection_score": 0.3383333333333334, "r2": -0.061325492626495004}, "ids": [1, 5, 7, 13, 15, 22, 28, 33, 34, 40, 42, 44, 47, 58, 74, 83, 85, 89, 90, 93, 105, 110], "probs": [[0.4144972562789917, 0.40596699714660645, 0.17953573167324066], [0.42803099751472473, 0.39286914467811584, 0.17909985780715942], [0.4273589849472046, 0.40010055899620056, 0.17254044115543365], [0.39171409606933594, 0.43816277384757996, 0.17012310028076172], [0.4158715009689331, 0.4106415808200836, 0.17348693311214447], [0.4030132293701172, 0.41804444789886475, 0.17894235253334045], [0.4164636731147766, 0.41222381591796875, 0.17131248116493225], [0.4287604093551636, 0.38939884305000305, 0.181840717792511], [0.428941547870636, 0.390080988407135, 0.18097752332687378], [0.4170745611190796, 0.4090597629547119, 0.1738656759262085], [0.41166821122169495, 0.41834554076194763, 0.169986292719841], [0.4134694039821625, 0.41281476616859436, 0.17371581494808197], [0.40676161646842957, 0.41552504897117615, 0.17771337926387787], [0.41236838698387146, 0.4147547781467438, 0.17287687957286835], [0.41393351554870605, 0.4167807698249817, 0.16928577423095703], [0.4256651997566223, 0.3966807723045349, 0.17765402793884277], [0.40636584162712097, 0.42165207862854004, 0.1719820201396942], [0.40471547842025757, 0.42187100648880005, 0.17341351509094238], [0.422374427318573, 0.4051706790924072, 0.17245487868785858], [0.4242624044418335, 0.4024733603000641, 0.17326423525810242], [0.41841161251068115, 0.4058149456977844, 0.17577339708805084], [0.4181545376777649, 0.3992718756198883, 0.182573601603508]], "phq_pred_log1p": [1.5277631282806396, 1.470923662185669, 1.4144774675369263, 1.493728518486023, 1.4754905700683594, 1.5043911933898926, 1.4843308925628662, 1.4898103475570679, 1.464721918106079, 1.4863176345825195, 1.4531259536743164, 1.5172772407531738, 1.5035358667373657, 1.4849762916564941, 1.4432016611099243, 1.4739065170288086, 1.5006914138793945, 1.5099111795425415, 1.4767566919326782, 1.436821460723877, 1.4521657228469849, 1.5106327533721924], "phq_true_log1p": [2.4849066734313965, 1.945910096168518, 1.945910096168518, 1.945910096168518, 1.945910096168518, 1.0986123085021973, 1.0986123085021973, 1.0986123085021973, 1.945910096168518, 1.0986123085021973, 1.945910096168518, 1.0986123085021973, 1.0986123085021973, 1.0986123085021973, 2.4849066734313965, 1.0986123085021973, 2.4849066734313965, 1.945910096168518, 1.945910096168518, 1.0986123085021973, 1.0986123085021973, 1.0986123085021973], "y_true": [2, 1, 1, 1, 1, 0, 0, 0, 1, 0, 1, 0, 0, 0, 2, 0, 2, 1, 1, 0, 0, 0], "y_pred": [0, 0, 0, 1, 0, 1, 0, 0, 0, 0, 1, 0, 1, 1, 1, 0, 1, 1, 0, 0, 0, 0]}