{"ckpt": "checkpoints/Track2/A-V-P/ternary/pipeline__A_VpP__opensmile__openface__bilstm_mean__frozen_val_seed3407/best_model_2026-05-15-22.59.50.pth", "track": "Track2", "task": "ternary", "subtrack": "A-V+P", "audio_feature": "opensmile", "video_feature": "openface", "encoder_type": "bilstm_mean", "seed": 3407, "experiment_name": "pipeline__A_VpP__opensmile__openface__bilstm_mean__frozen_val_seed3407", "val": {"acc": 0.4444444444444444, "f1": 0.48412698412698413, "kappa": 0.16666666666666663, "ccc": 0.4801350676350166, "rmse": 0.42006240235035974, "mae": 0.3509354591369629, "confusion_matrix": [[1, 3, 1], [1, 2, 0], [0, 0, 1]], "selection_score": 0.48412698412698413, "r2": 0.2815902321622177, "cls_loss": 1.1116650899251301, "reg_loss": 0.17645242313543955, "loss": 1.288117488225301}, "metric_split": "val", "test": {"acc": 0.4090909090909091, "f1": 0.43065998329156224, "kappa": -0.010600706713780994, "ccc": 0.047287000658685296, "rmse": 0.7951660139250422, "mae": 0.6628510545600544, "confusion_matrix": [[5, 6, 0], [5, 3, 0], [0, 2, 1]], "selection_score": 0.43065998329156224, "r2": -1.2911661798563179}, "ids": [1, 5, 7, 13, 15, 22, 28, 33, 34, 40, 42, 44, 47, 58, 74, 83, 85, 89, 90, 93, 105, 110], "probs": [[0.11823079735040665, 0.423004150390625, 0.45876505970954895], [0.9189549684524536, 0.028155865147709846, 0.052889060229063034], [0.9508329629898071, 0.01842534728348255, 0.030741700902581215], [0.09822500497102737, 0.7609806060791016, 0.14079441130161285], [0.9393308758735657, 0.024496421217918396, 0.03617269918322563], [0.5175127983093262, 0.3533213138580322, 0.1291658580303192], [0.1489073932170868, 0.6936360001564026, 0.1574566513299942], [0.7105761766433716, 0.06335723400115967, 0.22606666386127472], [0.904620349407196, 0.022527307271957397, 0.07285238057374954], [0.0420168898999691, 0.7673752903938293, 0.19060787558555603], [0.23058757185935974, 0.5953846573829651, 0.17402775585651398], [0.026557764038443565, 0.7176154851913452, 0.25582677125930786], [0.2470846325159073, 0.5674648880958557, 0.1854504942893982], [0.04184766858816147, 0.7717599868774414, 0.1863923817873001], [0.16232699155807495, 0.5377158522605896, 0.29995715618133545], [0.05340784788131714, 0.5919619798660278, 0.3546302020549774], [0.040419142693281174, 0.7049065828323364, 0.2546742558479309], [0.03869404271245003, 0.7457196712493896, 0.21558624505996704], [0.5868029594421387, 0.19091437757015228, 0.22228261828422546], [0.9595198631286621, 0.014707649126648903, 0.025772523134946823], [0.8177965879440308, 0.08858408033847809, 0.09361934661865234], [0.5944338440895081, 0.0988609716296196, 0.3067052364349365]], "phq_pred_log1p": [2.0947110652923584, 0.7998577952384949, 0.3682040870189667, 1.705399513244629, 0.6516179442405701, 1.2743942737579346, 1.5362229347229004, 1.4166607856750488, 0.712151825428009, 2.0096845626831055, 1.6123080253601074, 2.3916146755218506, 1.6217637062072754, 2.0921003818511963, 1.9132373332977295, 2.1949074268341064, 2.275749921798706, 2.2397735118865967, 1.561255693435669, 0.33636143803596497, 1.0353649854660034, 1.4319261312484741], "phq_true_log1p": [2.4849066734313965, 1.945910096168518, 1.945910096168518, 1.945910096168518, 1.945910096168518, 1.0986123085021973, 1.0986123085021973, 1.0986123085021973, 1.945910096168518, 1.0986123085021973, 1.945910096168518, 1.0986123085021973, 1.0986123085021973, 1.0986123085021973, 2.4849066734313965, 1.0986123085021973, 2.4849066734313965, 1.945910096168518, 1.945910096168518, 1.0986123085021973, 1.0986123085021973, 1.0986123085021973], "y_true": [2, 1, 1, 1, 1, 0, 0, 0, 1, 0, 1, 0, 0, 0, 2, 0, 2, 1, 1, 0, 0, 0], "y_pred": [2, 0, 0, 1, 0, 0, 1, 0, 0, 1, 1, 1, 1, 1, 1, 1, 1, 1, 0, 0, 0, 0]}