{"ckpt": "checkpoints/Track1/A-V-G+P/binary/pipeline__A_V_GpP__opensmile__openface__bilstm_mean__fold3_seed42/best_model_2026-05-16-00.14.45.pth", "track": "Track1", "task": "binary", "subtrack": "A-V-G+P", "audio_feature": "opensmile", "video_feature": "openface", "encoder_type": "bilstm_mean", "seed": 42, "experiment_name": "pipeline__A_V_GpP__opensmile__openface__bilstm_mean__fold3_seed42", "val": {"acc": 0.47058823529411764, "f1": 0.47058823529411764, "kappa": 0.09467455621301779, "ccc": -0.029334151406138882, "rmse": 1.1836025340540697, "mae": 0.9534903379047618, "confusion_matrix": [[4, 8], [1, 4]], "selection_score": 0.47058823529411764, "r2": -0.5732346746626131, "cls_loss": 0.8504529069451725, "reg_loss": 1.400914959171239, "loss": 2.251367895042195}, "metric_split": "val", "test": {"acc": 0.5217391304347826, "f1": 0.5180952380952382, "kappa": 0.11846689895470397, "ccc": 0.04573094714330651, "rmse": 0.6453627720171367, "mae": 0.5607567740523297, "confusion_matrix": [[5, 9], [2, 7]], "selection_score": 0.5180952380952382, "r2": -0.5767372008359635}, "ids": [1, 6, 8, 13, 18, 24, 26, 32, 33, 35, 45, 48, 51, 59, 69, 70, 83, 86, 91, 92, 97, 106, 117], "probs": [[0.11057228595018387, 0.8894277215003967], [0.6126073002815247, 0.38739266991615295], [0.2847907841205597, 0.7152091860771179], [0.18546904623508453, 0.8145309090614319], [0.43121227622032166, 0.568787693977356], [0.7030982375144958, 0.29690179228782654], [0.4356568455696106, 0.5643431544303894], [0.2921808362007141, 0.7078191041946411], [0.11446849256753922, 0.885531485080719], [0.4993562400341034, 0.5006437301635742], [0.4782539904117584, 0.521746039390564], [0.934982419013977, 0.06501753628253937], [0.35690033435821533, 0.6430996656417847], [0.1951407492160797, 0.8048592805862427], [0.32959505915641785, 0.6704049110412598], [0.6806805729866028, 0.31931939721107483], [0.8321966528892517, 0.16780336201190948], [0.4887692928314209, 0.5112307071685791], [0.3120167851448059, 0.6879832148551941], [0.4997695982456207, 0.5002304315567017], [0.42456182837486267, 0.5754381418228149], [0.521226167678833, 0.4787738025188446], [0.7033202648162842, 0.2966797351837158]], "phq_pred_log1p": [2.3819026947021484, 1.6217951774597168, 2.032999277114868, 2.1339292526245117, 1.786428451538086, 1.4581077098846436, 1.768758773803711, 1.9493865966796875, 2.1579692363739014, 1.712551474571228, 1.8233604431152344, 0.8480077385902405, 1.8529103994369507, 2.0321109294891357, 2.03359317779541, 1.5174858570098877, 1.2234418392181396, 1.6886937618255615, 1.9216978549957275, 1.6263859272003174, 1.8526902198791504, 1.6950417757034302, 1.4805084466934204], "phq_true_log1p": [2.5649492740631104, 2.079441547393799, 1.0986123085021973, 2.079441547393799, 1.0986123085021973, 1.0986123085021973, 2.079441547393799, 1.0986123085021973, 1.0986123085021973, 2.079441547393799, 1.0986123085021973, 2.079441547393799, 1.0986123085021973, 1.0986123085021973, 2.079441547393799, 1.0986123085021973, 1.0986123085021973, 2.079441547393799, 1.0986123085021973, 2.079441547393799, 1.0986123085021973, 1.0986123085021973, 1.0986123085021973], "y_true": [1, 1, 0, 1, 0, 0, 1, 0, 0, 1, 0, 1, 0, 0, 1, 0, 0, 1, 0, 1, 0, 0, 0], "y_pred": [1, 0, 1, 1, 1, 0, 1, 1, 1, 1, 1, 0, 1, 1, 1, 0, 0, 1, 1, 1, 1, 0, 0]}