{"ckpt": "checkpoints/Track1/A-V-G+P/binary/pipeline__A_V_GpP__opensmile__resnet__bilstm_mean__fold3_seed42/best_model_2026-05-16-00.24.04.pth", "track": "Track1", "task": "binary", "subtrack": "A-V-G+P", "audio_feature": "opensmile", "video_feature": "resnet", "encoder_type": "bilstm_mean", "seed": 42, "experiment_name": "pipeline__A_V_GpP__opensmile__resnet__bilstm_mean__fold3_seed42", "val": {"acc": 0.47058823529411764, "f1": 0.4631578947368421, "kappa": 0.012903225806451535, "ccc": -1.8244092599422508e-05, "rmse": 0.9496609351851426, "mae": 0.79936463692609, "confusion_matrix": [[5, 7], [2, 3]], "selection_score": 0.4631578947368421, "r2": -0.012788786232449834, "cls_loss": 0.6945730938630945, "reg_loss": 0.9018558824763578, "loss": 1.5964289202409632}, "metric_split": "val", "test": {"acc": 0.43478260869565216, "f1": 0.43047619047619046, "kappa": -0.11985018726591767, "ccc": -0.006411596660901764, "rmse": 0.5660925981887979, "mae": 0.44447005831676983, "confusion_matrix": [[6, 8], [5, 4]], "selection_score": 0.43047619047619046, "r2": -0.21318336973912877}, "ids": [1, 6, 8, 13, 18, 24, 26, 32, 33, 35, 45, 48, 51, 59, 69, 70, 83, 86, 91, 92, 97, 106, 117], "probs": [[0.49433156847953796, 0.5056684613227844], [0.5079883337020874, 0.492011696100235], [0.49121415615081787, 0.5087858438491821], [0.5116299390792847, 0.48837000131607056], [0.5050990581512451, 0.49490100145339966], [0.49707913398742676, 0.5029208660125732], [0.4911629259586334, 0.5088370442390442], [0.5082230567932129, 0.4917769134044647], [0.4994882047176361, 0.5005117654800415], [0.5079712867736816, 0.49202871322631836], [0.5104758739471436, 0.48952412605285645], [0.5117982625961304, 0.488201767206192], [0.4831511378288269, 0.5168488621711731], [0.48913559317588806, 0.5108643770217896], [0.4952148497104645, 0.5047851204872131], [0.5095900297164917, 0.4904099404811859], [0.5029729008674622, 0.49702712893486023], [0.5055460929870605, 0.49445390701293945], [0.49099892377853394, 0.5090011358261108], [0.4913178086280823, 0.5086821913719177], [0.4940582513809204, 0.5059418082237244], [0.501254141330719, 0.4987458884716034], [0.48963242769241333, 0.5103675723075867]], "phq_pred_log1p": [1.2715344429016113, 1.2506710290908813, 1.2848666906356812, 1.2707288265228271, 1.2845627069473267, 1.2692118883132935, 1.2765358686447144, 1.267034649848938, 1.2813934087753296, 1.2648603916168213, 1.2462893724441528, 1.2563453912734985, 1.2695238590240479, 1.2831696271896362, 1.2842649221420288, 1.257668137550354, 1.2631680965423584, 1.273929476737976, 1.2874605655670166, 1.2647415399551392, 1.2538594007492065, 1.2840181589126587, 1.2842873334884644], "phq_true_log1p": [2.5649492740631104, 2.079441547393799, 1.0986123085021973, 2.079441547393799, 1.0986123085021973, 1.0986123085021973, 2.079441547393799, 1.0986123085021973, 1.0986123085021973, 2.079441547393799, 1.0986123085021973, 2.079441547393799, 1.0986123085021973, 1.0986123085021973, 2.079441547393799, 1.0986123085021973, 1.0986123085021973, 2.079441547393799, 1.0986123085021973, 2.079441547393799, 1.0986123085021973, 1.0986123085021973, 1.0986123085021973], "y_true": [1, 1, 0, 1, 0, 0, 1, 0, 0, 1, 0, 1, 0, 0, 1, 0, 0, 1, 0, 1, 0, 0, 0], "y_pred": [1, 0, 1, 0, 0, 1, 1, 0, 1, 0, 0, 0, 1, 1, 1, 0, 0, 0, 1, 1, 1, 0, 1]}