{"ckpt": "checkpoints/Track1/A-V-P/ternary/pipeline__A_VpP__wav2vec__openface__bilstm_mean__fold3_seed42/best_model_2026-05-16-00.30.04.pth", "track": "Track1", "task": "ternary", "subtrack": "A-V+P", "audio_feature": "wav2vec", "video_feature": "openface", "encoder_type": "bilstm_mean", "seed": 42, "experiment_name": "pipeline__A_VpP__wav2vec__openface__bilstm_mean__fold3_seed42", "val": {"acc": 0.5882352941176471, "f1": 0.37333333333333335, "kappa": 0.03252032520325199, "ccc": -0.30624002979017173, "rmse": 1.0377080060977797, "mae": 0.7903231294716105, "confusion_matrix": [[9, 1, 2], [2, 1, 0], [2, 0, 0]], "selection_score": 0.37333333333333335, "r2": -0.880968972314748, "cls_loss": 1.2045863726559807, "reg_loss": 1.0768378639922422, "loss": 2.281424234895145}, "metric_split": "val", "test": {"acc": 0.6086956521739131, "f1": 0.3525641025641026, "kappa": 0.12658227848101267, "ccc": -0.09263976964878408, "rmse": 0.7328516986227414, "mae": 0.5941519361475239, "confusion_matrix": [[12, 2, 0], [6, 2, 0], [0, 1, 0]], "selection_score": 0.3525641025641026, "r2": -1.0332168171992913}, "ids": [1, 6, 8, 13, 18, 24, 26, 32, 33, 35, 45, 48, 51, 59, 69, 70, 83, 86, 91, 92, 97, 106, 117], "probs": [[0.34336262941360474, 0.41686394810676575, 0.23977339267730713], [0.4142596423625946, 0.37353283166885376, 0.21220749616622925], [0.5233942270278931, 0.31885862350463867, 0.15774710476398468], [0.36743849515914917, 0.38598203659057617, 0.24657951295375824], [0.43252068758010864, 0.36472707986831665, 0.2027522474527359], [0.6572793126106262, 0.23631905019283295, 0.10640165209770203], [0.6856160163879395, 0.21607263386249542, 0.09831132739782333], [0.4744727611541748, 0.34001412987709045, 0.18551315367221832], [0.5675168633460999, 0.2614268958568573, 0.17105622589588165], [0.6514943242073059, 0.23593540489673615, 0.11257024109363556], [0.40450674295425415, 0.3565167188644409, 0.23897653818130493], [0.6708051562309265, 0.20876234769821167, 0.1204325333237648], [0.3105940818786621, 0.40574637055397034, 0.28365957736968994], [0.4871472716331482, 0.32996901869773865, 0.18288373947143555], [0.33806830644607544, 0.3762749135494232, 0.2856568396091461], [0.41787469387054443, 0.34941747784614563, 0.23270785808563232], [0.6216903328895569, 0.24561387300491333, 0.13269586861133575], [0.528428852558136, 0.2972858250141144, 0.17428527772426605], [0.34841832518577576, 0.3323900103569031, 0.31919169425964355], [0.48706814646720886, 0.3402143716812134, 0.17271749675273895], [0.38127002120018005, 0.35222887992858887, 0.2665010988712311], [0.4660106897354126, 0.3506215214729309, 0.18336787819862366], [0.2652289569377899, 0.3934842050075531, 0.34128686785697937]], "phq_pred_log1p": [1.7484151124954224, 1.4611320495605469, 1.211336374282837, 1.6091762781143188, 1.4528671503067017, 0.7258548736572266, 0.46222105622291565, 1.2267380952835083, 0.7939335703849792, 0.5999252796173096, 1.5769071578979492, 0.6499389410018921, 1.7200796604156494, 1.1505851745605469, 1.7877484560012817, 1.5032813549041748, 0.8041399121284485, 1.128520131111145, 1.7558234930038452, 1.2367112636566162, 1.6146621704101562, 1.1935871839523315, 1.8557604551315308], "phq_true_log1p": [2.5649492740631104, 2.079441547393799, 1.0986123085021973, 2.079441547393799, 1.0986123085021973, 1.0986123085021973, 2.079441547393799, 1.0986123085021973, 1.0986123085021973, 2.079441547393799, 1.0986123085021973, 2.079441547393799, 1.0986123085021973, 1.0986123085021973, 2.079441547393799, 1.0986123085021973, 1.0986123085021973, 2.079441547393799, 1.0986123085021973, 2.079441547393799, 1.0986123085021973, 1.0986123085021973, 1.0986123085021973], "y_true": [2, 1, 0, 1, 0, 0, 1, 0, 0, 1, 0, 1, 0, 0, 1, 0, 0, 1, 0, 1, 0, 0, 0], "y_pred": [1, 0, 0, 1, 0, 0, 0, 0, 0, 0, 0, 0, 1, 0, 1, 0, 0, 0, 0, 0, 0, 0, 1]}