{"ckpt": "checkpoints/Track1/A-V-P/binary/pipeline__A_VpP__wav2vec__openface__bilstm_mean__frozen_val_seed3407/best_model_2026-05-15-21.24.34.pth", "track": "Track1", "task": "binary", "subtrack": "A-V+P", "audio_feature": "wav2vec", "video_feature": "openface", "encoder_type": "bilstm_mean", "seed": 3407, "experiment_name": "pipeline__A_VpP__wav2vec__openface__bilstm_mean__frozen_val_seed3407", "val": {"acc": 0.7777777777777778, "f1": 0.6785714285714286, "kappa": 0.3999999999999999, "ccc": 0.3170688450459813, "rmse": 0.6488250293064477, "mae": 0.4933686587545607, "confusion_matrix": [[6, 0], [2, 1]], "selection_score": 0.6785714285714286, "r2": 0.05157731716394054, "cls_loss": 1.0656546449495687, "reg_loss": 0.42097394830650753, "loss": 1.4866286002927356}, "metric_split": "val", "test": {"acc": 0.5652173913043478, "f1": 0.5436507936507937, "kappa": 0.08730158730158732, "ccc": 0.12420941492623586, "rmse": 0.7123510230547115, "mae": 0.5183974245320195, "confusion_matrix": [[9, 5], [5, 4]], "selection_score": 0.5436507936507937, "r2": -0.9210541213330306}, "ids": [1, 6, 8, 13, 18, 24, 26, 32, 33, 35, 45, 48, 51, 59, 69, 70, 83, 86, 91, 92, 97, 106, 117], "probs": [[0.02436026744544506, 0.9756397604942322], [0.02160591632127762, 0.978394091129303], [0.3479153513908386, 0.6520847082138062], [0.049891844391822815, 0.9501081109046936], [0.4262763559818268, 0.5737236738204956], [0.9926233291625977, 0.007376675959676504], [0.6143341064453125, 0.3856658935546875], [0.8826018571853638, 0.11739813536405563], [0.04555326700210571, 0.9544466733932495], [0.9956138134002686, 0.004386160057038069], [0.31455790996551514, 0.6854420900344849], [0.9975765347480774, 0.0024234727025032043], [0.05229663848876953, 0.9477034211158752], [0.7564239501953125, 0.2435760200023651], [0.016496412456035614, 0.9835035800933838], [0.8862668871879578, 0.11373311281204224], [0.9964479207992554, 0.0035520398523658514], [0.9886420369148254, 0.011357911862432957], [0.8204911351203918, 0.17950883507728577], [0.9931696653366089, 0.006830294616520405], [0.9840535521507263, 0.015946462750434875], [0.9923557043075562, 0.007644256576895714], [0.9961375594139099, 0.0038623781874775887]], "phq_pred_log1p": [1.9274113178253174, 2.1333134174346924, 1.7037038803100586, 1.7943780422210693, 1.4758436679840088, 0.9422804117202759, 1.5283217430114746, 1.0507889986038208, 1.3706415891647339, 0.4009076952934265, 1.9401402473449707, 0.3866860866546631, 1.638946533203125, 1.108223557472229, 2.0973470211029053, 1.3210285902023315, 0.6273407936096191, 0.8674538731575012, 1.4696671962738037, 0.8415013551712036, 1.0378408432006836, 0.8322680592536926, 0.784026563167572], "phq_true_log1p": [2.5649492740631104, 2.079441547393799, 1.0986123085021973, 2.079441547393799, 1.0986123085021973, 1.0986123085021973, 2.079441547393799, 1.0986123085021973, 1.0986123085021973, 2.079441547393799, 1.0986123085021973, 2.079441547393799, 1.0986123085021973, 1.0986123085021973, 2.079441547393799, 1.0986123085021973, 1.0986123085021973, 2.079441547393799, 1.0986123085021973, 2.079441547393799, 1.0986123085021973, 1.0986123085021973, 1.0986123085021973], "y_true": [1, 1, 0, 1, 0, 0, 1, 0, 0, 1, 0, 1, 0, 0, 1, 0, 0, 1, 0, 1, 0, 0, 0], "y_pred": [1, 1, 1, 1, 1, 0, 0, 0, 1, 0, 1, 0, 1, 0, 1, 0, 0, 0, 0, 0, 0, 0, 0]}