{"ckpt": "checkpoints/Track2/A-V-P/binary/pipeline__A_VpP__opensmile__resnet__bilstm_mean__frozen_val_seed2026/best_model_2026-05-15-21.39.17.pth", "track": "Track2", "task": "binary", "subtrack": "A-V+P", "audio_feature": "opensmile", "video_feature": "resnet", "encoder_type": "bilstm_mean", "seed": 2026, "experiment_name": "pipeline__A_VpP__opensmile__resnet__bilstm_mean__frozen_val_seed2026", "val": {"acc": 0.8888888888888888, "f1": 0.8888888888888888, "kappa": 0.7804878048780488, "ccc": -0.08015268615945968, "rmse": 0.7802309151574777, "mae": 0.5809347099728055, "confusion_matrix": [[4, 1], [0, 4]], "selection_score": 0.8888888888888888, "r2": -0.10879083166116632, "cls_loss": 0.6849413249227736, "reg_loss": 0.6087602865882218, "loss": 1.2937016089757283}, "metric_split": "val", "test": {"acc": 0.45454545454545453, "f1": 0.45454545454545453, "kappa": -0.09090909090909083, "ccc": 0.06771972826999889, "rmse": 0.511902412875318, "mae": 0.48732696879993787, "confusion_matrix": [[5, 6], [6, 5]], "selection_score": 0.45454545454545453, "r2": 0.050455497073009226}, "ids": [1, 5, 7, 13, 15, 22, 28, 33, 34, 40, 42, 44, 47, 58, 74, 83, 85, 89, 90, 93, 105, 110], "probs": [[0.4157303273677826, 0.584269642829895], [0.49670225381851196, 0.503297746181488], [0.5261285901069641, 0.4738714098930359], [0.45797911286354065, 0.5420209169387817], [0.48378002643585205, 0.516219973564148], [0.47075217962265015, 0.5292477607727051], [0.48411405086517334, 0.5158859491348267], [0.5331172943115234, 0.4668826758861542], [0.5107169151306152, 0.4892830550670624], [0.48880794644355774, 0.5111920833587646], [0.5346125960350037, 0.46538740396499634], [0.5516787171363831, 0.44832125306129456], [0.4624563157558441, 0.5375437140464783], [0.5244239568710327, 0.4755760729312897], [0.4754941463470459, 0.5245058536529541], [0.4510522186756134, 0.5489477515220642], [0.5361921787261963, 0.46380776166915894], [0.5055404305458069, 0.4944595694541931], [0.5073686838150024, 0.4926312565803528], [0.5628388524055481, 0.4371611773967743], [0.4758091866970062, 0.5241908431053162], [0.5146982669830322, 0.4853017032146454]], "phq_pred_log1p": [1.7847272157669067, 1.5594518184661865, 1.5363208055496216, 1.654616117477417, 1.592220664024353, 1.6596713066101074, 1.5818597078323364, 1.5451973676681519, 1.5505156517028809, 1.6086300611495972, 1.487500548362732, 1.4711664915084839, 1.6137609481811523, 1.5133181810379028, 1.643849492073059, 1.586712121963501, 1.5202704668045044, 1.5758880376815796, 1.5467997789382935, 1.4926427602767944, 1.6206811666488647, 1.5424484014511108], "phq_true_log1p": [2.4849066734313965, 1.945910096168518, 1.945910096168518, 1.945910096168518, 1.945910096168518, 1.0986123085021973, 1.0986123085021973, 1.0986123085021973, 1.945910096168518, 1.0986123085021973, 1.945910096168518, 1.0986123085021973, 1.0986123085021973, 1.0986123085021973, 2.4849066734313965, 1.0986123085021973, 2.4849066734313965, 1.945910096168518, 1.945910096168518, 1.0986123085021973, 1.0986123085021973, 1.0986123085021973], "y_true": [1, 1, 1, 1, 1, 0, 0, 0, 1, 0, 1, 0, 0, 0, 1, 0, 1, 1, 1, 0, 0, 0], "y_pred": [1, 1, 0, 1, 1, 1, 1, 0, 0, 1, 0, 0, 1, 0, 1, 1, 0, 0, 0, 0, 1, 0]}