{"ckpt": "checkpoints/Track2/A-V-P/ternary/pipeline__A_VpP__opensmile__densenet__bilstm_mean__frozen_val_seed3407/best_model_2026-05-15-22.58.53.pth", "track": "Track2", "task": "ternary", "subtrack": "A-V+P", "audio_feature": "opensmile", "video_feature": "densenet", "encoder_type": "bilstm_mean", "seed": 3407, "experiment_name": "pipeline__A_VpP__opensmile__densenet__bilstm_mean__frozen_val_seed3407", "val": {"acc": 0.5555555555555556, "f1": 0.38888888888888884, "kappa": 0.21739130434782605, "ccc": -0.0888746050489138, "rmse": 0.6244130459472341, "mae": 0.5332437488767836, "confusion_matrix": [[3, 2, 0], [1, 2, 0], [0, 1, 0]], "selection_score": 0.38888888888888884, "r2": -0.5874079153621241, "cls_loss": 1.1719010406070285, "reg_loss": 0.3898916443188985, "loss": 1.5617926915486653}, "metric_split": "val", "test": {"acc": 0.22727272727272727, "f1": 0.1503267973856209, "kappa": -0.289655172413793, "ccc": -0.17137663093405706, "rmse": 0.61541171782798, "mae": 0.5580410740592263, "confusion_matrix": [[1, 10, 0], [4, 4, 0], [1, 2, 0]], "selection_score": 0.1503267973856209, "r2": -0.37237403634008337}, "ids": [1, 5, 7, 13, 15, 22, 28, 33, 34, 40, 42, 44, 47, 58, 74, 83, 85, 89, 90, 93, 105, 110], "probs": [[0.14062157273292542, 0.6530891060829163, 0.20628929138183594], [0.2443884313106537, 0.5487369894981384, 0.20687462389469147], [0.6198480725288391, 0.27827218174934387, 0.10187975317239761], [0.6213558912277222, 0.27425503730773926, 0.10438905656337738], [0.551741898059845, 0.33086204528808594, 0.1173960417509079], [0.09476538747549057, 0.6484042406082153, 0.2568303346633911], [0.15481604635715485, 0.6243364214897156, 0.2208475023508072], [0.6064934730529785, 0.29029810428619385, 0.10320838540792465], [0.38159462809562683, 0.4658280313014984, 0.15257734060287476], [0.42062056064605713, 0.421931654214859, 0.15744781494140625], [0.1302381455898285, 0.6360428929328918, 0.23371894657611847], [0.40479424595832825, 0.459218829870224, 0.13598693907260895], [0.3313244581222534, 0.5032538175582886, 0.16542169451713562], [0.15055768191814423, 0.6625796556472778, 0.18686266243457794], [0.581028401851654, 0.30772367119789124, 0.1112479642033577], [0.08097833395004272, 0.6572794318199158, 0.2617422640323639], [0.19662532210350037, 0.6007028222084045, 0.2026718705892563], [0.1677023470401764, 0.641426146030426, 0.19087155163288116], [0.6134147644042969, 0.2841423749923706, 0.10244288295507431], [0.2517573833465576, 0.5528902411460876, 0.19535242021083832], [0.2505439519882202, 0.5734385251998901, 0.17601752281188965], [0.28264138102531433, 0.5402709245681763, 0.1770876795053482]], "phq_pred_log1p": [1.709966778755188, 1.730468988418579, 1.295138955116272, 1.3405990600585938, 1.3982874155044556, 1.8821226358413696, 1.876033902168274, 1.3075108528137207, 1.4371262788772583, 1.533173680305481, 1.922693133354187, 1.431228756904602, 1.4766782522201538, 1.6291834115982056, 1.2480099201202393, 1.973723292350769, 1.7216674089431763, 1.6766537427902222, 1.293786644935608, 1.690024971961975, 1.6442807912826538, 1.6700760126113892], "phq_true_log1p": [2.4849066734313965, 1.945910096168518, 1.945910096168518, 1.945910096168518, 1.945910096168518, 1.0986123085021973, 1.0986123085021973, 1.0986123085021973, 1.945910096168518, 1.0986123085021973, 1.945910096168518, 1.0986123085021973, 1.0986123085021973, 1.0986123085021973, 2.4849066734313965, 1.0986123085021973, 2.4849066734313965, 1.945910096168518, 1.945910096168518, 1.0986123085021973, 1.0986123085021973, 1.0986123085021973], "y_true": [2, 1, 1, 1, 1, 0, 0, 0, 1, 0, 1, 0, 0, 0, 2, 0, 2, 1, 1, 0, 0, 0], "y_pred": [1, 1, 0, 0, 0, 1, 1, 0, 1, 1, 1, 1, 1, 1, 0, 1, 1, 1, 0, 1, 1, 1]}