{"ckpt": "checkpoints/Track1/A-V-P/binary/pipeline__A_VpP__wav2vec__resnet__bilstm_mean__frozen_val_seed3407/best_model_2026-05-15-21.12.03.pth", "track": "Track1", "task": "binary", "subtrack": "A-V+P", "audio_feature": "wav2vec", "video_feature": "resnet", "encoder_type": "bilstm_mean", "seed": 3407, "experiment_name": "pipeline__A_VpP__wav2vec__resnet__bilstm_mean__frozen_val_seed3407", "val": {"acc": 0.6666666666666666, "f1": 0.4, "kappa": 0.0, "ccc": -0.006890363183486782, "rmse": 0.6688437069043591, "mae": 0.6084465318255954, "confusion_matrix": [[6, 0], [3, 0]], "selection_score": 0.4, "r2": -0.007850307143531188, "cls_loss": 0.6854494545194838, "reg_loss": 0.4473518927892049, "loss": 1.132801307572259}, "metric_split": "val", "test": {"acc": 0.6086956521739131, "f1": 0.3783783783783784, "kappa": 0.0, "ccc": 0.002076597120420541, "rmse": 0.5187465143806342, "mae": 0.47610134663789166, "confusion_matrix": [[14, 0], [9, 0]], "selection_score": 0.3783783783783784, "r2": -0.01873652833031736}, "ids": [1, 6, 8, 13, 18, 24, 26, 32, 33, 35, 45, 48, 51, 59, 69, 70, 83, 86, 91, 92, 97, 106, 117], "probs": [[0.5535051822662354, 0.44649484753608704], [0.5583970546722412, 0.4416029155254364], [0.5623198747634888, 0.4376801550388336], [0.5620991587638855, 0.4379009008407593], [0.5637423396110535, 0.4362576901912689], [0.5566076636314392, 0.4433923363685608], [0.559012770652771, 0.4409872591495514], [0.5582797527313232, 0.44172021746635437], [0.5585808753967285, 0.44141915440559387], [0.5576013326644897, 0.44239863753318787], [0.5583922266960144, 0.4416077733039856], [0.5571590065956116, 0.4428410530090332], [0.5582242608070374, 0.44177570939064026], [0.5553925037384033, 0.4446074962615967], [0.5530062317848206, 0.44699373841285706], [0.5550644993782043, 0.44493550062179565], [0.5513904094696045, 0.4486095607280731], [0.5566496849060059, 0.4433503746986389], [0.5550985336303711, 0.4449014961719513], [0.5518113374710083, 0.4481887221336365], [0.555803656578064, 0.4441963732242584], [0.5577574968338013, 0.4422425329685211], [0.5538908243179321, 0.44610920548439026]], "phq_pred_log1p": [1.4221948385238647, 1.4368515014648438, 1.4059568643569946, 1.425879716873169, 1.4340232610702515, 1.429218053817749, 1.4469797611236572, 1.4156842231750488, 1.4673787355422974, 1.4287025928497314, 1.4201148748397827, 1.4337453842163086, 1.426335334777832, 1.4176406860351562, 1.4271730184555054, 1.4269580841064453, 1.4280471801757812, 1.4388331174850464, 1.4278804063796997, 1.423099398612976, 1.4480997323989868, 1.4390963315963745, 1.4274471998214722], "phq_true_log1p": [2.5649492740631104, 2.079441547393799, 1.0986123085021973, 2.079441547393799, 1.0986123085021973, 1.0986123085021973, 2.079441547393799, 1.0986123085021973, 1.0986123085021973, 2.079441547393799, 1.0986123085021973, 2.079441547393799, 1.0986123085021973, 1.0986123085021973, 2.079441547393799, 1.0986123085021973, 1.0986123085021973, 2.079441547393799, 1.0986123085021973, 2.079441547393799, 1.0986123085021973, 1.0986123085021973, 1.0986123085021973], "y_true": [1, 1, 0, 1, 0, 0, 1, 0, 0, 1, 0, 1, 0, 0, 1, 0, 0, 1, 0, 1, 0, 0, 0], "y_pred": [0, 0, 0, 0, 0, 0, 0, 0, 0, 0, 0, 0, 0, 0, 0, 0, 0, 0, 0, 0, 0, 0, 0]}