{"ckpt": "checkpoints/Track1/A-V-G+P/ternary/pipeline__A_V_GpP__mfcc__openface__bilstm_mean__fold3_seed42/best_model_2026-05-16-00.41.57.pth", "track": "Track1", "task": "ternary", "subtrack": "A-V-G+P", "audio_feature": "mfcc", "video_feature": "openface", "encoder_type": "bilstm_mean", "seed": 42, "experiment_name": "pipeline__A_V_GpP__mfcc__openface__bilstm_mean__fold3_seed42", "val": {"acc": 0.6470588235294118, "f1": 0.38974358974358975, "kappa": 0.09734513274336276, "ccc": -0.22439621719494746, "rmse": 1.0841548694155707, "mae": 0.8346929059309118, "confusion_matrix": [[10, 1, 1], [2, 1, 0], [2, 0, 0]], "selection_score": 0.38974358974358975, "r2": -1.0531181694023313, "cls_loss": 2.180603223688462, "reg_loss": 1.1753917748437208, "loss": 3.355994900359827}, "metric_split": "val", "test": {"acc": 0.5217391304347826, "f1": 0.23529411764705885, "kappa": -0.12444444444444436, "ccc": 0.0732205199321245, "rmse": 0.7332470861390218, "mae": 0.5709359658801038, "confusion_matrix": [[12, 2, 0], [8, 0, 0], [0, 1, 0]], "selection_score": 0.23529411764705885, "r2": -1.0354113277965822}, "ids": [1, 6, 8, 13, 18, 24, 26, 32, 33, 35, 45, 48, 51, 59, 69, 70, 83, 86, 91, 92, 97, 106, 117], "probs": [[0.09690931439399719, 0.7237257361412048, 0.1793649047613144], [0.4696677625179291, 0.4443940818309784, 0.08593817055225372], [0.8861019015312195, 0.09604313969612122, 0.017854876816272736], [0.5618866682052612, 0.1885996162891388, 0.24951376020908356], [0.34085002541542053, 0.5837534666061401, 0.07539652287960052], [0.9467354416847229, 0.045786499977111816, 0.007478073704987764], [0.9688963890075684, 0.02431037276983261, 0.006793225649744272], [0.5585463047027588, 0.39220336079597473, 0.04925035312771797], [0.9174076914787292, 0.06275452673435211, 0.019837740808725357], [0.9504427909851074, 0.03851986676454544, 0.011037374846637249], [0.6954310536384583, 0.21760310232639313, 0.08696584403514862], [0.967777669429779, 0.022867608815431595, 0.009354740381240845], [0.7377644181251526, 0.16240155696868896, 0.09983398765325546], [0.8677754402160645, 0.11409222334623337, 0.01813233271241188], [0.5022423267364502, 0.2564504146575928, 0.24130724370479584], [0.7377755045890808, 0.22506001591682434, 0.037164464592933655], [0.9679529070854187, 0.024848254397511482, 0.007198886480182409], [0.9517534375190735, 0.03558647260069847, 0.012660102918744087], [0.5239438414573669, 0.17267678678035736, 0.3033792972564697], [0.9071789979934692, 0.08006156235933304, 0.01275938842445612], [0.36098676919937134, 0.44074228405952454, 0.1982709914445877], [0.9451351165771484, 0.04161722585558891, 0.013247765600681305], [0.9311243295669556, 0.04588034749031067, 0.022995393723249435]], "phq_pred_log1p": [2.223902940750122, 1.7328764200210571, 1.1643683910369873, 1.8508594036102295, 1.6660070419311523, 0.6577900648117065, 0.5358332395553589, 1.3029589653015137, 1.0069749355316162, 0.7935848832130432, 1.7516653537750244, 0.6658924221992493, 1.6846561431884766, 0.928242027759552, 2.040628433227539, 1.4111920595169067, 0.49972471594810486, 0.8873946666717529, 2.0672948360443115, 1.030908226966858, 1.9563922882080078, 0.958284318447113, 1.1338564157485962], "phq_true_log1p": [2.5649492740631104, 2.079441547393799, 1.0986123085021973, 2.079441547393799, 1.0986123085021973, 1.0986123085021973, 2.079441547393799, 1.0986123085021973, 1.0986123085021973, 2.079441547393799, 1.0986123085021973, 2.079441547393799, 1.0986123085021973, 1.0986123085021973, 2.079441547393799, 1.0986123085021973, 1.0986123085021973, 2.079441547393799, 1.0986123085021973, 2.079441547393799, 1.0986123085021973, 1.0986123085021973, 1.0986123085021973], "y_true": [2, 1, 0, 1, 0, 0, 1, 0, 0, 1, 0, 1, 0, 0, 1, 0, 0, 1, 0, 1, 0, 0, 0], "y_pred": [1, 0, 0, 0, 1, 0, 0, 0, 0, 0, 0, 0, 0, 0, 0, 0, 0, 0, 0, 0, 1, 0, 0]}