{"ckpt": "checkpoints/Track1/A-V-P/ternary/pipeline__A_VpP__opensmile__openface__bilstm_mean__fold4_seed42/best_model_2026-05-16-00.31.27.pth", "track": "Track1", "task": "ternary", "subtrack": "A-V+P", "audio_feature": "opensmile", "video_feature": "openface", "encoder_type": "bilstm_mean", "seed": 42, "experiment_name": "pipeline__A_VpP__opensmile__openface__bilstm_mean__fold4_seed42", "val": {"acc": 0.7058823529411765, "f1": 0.5666666666666668, "kappa": 0.3089430894308943, "ccc": 0.16178974989658937, "rmse": 0.8855488094197823, "mae": 0.7264749959987753, "confusion_matrix": [[10, 1, 1], [2, 1, 0], [1, 0, 1]], "selection_score": 0.5666666666666668, "r2": -0.5470430474385659, "cls_loss": 1.2994407121749485, "reg_loss": 0.7841967046260834, "loss": 2.0836374479181625}, "metric_split": "val", "test": {"acc": 0.6086956521739131, "f1": 0.37777777777777777, "kappa": 0.16867469879518082, "ccc": 0.23163131282893248, "rmse": 0.6640483843442, "mae": 0.5157083894895471, "confusion_matrix": [[11, 3, 0], [5, 3, 0], [0, 1, 0]], "selection_score": 0.37777777777777777, "r2": -0.6693636182171576}, "ids": [1, 6, 8, 13, 18, 24, 26, 32, 33, 35, 45, 48, 51, 59, 69, 70, 83, 86, 91, 92, 97, 106, 117], "probs": [[0.024460339918732643, 0.7693966627120972, 0.20614300668239594], [0.024417288601398468, 0.9497355818748474, 0.025847148150205612], [0.5887409448623657, 0.3866225481033325, 0.02463647909462452], [0.15458688139915466, 0.7962509393692017, 0.04916219040751457], [0.10011209547519684, 0.8289445638656616, 0.07094337046146393], [0.9865872263908386, 0.010493339970707893, 0.0029193887021392584], [0.9901604652404785, 0.0076012806966900826, 0.002238169079646468], [0.9812488555908203, 0.013752240687608719, 0.004998914431780577], [0.7864514589309692, 0.05213290825486183, 0.16141563653945923], [0.8500665426254272, 0.12046626210212708, 0.02946711890399456], [0.3544810116291046, 0.6001684069633484, 0.04535052925348282], [0.9916702508926392, 0.002411523135378957, 0.005918276030570269], [0.025467824190855026, 0.9490967988967896, 0.025435378775000572], [0.8613525032997131, 0.12474638968706131, 0.013901099562644958], [0.025080738589167595, 0.8796631097793579, 0.09525617957115173], [0.7784409523010254, 0.20735131204128265, 0.01420771237462759], [0.9920610189437866, 0.005706431344151497, 0.0022326172329485416], [0.9473611116409302, 0.02529068849980831, 0.027348212897777557], [0.6747264266014099, 0.03567194193601608, 0.2896016240119934], [0.8511205911636353, 0.08275575190782547, 0.06612364202737808], [0.9395070672035217, 0.04721585661172867, 0.01327698677778244], [0.8757482171058655, 0.11683300137519836, 0.007418816909193993], [0.8499585390090942, 0.12182404100894928, 0.028217457234859467]], "phq_pred_log1p": [2.325361728668213, 1.7953205108642578, 1.5201177597045898, 1.686394453048706, 1.9017906188964844, 0.6958072185516357, 0.3934362530708313, 0.8122385740280151, 1.4496808052062988, 1.2953343391418457, 1.7866169214248657, 0.5305952429771423, 1.7990750074386597, 1.0414228439331055, 2.183025360107422, 1.2581262588500977, 0.3106081485748291, 1.5496938228607178, 1.901634693145752, 1.6605216264724731, 1.3440407514572144, 1.0560333728790283, 1.2228035926818848], "phq_true_log1p": [2.5649492740631104, 2.079441547393799, 1.0986123085021973, 2.079441547393799, 1.0986123085021973, 1.0986123085021973, 2.079441547393799, 1.0986123085021973, 1.0986123085021973, 2.079441547393799, 1.0986123085021973, 2.079441547393799, 1.0986123085021973, 1.0986123085021973, 2.079441547393799, 1.0986123085021973, 1.0986123085021973, 2.079441547393799, 1.0986123085021973, 2.079441547393799, 1.0986123085021973, 1.0986123085021973, 1.0986123085021973], "y_true": [2, 1, 0, 1, 0, 0, 1, 0, 0, 1, 0, 1, 0, 0, 1, 0, 0, 1, 0, 1, 0, 0, 0], "y_pred": [1, 1, 0, 1, 1, 0, 0, 0, 0, 0, 1, 0, 1, 0, 1, 0, 0, 0, 0, 0, 0, 0, 0]}