{"ckpt": "checkpoints/Track1/A-V-P/binary/pipeline__A_VpP__mfcc__openface__bilstm_mean__frozen_val_seed2026/best_model_2026-05-15-21.19.54.pth", "track": "Track1", "task": "binary", "subtrack": "A-V+P", "audio_feature": "mfcc", "video_feature": "openface", "encoder_type": "bilstm_mean", "seed": 2026, "experiment_name": "pipeline__A_VpP__mfcc__openface__bilstm_mean__frozen_val_seed2026", "val": {"acc": 0.7777777777777778, "f1": 0.75, "kappa": 0.5, "ccc": 0.39215615279800053, "rmse": 0.5712178694405089, "mae": 0.511688854959276, "confusion_matrix": [[5, 1], [1, 2]], "selection_score": 0.75, "r2": 0.26489341655390775, "cls_loss": 0.508535106976827, "reg_loss": 0.32628986570570206, "loss": 0.834824972682529}, "metric_split": "val", "test": {"acc": 0.4782608695652174, "f1": 0.46923076923076923, "kappa": -0.05343511450381677, "ccc": 0.08620293160056038, "rmse": 0.7859225850481657, "mae": 0.6408556900594545, "confusion_matrix": [[7, 7], [5, 4]], "selection_score": 0.46923076923076923, "r2": -1.3383581733673617}, "ids": [1, 6, 8, 13, 18, 24, 26, 32, 33, 35, 45, 48, 51, 59, 69, 70, 83, 86, 91, 92, 97, 106, 117], "probs": [[0.001396208186633885, 0.9986037611961365], [0.0038173652719706297, 0.9961826205253601], [0.0033274132292717695, 0.996672511100769], [0.0040901340544223785, 0.9959099292755127], [0.004499614704400301, 0.995500385761261], [0.7962680459022522, 0.20373199880123138], [0.9949790835380554, 0.005020868964493275], [0.9985816478729248, 0.0014183660969138145], [0.0025536096654832363, 0.9974464178085327], [0.6745691895484924, 0.32543081045150757], [0.0031775061506778, 0.9968224763870239], [0.9991926550865173, 0.0008074028883129358], [0.15272492170333862, 0.8472750782966614], [0.9828846454620361, 0.01711534708738327], [0.0033488315530121326, 0.9966512322425842], [0.13527655601501465, 0.8647234439849854], [0.9988524913787842, 0.0011474840575829148], [0.9537543654441833, 0.046245671808719635], [0.013299056328833103, 0.9867009520530701], [0.7187017202377319, 0.28129830956459045], [0.7894644737243652, 0.21053549647331238], [0.985195517539978, 0.014804480597376823], [0.9958642721176147, 0.004135739058256149]], "phq_pred_log1p": [2.0228476524353027, 1.9269670248031616, 1.918046474456787, 2.0722813606262207, 1.9028173685073853, 1.2033411264419556, 0.6278539896011353, 0.4638042151927948, 2.0557332038879395, 1.3093339204788208, 2.1116039752960205, 0.1613004505634308, 1.7840296030044556, 0.9958220720291138, 2.0138349533081055, 1.708035945892334, 0.1365831047296524, 1.2107664346694946, 1.9286800622940063, 1.6156405210494995, 1.437522530555725, 0.9754815101623535, 0.5836446285247803], "phq_true_log1p": [2.5649492740631104, 2.079441547393799, 1.0986123085021973, 2.079441547393799, 1.0986123085021973, 1.0986123085021973, 2.079441547393799, 1.0986123085021973, 1.0986123085021973, 2.079441547393799, 1.0986123085021973, 2.079441547393799, 1.0986123085021973, 1.0986123085021973, 2.079441547393799, 1.0986123085021973, 1.0986123085021973, 2.079441547393799, 1.0986123085021973, 2.079441547393799, 1.0986123085021973, 1.0986123085021973, 1.0986123085021973], "y_true": [1, 1, 0, 1, 0, 0, 1, 0, 0, 1, 0, 1, 0, 0, 1, 0, 0, 1, 0, 1, 0, 0, 0], "y_pred": [1, 1, 1, 1, 1, 0, 0, 0, 1, 0, 1, 0, 1, 0, 1, 1, 0, 0, 1, 0, 0, 0, 0]}