{"ckpt": "checkpoints/Track2/A-V-P/ternary/pipeline__A_VpP__opensmile__openface__bilstm_mean__fold1_seed42/best_model_2026-05-16-01.29.33.pth", "track": "Track2", "task": "ternary", "subtrack": "A-V+P", "audio_feature": "opensmile", "video_feature": "openface", "encoder_type": "bilstm_mean", "seed": 42, "experiment_name": "pipeline__A_VpP__opensmile__openface__bilstm_mean__fold1_seed42", "val": {"acc": 0.7222222222222222, "f1": 0.5103785103785103, "kappa": 0.48275862068965514, "ccc": 0.14410237162115122, "rmse": 0.7155034460210375, "mae": 0.5457573102580177, "confusion_matrix": [[8, 1, 0], [2, 5, 0], [2, 0, 0]], "selection_score": 0.5103785103785103, "r2": 0.011740903394149016, "cls_loss": 1.0250070956018236, "reg_loss": 0.5119451880455017, "loss": 1.5369522704018488}, "metric_split": "val", "test": {"acc": 0.4090909090909091, "f1": 0.26837606837606837, "kappa": -0.0874524714828897, "ccc": -0.011139182064645732, "rmse": 0.6999462973343635, "mae": 0.5987042676318776, "confusion_matrix": [[7, 4, 0], [6, 2, 0], [2, 1, 0]], "selection_score": 0.26837606837606837, "r2": -0.7752945165841205}, "ids": [1, 5, 7, 13, 15, 22, 28, 33, 34, 40, 42, 44, 47, 58, 74, 83, 85, 89, 90, 93, 105, 110], "probs": [[0.39987972378730774, 0.3585314452648163, 0.24158886075019836], [0.5622711181640625, 0.2477869987487793, 0.18994182348251343], [0.6493370532989502, 0.18087120354175568, 0.16979174315929413], [0.37584662437438965, 0.4676753282546997, 0.15647804737091064], [0.5881010890007019, 0.21540392935276031, 0.196494922041893], [0.42848995327949524, 0.3704212009906769, 0.20108886063098907], [0.3856971859931946, 0.4534550905227661, 0.1608477234840393], [0.5763557553291321, 0.19348300993442535, 0.23016124963760376], [0.6203160881996155, 0.17528776824474335, 0.20439623296260834], [0.46687471866607666, 0.3534218966960907, 0.17970339953899384], [0.4722977578639984, 0.37585437297821045, 0.15184788405895233], [0.299961656332016, 0.51817387342453, 0.18186447024345398], [0.3413568139076233, 0.4867967963218689, 0.17184637486934662], [0.3666664958000183, 0.4707781672477722, 0.16255533695220947], [0.45932742953300476, 0.38065001368522644, 0.16002257168293], [0.4400903582572937, 0.3627870976924896, 0.19712258875370026], [0.3687770366668701, 0.4526911675930023, 0.17853178083896637], [0.29364025592803955, 0.5408268570899963, 0.1655329018831253], [0.44495049118995667, 0.35163289308547974, 0.2034166157245636], [0.6514330506324768, 0.17762184143066406, 0.17094513773918152], [0.5928950309753418, 0.24959829449653625, 0.15750668942928314], [0.5283005833625793, 0.23181387782096863, 0.23988553881645203]], "phq_pred_log1p": [1.6205668449401855, 1.1345295906066895, 0.5608095526695251, 1.5462688207626343, 1.058713436126709, 1.5854556560516357, 1.562397837638855, 1.1135101318359375, 0.7311751842498779, 1.4378161430358887, 1.1558723449707031, 1.79144287109375, 1.6191903352737427, 1.5576629638671875, 1.2761468887329102, 1.4316412210464478, 1.6274898052215576, 1.780622959136963, 1.4099196195602417, 0.6412168145179749, 0.895801305770874, 1.179795265197754], "phq_true_log1p": [2.4849066734313965, 1.945910096168518, 1.945910096168518, 1.945910096168518, 1.945910096168518, 1.0986123085021973, 1.0986123085021973, 1.0986123085021973, 1.945910096168518, 1.0986123085021973, 1.945910096168518, 1.0986123085021973, 1.0986123085021973, 1.0986123085021973, 2.4849066734313965, 1.0986123085021973, 2.4849066734313965, 1.945910096168518, 1.945910096168518, 1.0986123085021973, 1.0986123085021973, 1.0986123085021973], "y_true": [2, 1, 1, 1, 1, 0, 0, 0, 1, 0, 1, 0, 0, 0, 2, 0, 2, 1, 1, 0, 0, 0], "y_pred": [0, 0, 0, 1, 0, 0, 1, 0, 0, 0, 0, 1, 1, 1, 0, 0, 1, 1, 0, 0, 0, 0]}