{"ckpt": "checkpoints/Track1/A-V-G+P/ternary/pipeline__A_V_GpP__wav2vec__openface__bilstm_mean__frozen_val_seed3407/best_model_2026-05-15-22.46.21.pth", "track": "Track1", "task": "ternary", "subtrack": "A-V-G+P", "audio_feature": "wav2vec", "video_feature": "openface", "encoder_type": "bilstm_mean", "seed": 3407, "experiment_name": "pipeline__A_V_GpP__wav2vec__openface__bilstm_mean__frozen_val_seed3407", "val": {"acc": 0.6666666666666666, "f1": 0.4444444444444445, "kappa": 0.32500000000000007, "ccc": 0.4310133028203768, "rmse": 0.7190746048584088, "mae": 0.5829048819012113, "confusion_matrix": [[5, 1, 0], [0, 1, 1], [1, 0, 0]], "selection_score": 0.4444444444444445, "r2": 0.13133038321456214, "cls_loss": 1.4559982617696126, "reg_loss": 0.5170682622830959, "loss": 1.9730665153927274}, "metric_split": "val", "test": {"acc": 0.5217391304347826, "f1": 0.29572649572649573, "kappa": 0.03802281368821292, "ccc": 0.19642563864182663, "rmse": 0.7662321704186177, "mae": 0.6012297350427379, "confusion_matrix": [[11, 3, 0], [5, 1, 2], [0, 1, 0]], "selection_score": 0.29572649572649573, "r2": -1.222656037331173}, "ids": [1, 6, 8, 13, 18, 24, 26, 32, 33, 35, 45, 48, 51, 59, 69, 70, 83, 86, 91, 92, 97, 106, 117], "probs": [[0.04198267683386803, 0.7095287442207336, 0.24848857522010803], [0.14414498209953308, 0.6837087273597717, 0.1721462458372116], [0.20111899077892303, 0.5024860501289368, 0.2963949143886566], [0.16581028699874878, 0.25962021946907043, 0.5745694637298584], [0.0577477365732193, 0.8156696557998657, 0.126582533121109], [0.90896075963974, 0.07345980405807495, 0.0175794567912817], [0.9862049221992493, 0.005758423358201981, 0.008036636747419834], [0.9872920513153076, 0.009528601542115211, 0.0031793115194886923], [0.30854061245918274, 0.36747807264328003, 0.32398128509521484], [0.8954117894172668, 0.07797281444072723, 0.02661546878516674], [0.9461512565612793, 0.018560834228992462, 0.035287920385599136], [0.9932594895362854, 0.0033339073415845633, 0.003406491130590439], [0.4216882884502411, 0.357679545879364, 0.22063210606575012], [0.5737447738647461, 0.3641441762447357, 0.0621110163629055], [0.3874558210372925, 0.09448627382516861, 0.5180578827857971], [0.9594062566757202, 0.033014457672834396, 0.0075793396681547165], [0.9861753582954407, 0.007681992836296558, 0.006142590660601854], [0.9252752065658569, 0.032045863568782806, 0.042678967118263245], [0.7291604280471802, 0.026377053931355476, 0.24446254968643188], [0.9331838488578796, 0.05978690832853317, 0.007029297295957804], [0.9870898127555847, 0.006493216380476952, 0.006417014170438051], [0.9732339382171631, 0.01673636958003044, 0.010029671713709831], [0.9843018054962158, 0.005415691994130611, 0.010282431729137897]], "phq_pred_log1p": [2.3224594593048096, 1.8901339769363403, 1.8729829788208008, 1.928370475769043, 1.863465666770935, 0.927788257598877, 0.5567710399627686, 0.4422164261341095, 1.2690459489822388, 0.6233019828796387, 1.230217456817627, 0.42049404978752136, 1.4382121562957764, 0.8057165145874023, 1.9598360061645508, 0.641984224319458, 0.5859923362731934, 1.0418614149093628, 1.8331573009490967, 0.7642185688018799, 0.6531764268875122, 0.6175724267959595, 0.8946102857589722], "phq_true_log1p": [2.5649492740631104, 2.079441547393799, 1.0986123085021973, 2.079441547393799, 1.0986123085021973, 1.0986123085021973, 2.079441547393799, 1.0986123085021973, 1.0986123085021973, 2.079441547393799, 1.0986123085021973, 2.079441547393799, 1.0986123085021973, 1.0986123085021973, 2.079441547393799, 1.0986123085021973, 1.0986123085021973, 2.079441547393799, 1.0986123085021973, 2.079441547393799, 1.0986123085021973, 1.0986123085021973, 1.0986123085021973], "y_true": [2, 1, 0, 1, 0, 0, 1, 0, 0, 1, 0, 1, 0, 0, 1, 0, 0, 1, 0, 1, 0, 0, 0], "y_pred": [1, 1, 1, 2, 1, 0, 0, 0, 1, 0, 0, 0, 0, 0, 2, 0, 0, 0, 0, 0, 0, 0, 0]}