{"ckpt": "checkpoints/Track2/A-V-G+P/ternary/pipeline__A_V_GpP__mfcc__densenet__bilstm_mean__fold1_seed42/best_model_2026-05-16-02.04.57.pth", "track": "Track2", "task": "ternary", "subtrack": "A-V-G+P", "audio_feature": "mfcc", "video_feature": "densenet", "encoder_type": "bilstm_mean", "seed": 42, "experiment_name": "pipeline__A_V_GpP__mfcc__densenet__bilstm_mean__fold1_seed42", "val": {"acc": 0.5, "f1": 0.34432234432234426, "kappa": 0.06896551724137923, "ccc": -0.06249140975658642, "rmse": 0.7894063132224518, "mae": 0.6665928363800049, "confusion_matrix": [[6, 3, 0], [4, 3, 0], [2, 0, 0]], "selection_score": 0.34432234432234426, "r2": -0.2029527011970118, "cls_loss": 2.585315545399984, "reg_loss": 0.623162309328715, "loss": 3.2084778679741754}, "metric_split": "val", "test": {"acc": 0.3181818181818182, "f1": 0.2333333333333333, "kappa": -0.15384615384615374, "ccc": -0.007359364402686783, "rmse": 0.6512737871231582, "mae": 0.5513163696635853, "confusion_matrix": [[4, 6, 1], [5, 3, 0], [0, 3, 0]], "selection_score": 0.2333333333333333, "r2": -0.536979829922954}, "ids": [1, 5, 7, 13, 15, 22, 28, 33, 34, 40, 42, 44, 47, 58, 74, 83, 85, 89, 90, 93, 105, 110], "probs": [[0.3206862509250641, 0.6736499071121216, 0.00566384382545948], [0.3847976326942444, 0.6084860563278198, 0.006716340314596891], [0.8587357401847839, 0.14017270505428314, 0.0010915333405137062], [0.9270855188369751, 0.07235237210988998, 0.0005621274467557669], [0.8522931337356567, 0.14685726165771484, 0.0008496064692735672], [0.01850319653749466, 0.41797935962677, 0.5635174512863159], [0.3458021581172943, 0.6032738089561462, 0.05092399939894676], [0.9270763993263245, 0.07229217886924744, 0.0006315111531876028], [0.44494375586509705, 0.5525659322738647, 0.0024903779849410057], [0.3243497610092163, 0.6689080595970154, 0.006742196157574654], [0.7774152755737305, 0.21986475586891174, 0.0027199138421565294], [0.7175532579421997, 0.2803017199039459, 0.0021450885105878115], [0.3050990402698517, 0.6888430714607239, 0.006057873833924532], [0.3600383400917053, 0.6360098719596863, 0.003951807972043753], [0.019107656553387642, 0.9633550643920898, 0.017537249252200127], [0.03942437097430229, 0.9432435035705566, 0.017332157120108604], [0.03011135384440422, 0.9305611848831177, 0.039327431470155716], [0.28044387698173523, 0.703294575214386, 0.016261525452136993], [0.8442925810813904, 0.1544552594423294, 0.0012521510943770409], [0.9415492415428162, 0.05780810862779617, 0.0006425888859666884], [0.13747872412204742, 0.85804283618927, 0.0044783614575862885], [0.6646144390106201, 0.3332744836807251, 0.002111047739163041]], "phq_pred_log1p": [1.7032089233398438, 1.9354665279388428, 1.4648759365081787, 1.2118072509765625, 1.250519037246704, 2.544325351715088, 2.203185558319092, 1.350891351699829, 1.5415889024734497, 1.9180740118026733, 1.715156078338623, 1.4905481338500977, 1.7985835075378418, 1.6027984619140625, 2.13496994972229, 2.140164852142334, 2.301154613494873, 1.9658286571502686, 1.622628927230835, 1.5127898454666138, 1.8181266784667969, 1.6195746660232544], "phq_true_log1p": [2.4849066734313965, 1.945910096168518, 1.945910096168518, 1.945910096168518, 1.945910096168518, 1.0986123085021973, 1.0986123085021973, 1.0986123085021973, 1.945910096168518, 1.0986123085021973, 1.945910096168518, 1.0986123085021973, 1.0986123085021973, 1.0986123085021973, 2.4849066734313965, 1.0986123085021973, 2.4849066734313965, 1.945910096168518, 1.945910096168518, 1.0986123085021973, 1.0986123085021973, 1.0986123085021973], "y_true": [2, 1, 1, 1, 1, 0, 0, 0, 1, 0, 1, 0, 0, 0, 2, 0, 2, 1, 1, 0, 0, 0], "y_pred": [1, 1, 0, 0, 0, 2, 1, 0, 1, 1, 0, 0, 1, 1, 1, 1, 1, 1, 0, 0, 1, 0]}