{"ckpt": "checkpoints/Track2/A-V-P/binary/pipeline__A_VpP__opensmile__resnet__bilstm_mean__frozen_val_seed42/best_model_2026-05-15-21.39.10.pth", "track": "Track2", "task": "binary", "subtrack": "A-V+P", "audio_feature": "opensmile", "video_feature": "resnet", "encoder_type": "bilstm_mean", "seed": 42, "experiment_name": "pipeline__A_VpP__opensmile__resnet__bilstm_mean__frozen_val_seed42", "val": {"acc": 0.6666666666666666, "f1": 0.6666666666666666, "kappa": 0.3414634146341463, "ccc": 0.004406272454190511, "rmse": 0.7398239747664453, "mae": 0.5839256842931112, "confusion_matrix": [[3, 2], [1, 3]], "selection_score": 0.6666666666666666, "r2": 0.003080434938106724, "cls_loss": 0.6895986530515883, "reg_loss": 0.547339525901609, "loss": 1.2369382050302293}, "metric_split": "val", "test": {"acc": 0.5, "f1": 0.4989648033126294, "kappa": 0.0, "ccc": 0.00011299963454369898, "rmse": 0.5312850076207206, "mae": 0.4976953051306985, "confusion_matrix": [[6, 5], [6, 5]], "selection_score": 0.4989648033126294, "r2": -0.02281265322095627}, "ids": [1, 5, 7, 13, 15, 22, 28, 33, 34, 40, 42, 44, 47, 58, 74, 83, 85, 89, 90, 93, 105, 110], "probs": [[0.5019325017929077, 0.4980674684047699], [0.4946153163909912, 0.5053846836090088], [0.49801957607269287, 0.5019804239273071], [0.5010152459144592, 0.49898478388786316], [0.4990924596786499, 0.5009075999259949], [0.5124684572219849, 0.4875315725803375], [0.4975782632827759, 0.5024217367172241], [0.5074113011360168, 0.49258869886398315], [0.49572500586509705, 0.5042750239372253], [0.4972390830516815, 0.5027608871459961], [0.5069702863693237, 0.49302974343299866], [0.5040711760520935, 0.4959288537502289], [0.4882899224758148, 0.5117100477218628], [0.5019897222518921, 0.4980102777481079], [0.4968404471874237, 0.5031595230102539], [0.49236613512039185, 0.5076338648796082], [0.5022587180137634, 0.4977412223815918], [0.5006523728370667, 0.49934759736061096], [0.5066305994987488, 0.4933694005012512], [0.5089171528816223, 0.4910827875137329], [0.4919951856136322, 0.5080048441886902], [0.5025594830513, 0.49744051694869995]], "phq_pred_log1p": [1.5401124954223633, 1.5205832719802856, 1.4982839822769165, 1.5356829166412354, 1.5126852989196777, 1.5276718139648438, 1.5304007530212402, 1.5277925729751587, 1.4991737604141235, 1.5100620985031128, 1.5247896909713745, 1.4979712963104248, 1.5599786043167114, 1.5272510051727295, 1.5232526063919067, 1.499743103981018, 1.5002425909042358, 1.5270169973373413, 1.508327841758728, 1.5066430568695068, 1.4996700286865234, 1.514998435974121], "phq_true_log1p": [2.4849066734313965, 1.945910096168518, 1.945910096168518, 1.945910096168518, 1.945910096168518, 1.0986123085021973, 1.0986123085021973, 1.0986123085021973, 1.945910096168518, 1.0986123085021973, 1.945910096168518, 1.0986123085021973, 1.0986123085021973, 1.0986123085021973, 2.4849066734313965, 1.0986123085021973, 2.4849066734313965, 1.945910096168518, 1.945910096168518, 1.0986123085021973, 1.0986123085021973, 1.0986123085021973], "y_true": [1, 1, 1, 1, 1, 0, 0, 0, 1, 0, 1, 0, 0, 0, 1, 0, 1, 1, 1, 0, 0, 0], "y_pred": [0, 1, 1, 0, 1, 0, 1, 0, 1, 1, 0, 0, 1, 0, 1, 1, 0, 0, 0, 0, 1, 0]}