{"ckpt": "checkpoints/Track1/A-V-G+P/binary/pipeline__A_V_GpP__opensmile__resnet__bilstm_mean__frozen_val_seed3407/best_model_2026-05-15-21.28.35.pth", "track": "Track1", "task": "binary", "subtrack": "A-V-G+P", "audio_feature": "opensmile", "video_feature": "resnet", "encoder_type": "bilstm_mean", "seed": 3407, "experiment_name": "pipeline__A_V_GpP__opensmile__resnet__bilstm_mean__frozen_val_seed3407", "val": {"acc": 0.7777777777777778, "f1": 0.6785714285714286, "kappa": 0.3999999999999999, "ccc": 0.11210232027092154, "rmse": 0.648457446318285, "mae": 0.5560391081704034, "confusion_matrix": [[6, 0], [2, 1]], "selection_score": 0.6785714285714286, "r2": 0.052651644675835496, "cls_loss": 0.6621011098225912, "reg_loss": 0.4204970664448208, "loss": 1.0825981828901503}, "metric_split": "val", "test": {"acc": 0.6086956521739131, "f1": 0.3783783783783784, "kappa": 0.0, "ccc": -0.2432159557342447, "rmse": 0.645089428337402, "mae": 0.5692644430243451, "confusion_matrix": [[14, 0], [9, 0]], "selection_score": 0.3783783783783784, "r2": -0.5754018282551714}, "ids": [1, 6, 8, 13, 18, 24, 26, 32, 33, 35, 45, 48, 51, 59, 69, 70, 83, 86, 91, 92, 97, 106, 117], "probs": [[0.6595728993415833, 0.34042707085609436], [0.7180199027061462, 0.28198009729385376], [0.7199482321739197, 0.2800517678260803], [0.656373918056488, 0.3436260521411896], [0.7312589883804321, 0.26874104142189026], [0.6829214692115784, 0.31707850098609924], [0.5847790241241455, 0.4152210056781769], [0.5914251208305359, 0.4085748791694641], [0.5671697854995728, 0.43283018469810486], [0.8801215291023254, 0.11987852305173874], [0.7021428942680359, 0.2978571057319641], [0.6835924983024597, 0.3164074718952179], [0.700523316860199, 0.299476683139801], [0.5512720942497253, 0.44872787594795227], [0.6243900656700134, 0.3756099045276642], [0.7574647665023804, 0.24253523349761963], [0.6719925999641418, 0.32800737023353577], [0.9074398279190063, 0.09256015717983246], [0.6246376633644104, 0.3753623068332672], [0.7540124654769897, 0.24598756432533264], [0.7206631302833557, 0.2793368995189667], [0.6031655669212341, 0.39683449268341064], [0.6364195942878723, 0.3635804057121277]], "phq_pred_log1p": [1.5592104196548462, 1.4358997344970703, 1.3641387224197388, 1.5238571166992188, 1.3939825296401978, 1.484411358833313, 1.6867387294769287, 1.6255239248275757, 1.7082223892211914, 0.8265172243118286, 1.4184879064559937, 1.4863322973251343, 1.483831763267517, 1.7434966564178467, 1.6227138042449951, 1.302963137626648, 1.5180586576461792, 0.5908304452896118, 1.6260995864868164, 1.3235044479370117, 1.428819179534912, 1.657729983329773, 1.5730112791061401], "phq_true_log1p": [2.5649492740631104, 2.079441547393799, 1.0986123085021973, 2.079441547393799, 1.0986123085021973, 1.0986123085021973, 2.079441547393799, 1.0986123085021973, 1.0986123085021973, 2.079441547393799, 1.0986123085021973, 2.079441547393799, 1.0986123085021973, 1.0986123085021973, 2.079441547393799, 1.0986123085021973, 1.0986123085021973, 2.079441547393799, 1.0986123085021973, 2.079441547393799, 1.0986123085021973, 1.0986123085021973, 1.0986123085021973], "y_true": [1, 1, 0, 1, 0, 0, 1, 0, 0, 1, 0, 1, 0, 0, 1, 0, 0, 1, 0, 1, 0, 0, 0], "y_pred": [0, 0, 0, 0, 0, 0, 0, 0, 0, 0, 0, 0, 0, 0, 0, 0, 0, 0, 0, 0, 0, 0, 0]}