{"ckpt": "checkpoints/Track1/G-P/binary/pipeline__GpP__mfcc__resnet__bilstm_mean__frozen_val_seed2026/best_model_2026-05-15-21.11.30.pth", "track": "Track1", "task": "binary", "subtrack": "G+P", "audio_feature": "mfcc", "video_feature": "resnet", "encoder_type": "bilstm_mean", "seed": 2026, "experiment_name": "pipeline__GpP__mfcc__resnet__bilstm_mean__frozen_val_seed2026", "val": {"acc": 0.6666666666666666, "f1": 0.4, "kappa": 0.0, "ccc": 6.52436651398905e-05, "rmse": 0.9547786075064445, "mae": 0.7042312224706014, "confusion_matrix": [[6, 0], [3, 0]], "selection_score": 0.4, "r2": -1.053771399586275, "cls_loss": 0.6845532258351644, "reg_loss": 0.9116021659639146, "loss": 1.5961554315355089}, "metric_split": "val", "test": {"acc": 0.6086956521739131, "f1": 0.3783783783783784, "kappa": 0.0, "ccc": -0.0023831819218109087, "rmse": 0.9339403288209545, "mae": 0.7783537792122882, "confusion_matrix": [[14, 0], [9, 0]], "selection_score": 0.3783783783783784, "r2": -2.3020964481476995}, "ids": [1, 6, 8, 13, 18, 24, 26, 32, 33, 35, 45, 48, 51, 59, 69, 70, 83, 86, 91, 92, 97, 106, 117], "probs": [[0.5534655451774597, 0.44653451442718506], [0.5603354573249817, 0.4396645426750183], [0.5518580675125122, 0.4481419324874878], [0.5611178278923035, 0.4388822317123413], [0.5692833065986633, 0.43071672320365906], [0.5649902820587158, 0.4350097179412842], [0.5590813755989075, 0.44091862440109253], [0.5654609799385071, 0.4345390498638153], [0.5615509152412415, 0.4384491443634033], [0.5646754503250122, 0.43532460927963257], [0.5647801160812378, 0.4352198839187622], [0.5642766952514648, 0.43572330474853516], [0.5592135787010193, 0.4407864212989807], [0.5614227652549744, 0.43857723474502563], [0.5584405660629272, 0.44155940413475037], [0.5579553246498108, 0.4420446753501892], [0.5649434328079224, 0.4350565969944], [0.5582678914070129, 0.4417320787906647], [0.5629766583442688, 0.4370233714580536], [0.5631592869758606, 0.4368407428264618], [0.5538360476493835, 0.44616395235061646], [0.5744926333427429, 0.4255073666572571], [0.5573148727416992, 0.442685067653656]], "phq_pred_log1p": [0.7260410785675049, 0.7318670749664307, 0.692715048789978, 0.6993907690048218, 0.7326381206512451, 0.7457202672958374, 0.7166199684143066, 0.7453503608703613, 0.7274534702301025, 0.7342733144760132, 0.730002760887146, 0.7283145189285278, 0.7137606143951416, 0.7212731838226318, 0.7237411737442017, 0.738166093826294, 0.7438353300094604, 0.7176626920700073, 0.7135463953018188, 0.7238765954971313, 0.7326952219009399, 0.7357926368713379, 0.7041803598403931], "phq_true_log1p": [2.5649492740631104, 2.079441547393799, 1.0986123085021973, 2.079441547393799, 1.0986123085021973, 1.0986123085021973, 2.079441547393799, 1.0986123085021973, 1.0986123085021973, 2.079441547393799, 1.0986123085021973, 2.079441547393799, 1.0986123085021973, 1.0986123085021973, 2.079441547393799, 1.0986123085021973, 1.0986123085021973, 2.079441547393799, 1.0986123085021973, 2.079441547393799, 1.0986123085021973, 1.0986123085021973, 1.0986123085021973], "y_true": [1, 1, 0, 1, 0, 0, 1, 0, 0, 1, 0, 1, 0, 0, 1, 0, 0, 1, 0, 1, 0, 0, 0], "y_pred": [0, 0, 0, 0, 0, 0, 0, 0, 0, 0, 0, 0, 0, 0, 0, 0, 0, 0, 0, 0, 0, 0, 0]}