{"ckpt": "checkpoints/Track1/A-V-P/ternary/pipeline__A_VpP__opensmile__openface__bilstm_mean__fold0_seed42/best_model_2026-05-16-00.27.07.pth", "track": "Track1", "task": "ternary", "subtrack": "A-V+P", "audio_feature": "opensmile", "video_feature": "openface", "encoder_type": "bilstm_mean", "seed": 42, "experiment_name": "pipeline__A_VpP__opensmile__openface__bilstm_mean__fold0_seed42", "val": {"acc": 0.6666666666666666, "f1": 0.26666666666666666, "kappa": 0.0, "ccc": 0.00010628669243756493, "rmse": 0.7377482165537493, "mae": 0.626817504564921, "confusion_matrix": [[12, 0, 0], [4, 0, 0], [2, 0, 0]], "selection_score": 0.26666666666666666, "r2": -0.06003114711055679, "cls_loss": 1.0767336553997464, "reg_loss": 0.544272436036004, "loss": 1.6210060914357503}, "metric_split": "val", "test": {"acc": 0.6086956521739131, "f1": 0.2522522522522523, "kappa": 0.0, "ccc": -0.005333367698575699, "rmse": 0.582005177797604, "mae": 0.43642219253208325, "confusion_matrix": [[14, 0, 0], [8, 0, 0], [1, 0, 0]], "selection_score": 0.2522522522522523, "r2": -0.28234591391738184}, "ids": [1, 6, 8, 13, 18, 24, 26, 32, 33, 35, 45, 48, 51, 59, 69, 70, 83, 86, 91, 92, 97, 106, 117], "probs": [[0.4055728614330292, 0.325595498085022, 0.26883164048194885], [0.3998030424118042, 0.328384131193161, 0.27181276679039], [0.3979599177837372, 0.3267274498939514, 0.2753126621246338], [0.4061153531074524, 0.3206636309623718, 0.27322107553482056], [0.40638667345046997, 0.31998181343078613, 0.2736315429210663], [0.4010674059391022, 0.32524022459983826, 0.27369236946105957], [0.40050920844078064, 0.33250394463539124, 0.2669868469238281], [0.40123191475868225, 0.3316136598587036, 0.26715439558029175], [0.39620441198349, 0.3287048637866974, 0.275090754032135], [0.4007757604122162, 0.32753345370292664, 0.2716907858848572], [0.39685386419296265, 0.3320414125919342, 0.2711046636104584], [0.4134765863418579, 0.32369816303253174, 0.26282525062561035], [0.4089874029159546, 0.32283222675323486, 0.26818040013313293], [0.39281317591667175, 0.3324882984161377, 0.2746984660625458], [0.4048360586166382, 0.33001238107681274, 0.2651515603065491], [0.40640464425086975, 0.32657504081726074, 0.2670203149318695], [0.39510199427604675, 0.33219999074935913, 0.27269798517227173], [0.401324599981308, 0.33077049255371094, 0.2679049074649811], [0.4071027338504791, 0.3232659101486206, 0.26963135600090027], [0.4046487808227539, 0.3281414806842804, 0.2672097682952881], [0.410393089056015, 0.3251642882823944, 0.2644426226615906], [0.4035568833351135, 0.3290359675884247, 0.2674071192741394], [0.40414848923683167, 0.32904770970344543, 0.26680389046669006]], "phq_pred_log1p": [1.2390989065170288, 1.228800654411316, 1.23819100856781, 1.246184229850769, 1.2245138883590698, 1.2074412107467651, 1.203101634979248, 1.248937964439392, 1.2634016275405884, 1.2268348932266235, 1.2356332540512085, 1.2467707395553589, 1.2402807474136353, 1.2445608377456665, 1.2229849100112915, 1.2297273874282837, 1.2197407484054565, 1.2325102090835571, 1.2182610034942627, 1.2375760078430176, 1.2266288995742798, 1.266318678855896, 1.2380260229110718], "phq_true_log1p": [2.5649492740631104, 2.079441547393799, 1.0986123085021973, 2.079441547393799, 1.0986123085021973, 1.0986123085021973, 2.079441547393799, 1.0986123085021973, 1.0986123085021973, 2.079441547393799, 1.0986123085021973, 2.079441547393799, 1.0986123085021973, 1.0986123085021973, 2.079441547393799, 1.0986123085021973, 1.0986123085021973, 2.079441547393799, 1.0986123085021973, 2.079441547393799, 1.0986123085021973, 1.0986123085021973, 1.0986123085021973], "y_true": [2, 1, 0, 1, 0, 0, 1, 0, 0, 1, 0, 1, 0, 0, 1, 0, 0, 1, 0, 1, 0, 0, 0], "y_pred": [0, 0, 0, 0, 0, 0, 0, 0, 0, 0, 0, 0, 0, 0, 0, 0, 0, 0, 0, 0, 0, 0, 0]}