{"ckpt": "checkpoints/Track2/A-V-P/binary/pipeline__A_VpP__opensmile__resnet__bilstm_mean__fold1_seed42/best_model_2026-05-16-00.40.25.pth", "track": "Track2", "task": "binary", "subtrack": "A-V+P", "audio_feature": "opensmile", "video_feature": "resnet", "encoder_type": "bilstm_mean", "seed": 42, "experiment_name": "pipeline__A_VpP__opensmile__resnet__bilstm_mean__fold1_seed42", "val": {"acc": 0.6111111111111112, "f1": 0.5785953177257526, "kappa": 0.2222222222222222, "ccc": 0.00979501160223491, "rmse": 0.8338193728313537, "mae": 0.7146203385459052, "confusion_matrix": [[3, 6], [1, 8]], "selection_score": 0.5785953177257526, "r2": -0.016041004390767277, "cls_loss": 0.6913625929090712, "reg_loss": 0.6952547331651052, "loss": 1.386617316140069}, "metric_split": "val", "test": {"acc": 0.45454545454545453, "f1": 0.37142857142857144, "kappa": -0.09090909090909083, "ccc": -0.0015937303915292927, "rmse": 0.5263657316600375, "mae": 0.4971939650448886, "confusion_matrix": [[1, 10], [2, 9]], "selection_score": 0.37142857142857144, "r2": -0.003959481024916611}, "ids": [1, 5, 7, 13, 15, 22, 28, 33, 34, 40, 42, 44, 47, 58, 74, 83, 85, 89, 90, 93, 105, 110], "probs": [[0.4956085681915283, 0.5043914318084717], [0.48736733198165894, 0.5126326680183411], [0.485795259475708, 0.514204740524292], [0.4932090640068054, 0.5067909359931946], [0.4953179955482483, 0.5046820044517517], [0.5016391277313232, 0.49836084246635437], [0.4932394027709961, 0.5067605972290039], [0.49485841393470764, 0.5051416158676147], [0.4918965995311737, 0.5081033706665039], [0.49730151891708374, 0.5026984810829163], [0.5012989044189453, 0.4987010955810547], [0.4935492277145386, 0.5064507126808167], [0.48608627915382385, 0.5139136910438538], [0.49831247329711914, 0.5016875267028809], [0.49196305871009827, 0.5080369710922241], [0.4841889441013336, 0.5158110857009888], [0.4990181028842926, 0.500981867313385], [0.49787554144859314, 0.5021244287490845], [0.500473141670227, 0.49952685832977295], [0.4976063370704651, 0.5023936629295349], [0.4898918867111206, 0.5101081132888794], [0.49906229972839355, 0.5009377002716064]], "phq_pred_log1p": [1.5816360712051392, 1.5828220844268799, 1.5488568544387817, 1.5799614191055298, 1.5755033493041992, 1.5755188465118408, 1.581857681274414, 1.588823914527893, 1.5762088298797607, 1.5607924461364746, 1.5867900848388672, 1.5556566715240479, 1.618028163909912, 1.581713080406189, 1.5835235118865967, 1.5646830797195435, 1.5517897605895996, 1.5870543718338013, 1.5709359645843506, 1.571134328842163, 1.5567845106124878, 1.5710914134979248], "phq_true_log1p": [2.4849066734313965, 1.945910096168518, 1.945910096168518, 1.945910096168518, 1.945910096168518, 1.0986123085021973, 1.0986123085021973, 1.0986123085021973, 1.945910096168518, 1.0986123085021973, 1.945910096168518, 1.0986123085021973, 1.0986123085021973, 1.0986123085021973, 2.4849066734313965, 1.0986123085021973, 2.4849066734313965, 1.945910096168518, 1.945910096168518, 1.0986123085021973, 1.0986123085021973, 1.0986123085021973], "y_true": [1, 1, 1, 1, 1, 0, 0, 0, 1, 0, 1, 0, 0, 0, 1, 0, 1, 1, 1, 0, 0, 0], "y_pred": [1, 1, 1, 1, 1, 0, 1, 1, 1, 1, 0, 1, 1, 1, 1, 1, 1, 1, 0, 1, 1, 1]}