{"ckpt": "checkpoints/Track1/A-V-P/binary/pipeline__A_VpP__mfcc__openface__bilstm_mean__fold2_seed42/best_model_2026-05-16-00.12.49.pth", "track": "Track1", "task": "binary", "subtrack": "A-V+P", "audio_feature": "mfcc", "video_feature": "openface", "encoder_type": "bilstm_mean", "seed": 42, "experiment_name": "pipeline__A_VpP__mfcc__openface__bilstm_mean__fold2_seed42", "val": {"acc": 0.7647058823529411, "f1": 0.6730769230769231, "kappa": 0.35849056603773577, "ccc": 0.11703341413633511, "rmse": 0.6522066394052076, "mae": 0.4970148521311143, "confusion_matrix": [[11, 1], [3, 2]], "selection_score": 0.6730769230769231, "r2": -0.04419183089723866, "cls_loss": 0.6514842369977165, "reg_loss": 0.42537350602009716, "loss": 1.076857749153586}, "metric_split": "val", "test": {"acc": 0.43478260869565216, "f1": 0.43047619047619046, "kappa": -0.11985018726591767, "ccc": -0.04213849568327438, "rmse": 0.6089699946662668, "mae": 0.5118788467801135, "confusion_matrix": [[6, 8], [5, 4]], "selection_score": 0.43047619047619046, "r2": -0.40392298562664175}, "ids": [1, 6, 8, 13, 18, 24, 26, 32, 33, 35, 45, 48, 51, 59, 69, 70, 83, 86, 91, 92, 97, 106, 117], "probs": [[0.30315592885017395, 0.6968441009521484], [0.5437602400779724, 0.45623978972435], [0.43347880244255066, 0.566521167755127], [0.42966410517692566, 0.570335865020752], [0.3773503303527832, 0.6226496696472168], [0.5698216557502747, 0.43017831444740295], [0.5896297097206116, 0.41037023067474365], [0.6461127996444702, 0.3538872003555298], [0.42267483472824097, 0.5773251056671143], [0.4509958326816559, 0.5490041971206665], [0.4761325418949127, 0.5238674879074097], [0.8734649419784546, 0.12653501331806183], [0.46382731199264526, 0.5361726880073547], [0.4803013801574707, 0.5196986198425293], [0.45507141947746277, 0.5449286103248596], [0.5786097049713135, 0.4213903248310089], [0.7376396656036377, 0.2623603641986847], [0.5803516507148743, 0.41964831948280334], [0.35041433572769165, 0.6495856642723083], [0.6218385100364685, 0.3781615197658539], [0.3967895209789276, 0.60321044921875], [0.5573868751525879, 0.44261306524276733], [0.7187801599502563, 0.28121984004974365]], "phq_pred_log1p": [1.8056330680847168, 1.3785016536712646, 1.5574226379394531, 1.6487473249435425, 1.6567281484603882, 1.260471224784851, 1.1911307573318481, 1.2973850965499878, 1.6066724061965942, 1.565277338027954, 1.4408577680587769, 0.44200989603996277, 1.5806423425674438, 1.4798777103424072, 1.5435636043548584, 1.3107205629348755, 0.9900967478752136, 1.3455796241760254, 1.645364761352539, 1.2345457077026367, 1.5644010305404663, 1.3960264921188354, 1.0926295518875122], "phq_true_log1p": [2.5649492740631104, 2.079441547393799, 1.0986123085021973, 2.079441547393799, 1.0986123085021973, 1.0986123085021973, 2.079441547393799, 1.0986123085021973, 1.0986123085021973, 2.079441547393799, 1.0986123085021973, 2.079441547393799, 1.0986123085021973, 1.0986123085021973, 2.079441547393799, 1.0986123085021973, 1.0986123085021973, 2.079441547393799, 1.0986123085021973, 2.079441547393799, 1.0986123085021973, 1.0986123085021973, 1.0986123085021973], "y_true": [1, 1, 0, 1, 0, 0, 1, 0, 0, 1, 0, 1, 0, 0, 1, 0, 0, 1, 0, 1, 0, 0, 0], "y_pred": [1, 0, 1, 1, 1, 0, 0, 0, 1, 1, 1, 0, 1, 1, 1, 0, 0, 0, 1, 0, 1, 0, 0]}