{"ckpt": "checkpoints/Track2/A-V-P/ternary/pipeline__A_VpP__opensmile__openface__bilstm_mean__fold4_seed42/best_model_2026-05-16-01.34.39.pth", "track": "Track2", "task": "ternary", "subtrack": "A-V+P", "audio_feature": "opensmile", "video_feature": "openface", "encoder_type": "bilstm_mean", "seed": 42, "experiment_name": "pipeline__A_VpP__opensmile__openface__bilstm_mean__fold4_seed42", "val": {"acc": 0.5294117647058824, "f1": 0.5, "kappa": 0.16049382716049398, "ccc": 0.09829760034191856, "rmse": 0.8414460439938802, "mae": 0.6036028020522174, "confusion_matrix": [[6, 2, 1], [4, 2, 0], [1, 0, 1]], "selection_score": 0.5, "r2": -0.13774506393735164, "cls_loss": 1.8441387537647695, "reg_loss": 0.7080314299639534, "loss": 2.5521701644448673}, "metric_split": "val", "test": {"acc": 0.2727272727272727, "f1": 0.27149758454106276, "kappa": -0.22648083623693394, "ccc": 0.029640174989744555, "rmse": 0.7475507849228092, "mae": 0.6475311897017739, "confusion_matrix": [[4, 5, 2], [7, 1, 0], [1, 1, 1]], "selection_score": 0.27149758454106276, "r2": -1.0249876287739572}, "ids": [1, 5, 7, 13, 15, 22, 28, 33, 34, 40, 42, 44, 47, 58, 74, 83, 85, 89, 90, 93, 105, 110], "probs": [[0.030344283208251, 0.3939600884914398, 0.5756956338882446], [0.9625263810157776, 0.0037841899320483208, 0.033689435571432114], [0.9735123515129089, 0.0033392771147191525, 0.02314838394522667], [0.5109125375747681, 0.467357337474823, 0.021730074658989906], [0.97417813539505, 0.0031986190006136894, 0.022623296827077866], [0.9554674625396729, 0.028280703350901604, 0.01625179313123226], [0.23399150371551514, 0.7415346503257751, 0.024473804980516434], [0.788385808467865, 0.008763381280004978, 0.2028508186340332], [0.8685229420661926, 0.006767085753381252, 0.12470999360084534], [0.021665500476956367, 0.9176400899887085, 0.06069443002343178], [0.9712849259376526, 0.014526763930916786, 0.01418827660381794], [0.006666871253401041, 0.8672508001327515, 0.1260824054479599], [0.4096377491950989, 0.560739278793335, 0.029622990638017654], [0.008815119974315166, 0.9613826870918274, 0.029802145436406136], [0.9641003012657166, 0.00502482196316123, 0.0308748297393322], [0.3166820704936981, 0.20893259346485138, 0.4743853807449341], [0.01786048896610737, 0.9105744361877441, 0.07156500965356827], [0.007884927093982697, 0.9517543911933899, 0.04036064073443413], [0.6069390177726746, 0.059926558285951614, 0.3331344425678253], [0.9831352233886719, 0.002228709403425455, 0.014636103995144367], [0.98907870054245, 0.002228811616078019, 0.008692482486367226], [0.056685902178287506, 0.13362886011600494, 0.809685230255127]], "phq_pred_log1p": [2.4058823585510254, 1.0717706680297852, 0.6612867712974548, 1.2369669675827026, 1.0314979553222656, 1.2304643392562866, 1.3577347993850708, 1.488141417503357, 1.154099702835083, 2.144045829772949, 1.2198070287704468, 2.2530298233032227, 1.4088687896728516, 2.030686855316162, 1.2873326539993286, 1.969355583190918, 2.0854105949401855, 2.1700258255004883, 1.8451019525527954, 0.722364068031311, 0.5979573130607605, 2.0729165077209473], "phq_true_log1p": [2.4849066734313965, 1.945910096168518, 1.945910096168518, 1.945910096168518, 1.945910096168518, 1.0986123085021973, 1.0986123085021973, 1.0986123085021973, 1.945910096168518, 1.0986123085021973, 1.945910096168518, 1.0986123085021973, 1.0986123085021973, 1.0986123085021973, 2.4849066734313965, 1.0986123085021973, 2.4849066734313965, 1.945910096168518, 1.945910096168518, 1.0986123085021973, 1.0986123085021973, 1.0986123085021973], "y_true": [2, 1, 1, 1, 1, 0, 0, 0, 1, 0, 1, 0, 0, 0, 2, 0, 2, 1, 1, 0, 0, 0], "y_pred": [2, 0, 0, 0, 0, 0, 1, 0, 0, 1, 0, 1, 1, 1, 0, 2, 1, 1, 0, 0, 0, 2]}