{"ckpt": "checkpoints/Track2/A-V-P/binary/pipeline__A_VpP__wav2vec__resnet__bilstm_mean__fold0_seed42/best_model_2026-05-16-00.50.37.pth", "track": "Track2", "task": "binary", "subtrack": "A-V+P", "audio_feature": "wav2vec", "video_feature": "resnet", "encoder_type": "bilstm_mean", "seed": 42, "experiment_name": "pipeline__A_VpP__wav2vec__resnet__bilstm_mean__fold0_seed42", "val": {"acc": 0.6666666666666666, "f1": 0.6625, "kappa": 0.33333333333333337, "ccc": 0.044833929056041624, "rmse": 0.6308552404773549, "mae": 0.4766828351550632, "confusion_matrix": [[7, 2], [4, 5]], "selection_score": 0.6625, "r2": -0.15252920199759057, "cls_loss": 0.6515988773769803, "reg_loss": 0.3979783397581842, "loss": 1.0495772030618455}, "metric_split": "val", "test": {"acc": 0.45454545454545453, "f1": 0.4358974358974359, "kappa": -0.09090909090909083, "ccc": -0.10596946269168003, "rmse": 0.6170268963942287, "mae": 0.5246876722032373, "confusion_matrix": [[7, 4], [8, 3]], "selection_score": 0.4358974358974359, "r2": -0.37958721701441833}, "ids": [1, 5, 7, 13, 15, 22, 28, 33, 34, 40, 42, 44, 47, 58, 74, 83, 85, 89, 90, 93, 105, 110], "probs": [[0.08576938509941101, 0.9142305850982666], [0.5529294610023499, 0.44707056879997253], [0.47497108578681946, 0.5250289440155029], [0.4270530939102173, 0.5729468464851379], [0.6665421724319458, 0.3334577679634094], [0.4651787579059601, 0.5348212122917175], [0.6896085739135742, 0.3103914260864258], [0.5796557068824768, 0.4203442931175232], [0.7678108811378479, 0.2321890890598297], [0.4829918444156647, 0.5170081853866577], [0.5010780692100525, 0.4989219307899475], [0.7192379832267761, 0.28076204657554626], [0.23325636982917786, 0.7667436599731445], [0.7505435347557068, 0.2494565099477768], [0.7742346525192261, 0.22576534748077393], [0.5484183430671692, 0.4515816569328308], [0.8544605374336243, 0.1455395221710205], [0.5820393562316895, 0.41796064376831055], [0.6349897980690002, 0.365010142326355], [0.5048169493675232, 0.4951830804347992], [0.23449265956878662, 0.7655073404312134], [0.6231501698493958, 0.37684985995292664]], "phq_pred_log1p": [1.9297822713851929, 1.4834848642349243, 1.5155434608459473, 1.5387928485870361, 1.333156704902649, 1.5015202760696411, 1.1824839115142822, 1.536617398262024, 1.2426931858062744, 1.5583722591400146, 1.515426516532898, 1.2464585304260254, 1.6828030347824097, 1.2087191343307495, 1.1493862867355347, 1.5081287622451782, 0.9897379279136658, 1.5011966228485107, 1.4008594751358032, 1.51386559009552, 1.8251525163650513, 1.4418021440505981], "phq_true_log1p": [2.4849066734313965, 1.945910096168518, 1.945910096168518, 1.945910096168518, 1.945910096168518, 1.0986123085021973, 1.0986123085021973, 1.0986123085021973, 1.945910096168518, 1.0986123085021973, 1.945910096168518, 1.0986123085021973, 1.0986123085021973, 1.0986123085021973, 2.4849066734313965, 1.0986123085021973, 2.4849066734313965, 1.945910096168518, 1.945910096168518, 1.0986123085021973, 1.0986123085021973, 1.0986123085021973], "y_true": [1, 1, 1, 1, 1, 0, 0, 0, 1, 0, 1, 0, 0, 0, 1, 0, 1, 1, 1, 0, 0, 0], "y_pred": [1, 0, 1, 1, 0, 1, 0, 0, 0, 1, 0, 0, 1, 0, 0, 0, 0, 0, 0, 0, 1, 0]}