{"ckpt": "checkpoints/Track1/A-V-P/ternary/pipeline__A_VpP__mfcc__openface__bilstm_mean__fold2_seed42/best_model_2026-05-16-00.20.48.pth", "track": "Track1", "task": "ternary", "subtrack": "A-V+P", "audio_feature": "mfcc", "video_feature": "openface", "encoder_type": "bilstm_mean", "seed": 42, "experiment_name": "pipeline__A_VpP__mfcc__openface__bilstm_mean__fold2_seed42", "val": {"acc": 0.7058823529411765, "f1": 0.45652173913043476, "kappa": 0.3928571428571428, "ccc": 0.03917721084454874, "rmse": 1.113325646890408, "mae": 0.7780548719798818, "confusion_matrix": [[10, 2, 0], [0, 2, 1], [1, 1, 0]], "selection_score": 0.45652173913043476, "r2": -0.7750612681731686, "cls_loss": 1.6916788338738329, "reg_loss": 1.2394939871395336, "loss": 2.9311727934023915}, "metric_split": "val", "test": {"acc": 0.34782608695652173, "f1": 0.21728395061728392, "kappa": -0.19791666666666674, "ccc": 0.028332515029101675, "rmse": 0.8677101969494464, "mae": 0.6841095731310223, "confusion_matrix": [[7, 5, 2], [6, 1, 1], [0, 1, 0]], "selection_score": 0.21728395061728392, "r2": -1.8503677644337557}, "ids": [1, 6, 8, 13, 18, 24, 26, 32, 33, 35, 45, 48, 51, 59, 69, 70, 83, 86, 91, 92, 97, 106, 117], "probs": [[0.02043655514717102, 0.5309485793113708, 0.4486148953437805], [0.2585901916027069, 0.6475418210029602, 0.09386798739433289], [0.03898448497056961, 0.68852698802948, 0.27248847484588623], [0.5013836026191711, 0.1881997436285019, 0.31041669845581055], [0.05585883930325508, 0.8619207739830017, 0.08222039043903351], [0.5068115592002869, 0.47230014204978943, 0.020888300612568855], [0.7421865463256836, 0.2335597574710846, 0.024253711104393005], [0.9460546374320984, 0.04894385486841202, 0.00500155333429575], [0.01463779155164957, 0.21932078897953033, 0.7660415172576904], [0.753728449344635, 0.21020758152008057, 0.03606395050883293], [0.3775757849216461, 0.5540226697921753, 0.0684015229344368], [0.9930516481399536, 0.00536592910066247, 0.0015823694411665201], [0.4180009067058563, 0.5336364507675171, 0.04836262762546539], [0.12403110414743423, 0.7257113456726074, 0.15025755763053894], [0.06166863813996315, 0.4638073444366455, 0.47452396154403687], [0.9182015061378479, 0.07804477214813232, 0.00375375896692276], [0.9848241209983826, 0.012769749388098717, 0.0024060728028416634], [0.9529188871383667, 0.04099027439951897, 0.006090804468840361], [0.020669760182499886, 0.22527074813842773, 0.7540594339370728], [0.7663037776947021, 0.2231343388557434, 0.010561853647232056], [0.6308526396751404, 0.34809836745262146, 0.0210490170866251], [0.9775460362434387, 0.016184763982892036, 0.006269164849072695], [0.9918083548545837, 0.006103157997131348, 0.0020885132253170013]], "phq_pred_log1p": [2.6297338008880615, 2.0972883701324463, 2.376706600189209, 2.0623655319213867, 2.1996910572052, 1.6239200830459595, 1.4700188636779785, 1.2354350090026855, 2.740705728530884, 1.6494754552841187, 2.0513627529144287, 0.23806436359882355, 2.0074350833892822, 2.2283849716186523, 2.6022098064422607, 1.1266505718231201, 0.783105194568634, 1.305251955986023, 2.7172844409942627, 1.4660266637802124, 1.614361047744751, 1.2953604459762573, 0.6043953895568848], "phq_true_log1p": [2.5649492740631104, 2.079441547393799, 1.0986123085021973, 2.079441547393799, 1.0986123085021973, 1.0986123085021973, 2.079441547393799, 1.0986123085021973, 1.0986123085021973, 2.079441547393799, 1.0986123085021973, 2.079441547393799, 1.0986123085021973, 1.0986123085021973, 2.079441547393799, 1.0986123085021973, 1.0986123085021973, 2.079441547393799, 1.0986123085021973, 2.079441547393799, 1.0986123085021973, 1.0986123085021973, 1.0986123085021973], "y_true": [2, 1, 0, 1, 0, 0, 1, 0, 0, 1, 0, 1, 0, 0, 1, 0, 0, 1, 0, 1, 0, 0, 0], "y_pred": [1, 1, 1, 0, 1, 0, 0, 0, 2, 0, 1, 0, 1, 1, 2, 0, 0, 0, 2, 0, 0, 0, 0]}