{"ckpt": "checkpoints/Track1/A-V-G+P/ternary/pipeline__A_V_GpP__wav2vec__openface__bilstm_mean__fold3_seed42/best_model_2026-05-16-00.33.00.pth", "track": "Track1", "task": "ternary", "subtrack": "A-V-G+P", "audio_feature": "wav2vec", "video_feature": "openface", "encoder_type": "bilstm_mean", "seed": 42, "experiment_name": "pipeline__A_V_GpP__wav2vec__openface__bilstm_mean__fold3_seed42", "val": {"acc": 0.5882352941176471, "f1": 0.37333333333333335, "kappa": 0.03252032520325199, "ccc": -0.2427886696533893, "rmse": 1.047975930649586, "mae": 0.809298879960004, "confusion_matrix": [[9, 1, 2], [2, 1, 0], [2, 0, 0]], "selection_score": 0.37333333333333335, "r2": -0.9183767976825834, "cls_loss": 1.3341968865955578, "reg_loss": 1.0982535179047024, "loss": 2.4324503628646625}, "metric_split": "val", "test": {"acc": 0.4782608695652174, "f1": 0.2663358147229115, "kappa": -0.10399999999999987, "ccc": -0.07697053123364923, "rmse": 0.6827080999592798, "mae": 0.560868475748145, "confusion_matrix": [[10, 3, 1], [7, 1, 0], [0, 1, 0]], "selection_score": 0.2663358147229115, "r2": -0.7644997724038671}, "ids": [1, 6, 8, 13, 18, 24, 26, 32, 33, 35, 45, 48, 51, 59, 69, 70, 83, 86, 91, 92, 97, 106, 117], "probs": [[0.3091610372066498, 0.4761102795600891, 0.21472865343093872], [0.43492355942726135, 0.3994694948196411, 0.16560699045658112], [0.49455106258392334, 0.3620070517063141, 0.14344188570976257], [0.3749750554561615, 0.3710184097290039, 0.254006564617157], [0.48657605051994324, 0.36566832661628723, 0.1477556824684143], [0.708581805229187, 0.21833665668964386, 0.07308154553174973], [0.7038164138793945, 0.21347320079803467, 0.08271040767431259], [0.628259539604187, 0.2796047627925873, 0.09213567525148392], [0.48502638936042786, 0.3467664122581482, 0.16820716857910156], [0.6951740384101868, 0.21974247694015503, 0.08508357405662537], [0.4943428635597229, 0.3266654908657074, 0.1789916604757309], [0.7982186675071716, 0.14144517481327057, 0.060336142778396606], [0.34848764538764954, 0.42497318983078003, 0.22653917968273163], [0.4091469645500183, 0.4309765696525574, 0.1598764806985855], [0.3314555883407593, 0.3932623267173767, 0.27528202533721924], [0.4909180998802185, 0.33623841404914856, 0.17284348607063293], [0.7310023903846741, 0.1961660534143448, 0.07283153384923935], [0.640889585018158, 0.24811916053295135, 0.11099126935005188], [0.2939266860485077, 0.3395042419433594, 0.36656904220581055], [0.6187009811401367, 0.28313836455345154, 0.09816072136163712], [0.3587425947189331, 0.39054074883461, 0.2507166862487793], [0.5684307813644409, 0.3198038637638092, 0.11176539957523346], [0.4457656443119049, 0.3187810778617859, 0.2354532927274704]], "phq_pred_log1p": [1.7912917137145996, 1.5944762229919434, 1.429290771484375, 1.7744001150131226, 1.4463918209075928, 0.8354271650314331, 0.8499531745910645, 1.0512608289718628, 1.1123833656311035, 0.8778132200241089, 1.5917718410491943, 0.6852810382843018, 1.7585195302963257, 1.3818025588989258, 1.9465711116790771, 1.499936819076538, 0.8892730474472046, 1.114582896232605, 1.9915916919708252, 1.0778292417526245, 1.7318669557571411, 1.2627482414245605, 1.7702479362487793], "phq_true_log1p": [2.5649492740631104, 2.079441547393799, 1.0986123085021973, 2.079441547393799, 1.0986123085021973, 1.0986123085021973, 2.079441547393799, 1.0986123085021973, 1.0986123085021973, 2.079441547393799, 1.0986123085021973, 2.079441547393799, 1.0986123085021973, 1.0986123085021973, 2.079441547393799, 1.0986123085021973, 1.0986123085021973, 2.079441547393799, 1.0986123085021973, 2.079441547393799, 1.0986123085021973, 1.0986123085021973, 1.0986123085021973], "y_true": [2, 1, 0, 1, 0, 0, 1, 0, 0, 1, 0, 1, 0, 0, 1, 0, 0, 1, 0, 1, 0, 0, 0], "y_pred": [1, 0, 0, 0, 0, 0, 0, 0, 0, 0, 0, 0, 1, 1, 1, 0, 0, 0, 2, 0, 1, 0, 0]}