{"ckpt": "checkpoints/Track2/A-V-G+P/binary/pipeline__A_V_GpP__mfcc__resnet__bilstm_mean__fold4_seed42/best_model_2026-05-16-00.56.23.pth", "track": "Track2", "task": "binary", "subtrack": "A-V-G+P", "audio_feature": "mfcc", "video_feature": "resnet", "encoder_type": "bilstm_mean", "seed": 42, "experiment_name": "pipeline__A_V_GpP__mfcc__resnet__bilstm_mean__fold4_seed42", "val": {"acc": 0.5882352941176471, "f1": 0.5641025641025641, "kappa": 0.15602836879432636, "ccc": -0.00016058896907948474, "rmse": 0.6820261837576843, "mae": 0.5551361266304465, "confusion_matrix": [[7, 2], [5, 3]], "selection_score": 0.5641025641025641, "r2": -0.000983423547372686, "cls_loss": 0.6949364402714897, "reg_loss": 0.46515972824657664, "loss": 1.1600961755303776}, "metric_split": "val", "test": {"acc": 0.5, "f1": 0.47276688453159044, "kappa": 0.0, "ccc": 0.0033597733903083455, "rmse": 0.5249777625581195, "mae": 0.49645518172870984, "confusion_matrix": [[8, 3], [8, 3]], "selection_score": 0.47276688453159044, "r2": 0.001328201847149324}, "ids": [1, 5, 7, 13, 15, 22, 28, 33, 34, 40, 42, 44, 47, 58, 74, 83, 85, 89, 90, 93, 105, 110], "probs": [[0.4948316514492035, 0.5051683783531189], [0.5074049830436707, 0.49259498715400696], [0.5108247399330139, 0.4891752600669861], [0.49411436915397644, 0.505885660648346], [0.5118855237960815, 0.48811450600624084], [0.503082811832428, 0.49691715836524963], [0.49988853931427, 0.50011146068573], [0.5091232061386108, 0.4908767640590668], [0.5157846808433533, 0.48421531915664673], [0.5028102993965149, 0.4971897006034851], [0.5127973556518555, 0.48720264434814453], [0.505116879940033, 0.4948831796646118], [0.5079972147941589, 0.49200278520584106], [0.502900242805481, 0.49709978699684143], [0.5069062113761902, 0.4930938482284546], [0.49941307306289673, 0.500586986541748], [0.4999532401561737, 0.5000467896461487], [0.5075775980949402, 0.4924224317073822], [0.513042688369751, 0.48695728182792664], [0.5096781253814697, 0.4903218150138855], [0.5116115212440491, 0.48838841915130615], [0.49911272525787354, 0.5008872747421265]], "phq_pred_log1p": [1.5901392698287964, 1.5710254907608032, 1.5484322309494019, 1.5912683010101318, 1.5966079235076904, 1.6004586219787598, 1.576332449913025, 1.5760618448257446, 1.5693572759628296, 1.5743637084960938, 1.597914218902588, 1.5911972522735596, 1.554076910018921, 1.5680005550384521, 1.5822865962982178, 1.5538161993026733, 1.5672677755355835, 1.5902578830718994, 1.5563762187957764, 1.5850021839141846, 1.5724809169769287, 1.5938911437988281], "phq_true_log1p": [2.4849066734313965, 1.945910096168518, 1.945910096168518, 1.945910096168518, 1.945910096168518, 1.0986123085021973, 1.0986123085021973, 1.0986123085021973, 1.945910096168518, 1.0986123085021973, 1.945910096168518, 1.0986123085021973, 1.0986123085021973, 1.0986123085021973, 2.4849066734313965, 1.0986123085021973, 2.4849066734313965, 1.945910096168518, 1.945910096168518, 1.0986123085021973, 1.0986123085021973, 1.0986123085021973], "y_true": [1, 1, 1, 1, 1, 0, 0, 0, 1, 0, 1, 0, 0, 0, 1, 0, 1, 1, 1, 0, 0, 0], "y_pred": [1, 0, 0, 1, 0, 0, 1, 0, 0, 0, 0, 0, 0, 0, 0, 1, 1, 0, 0, 0, 0, 1]}