{"ckpt": "checkpoints/Track1/A-V-G+P/ternary/pipeline__A_V_GpP__wav2vec__openface__bilstm_mean__frozen_val_seed42/best_model_2026-05-15-22.46.08.pth", "track": "Track1", "task": "ternary", "subtrack": "A-V-G+P", "audio_feature": "wav2vec", "video_feature": "openface", "encoder_type": "bilstm_mean", "seed": 42, "experiment_name": "pipeline__A_V_GpP__wav2vec__openface__bilstm_mean__frozen_val_seed42", "val": {"acc": 0.6666666666666666, "f1": 0.43636363636363634, "kappa": 0.38636363636363635, "ccc": 0.39429751505943317, "rmse": 0.7307893896973661, "mae": 0.5752467844221327, "confusion_matrix": [[5, 1, 0], [0, 1, 1], [0, 1, 0]], "selection_score": 0.43636363636363634, "r2": 0.10279601177066633, "cls_loss": 2.1862292289733887, "reg_loss": 0.5340531348354287, "loss": 2.720282448662652}, "metric_split": "val", "test": {"acc": 0.4782608695652174, "f1": 0.2976190476190476, "kappa": -0.02985074626865658, "ccc": 0.3039309735351543, "rmse": 0.5792764944373928, "mae": 0.40295611516289087, "confusion_matrix": [[9, 5, 0], [5, 2, 1], [0, 1, 0]], "selection_score": 0.2976190476190476, "r2": -0.270349755010316}, "ids": [1, 6, 8, 13, 18, 24, 26, 32, 33, 35, 45, 48, 51, 59, 69, 70, 83, 86, 91, 92, 97, 106, 117], "probs": [[0.010879638604819775, 0.6877865195274353, 0.30133387446403503], [0.03632589802145958, 0.9423391819000244, 0.021334927529096603], [0.3041410446166992, 0.6789108514785767, 0.016948159784078598], [0.03080356866121292, 0.4219890832901001, 0.5472073554992676], [0.211435005068779, 0.7792208790779114, 0.009344102814793587], [0.9770838618278503, 0.022107381373643875, 0.0008087256574071944], [0.8196930885314941, 0.14199450612068176, 0.038312364369630814], [0.9715397953987122, 0.0278546791523695, 0.0006055191624909639], [0.11775318533182144, 0.4498033821582794, 0.43244343996047974], [0.9332757592201233, 0.06444332748651505, 0.0022809163201600313], [0.9203134179115295, 0.07614335417747498, 0.0035432258155196905], [0.9951790571212769, 0.004309582989662886, 0.000511312682647258], [0.4178900420665741, 0.5767536163330078, 0.005356329493224621], [0.251397043466568, 0.7411923408508301, 0.007410580292344093], [0.2800410985946655, 0.45686396956443787, 0.263094961643219], [0.9700213670730591, 0.029394788667559624, 0.0005838529323227704], [0.9840691685676575, 0.014691133983433247, 0.0012397925602272153], [0.9536885023117065, 0.042546387761831284, 0.003765163477510214], [0.4923458397388458, 0.0437474325299263, 0.46390676498413086], [0.8315325975418091, 0.16683265566825867, 0.0016348243225365877], [0.9787695407867432, 0.018704840913414955, 0.0025256245862692595], [0.8732396960258484, 0.12383688241243362, 0.0029233801178634167], [0.9870656728744507, 0.011787429451942444, 0.0011468569282442331]], "phq_pred_log1p": [2.11226224899292, 1.9964584112167358, 1.647133469581604, 1.8908125162124634, 1.1345642805099487, 1.0752345323562622, 1.1565219163894653, 0.7092395424842834, 1.3130255937576294, 0.6411346793174744, 1.5772417783737183, 0.8968623280525208, 1.1274908781051636, 1.1940244436264038, 2.140305995941162, 0.8136025667190552, 1.1402599811553955, 1.0986558198928833, 1.8872077465057373, 1.228958010673523, 1.0982184410095215, 1.2235523462295532, 1.151220440864563], "phq_true_log1p": [2.5649492740631104, 2.079441547393799, 1.0986123085021973, 2.079441547393799, 1.0986123085021973, 1.0986123085021973, 2.079441547393799, 1.0986123085021973, 1.0986123085021973, 2.079441547393799, 1.0986123085021973, 2.079441547393799, 1.0986123085021973, 1.0986123085021973, 2.079441547393799, 1.0986123085021973, 1.0986123085021973, 2.079441547393799, 1.0986123085021973, 2.079441547393799, 1.0986123085021973, 1.0986123085021973, 1.0986123085021973], "y_true": [2, 1, 0, 1, 0, 0, 1, 0, 0, 1, 0, 1, 0, 0, 1, 0, 0, 1, 0, 1, 0, 0, 0], "y_pred": [1, 1, 1, 2, 1, 0, 0, 0, 1, 0, 0, 0, 1, 1, 1, 0, 0, 0, 0, 0, 0, 0, 0]}