{"ckpt": "checkpoints/Track2/A-V-G+P/ternary/pipeline__A_V_GpP__wav2vec__openface__bilstm_mean__frozen_val_seed3407/best_model_2026-05-15-23.26.52.pth", "track": "Track2", "task": "ternary", "subtrack": "A-V-G+P", "audio_feature": "wav2vec", "video_feature": "openface", "encoder_type": "bilstm_mean", "seed": 3407, "experiment_name": "pipeline__A_V_GpP__wav2vec__openface__bilstm_mean__frozen_val_seed3407", "val": {"acc": 0.4444444444444444, "f1": 0.29523809523809524, "kappa": 0.09999999999999998, "ccc": -0.017016304927356136, "rmse": 0.5050046200089292, "mae": 0.4162345329920451, "confusion_matrix": [[1, 4, 0], [0, 3, 0], [1, 0, 0]], "selection_score": 0.29523809523809524, "r2": -0.038329773931879085, "cls_loss": 1.0975841217570834, "reg_loss": 0.25502966675493455, "loss": 1.352613753742642}, "metric_split": "val", "test": {"acc": 0.2727272727272727, "f1": 0.1900161030595813, "kappa": -0.22648083623693394, "ccc": 0.014102221935883529, "rmse": 0.5226707387244233, "mae": 0.49430877512151544, "confusion_matrix": [[2, 9, 0], [4, 4, 0], [1, 2, 0]], "selection_score": 0.1900161030595813, "r2": 0.010086276604391209}, "ids": [1, 5, 7, 13, 15, 22, 28, 33, 34, 40, 42, 44, 47, 58, 74, 83, 85, 89, 90, 93, 105, 110], "probs": [[0.39673733711242676, 0.3909203112125397, 0.2123422622680664], [0.3938247859477997, 0.394470751285553, 0.21170444786548615], [0.4042210876941681, 0.3971828818321228, 0.1985960751771927], [0.391719788312912, 0.4083794057369232, 0.199900820851326], [0.40117430686950684, 0.40090304613113403, 0.19792266190052032], [0.38864874839782715, 0.4084837734699249, 0.20286743342876434], [0.3811030387878418, 0.40813493728637695, 0.21076206862926483], [0.40340766310691833, 0.39244818687438965, 0.20414415001869202], [0.40264248847961426, 0.39070993661880493, 0.2066476047039032], [0.3900768458843231, 0.40822798013687134, 0.2016952484846115], [0.39419984817504883, 0.4056870937347412, 0.20011307299137115], [0.3884347379207611, 0.40576425194740295, 0.20580102503299713], [0.3861728608608246, 0.4075905382633209, 0.20623652637004852], [0.39160260558128357, 0.407781183719635, 0.20061619579792023], [0.39194464683532715, 0.4035191833972931, 0.20453616976737976], [0.384090393781662, 0.40989112854003906, 0.20601846277713776], [0.3883192241191864, 0.41206660866737366, 0.19961421191692352], [0.3863018751144409, 0.4053509533405304, 0.20834718644618988], [0.3971380889415741, 0.39618226885795593, 0.20667970180511475], [0.4021006226539612, 0.40519821643829346, 0.19270114600658417], [0.39941614866256714, 0.3996484875679016, 0.20093539357185364], [0.4029129147529602, 0.39370617270469666, 0.20338095724582672]], "phq_pred_log1p": [1.5809818506240845, 1.5399152040481567, 1.5540075302124023, 1.5778142213821411, 1.5676289796829224, 1.5705879926681519, 1.5786982774734497, 1.5642945766448975, 1.5400184392929077, 1.5601766109466553, 1.5811024904251099, 1.5760077238082886, 1.5704001188278198, 1.546409249305725, 1.570786714553833, 1.5393682718276978, 1.5764375925064087, 1.6008459329605103, 1.5660887956619263, 1.5533727407455444, 1.5701524019241333, 1.5636874437332153], "phq_true_log1p": [2.4849066734313965, 1.945910096168518, 1.945910096168518, 1.945910096168518, 1.945910096168518, 1.0986123085021973, 1.0986123085021973, 1.0986123085021973, 1.945910096168518, 1.0986123085021973, 1.945910096168518, 1.0986123085021973, 1.0986123085021973, 1.0986123085021973, 2.4849066734313965, 1.0986123085021973, 2.4849066734313965, 1.945910096168518, 1.945910096168518, 1.0986123085021973, 1.0986123085021973, 1.0986123085021973], "y_true": [2, 1, 1, 1, 1, 0, 0, 0, 1, 0, 1, 0, 0, 0, 2, 0, 2, 1, 1, 0, 0, 0], "y_pred": [0, 1, 0, 1, 0, 1, 1, 0, 0, 1, 1, 1, 1, 1, 1, 1, 1, 1, 0, 1, 1, 0]}