{"ckpt": "checkpoints/Track1/A-V-P/binary/pipeline__A_VpP__mfcc__openface__bilstm_mean__frozen_val_seed42/best_model_2026-05-15-21.11.30.pth", "track": "Track1", "task": "binary", "subtrack": "A-V+P", "audio_feature": "mfcc", "video_feature": "openface", "encoder_type": "bilstm_mean", "seed": 42, "experiment_name": "pipeline__A_VpP__mfcc__openface__bilstm_mean__frozen_val_seed42", "val": {"acc": 0.6666666666666666, "f1": 0.4, "kappa": 0.0, "ccc": 0.024497234700577644, "rmse": 0.7199257637625732, "mae": 0.4972701072692871, "confusion_matrix": [[6, 0], [3, 0]], "selection_score": 0.4, "r2": -0.16767551543994252, "cls_loss": 0.6774038738674588, "reg_loss": 0.5182931009266112, "loss": 1.1956970161861844}, "metric_split": "val", "test": {"acc": 0.6086956521739131, "f1": 0.3783783783783784, "kappa": 0.0, "ccc": 0.0019122657834017111, "rmse": 0.6393805908619935, "mae": 0.4112129263255907, "confusion_matrix": [[14, 0], [9, 0]], "selection_score": 0.3783783783783784, "r2": -0.5476415927143001}, "ids": [1, 6, 8, 13, 18, 24, 26, 32, 33, 35, 45, 48, 51, 59, 69, 70, 83, 86, 91, 92, 97, 106, 117], "probs": [[0.5576615929603577, 0.4423384368419647], [0.5661964416503906, 0.43380358815193176], [0.5552493929862976, 0.4447506070137024], [0.5627924799919128, 0.43720752000808716], [0.5641164183616638, 0.4358835816383362], [0.565881609916687, 0.434118390083313], [0.5671152472496033, 0.43288475275039673], [0.5827505588531494, 0.4172494411468506], [0.563275933265686, 0.4367240369319916], [0.5746983289718628, 0.4253016412258148], [0.5634318590164185, 0.43656817078590393], [0.5659242272377014, 0.4340757131576538], [0.5628142356872559, 0.43718579411506653], [0.5561306476593018, 0.44386935234069824], [0.5638232231140137, 0.43617674708366394], [0.560714602470398, 0.4392853379249573], [0.5598933696746826, 0.440106600522995], [0.566264271736145, 0.433735728263855], [0.5647569298744202, 0.43524307012557983], [0.5612940192222595, 0.4387059211730957], [0.5619885921478271, 0.43801137804985046], [0.5581234097480774, 0.4418766498565674], [0.56988924741745, 0.43011072278022766]], "phq_pred_log1p": [1.129381775856018, 1.0966291427612305, 1.1216785907745361, 1.1463422775268555, 1.1143739223480225, 1.0799908638000488, 1.12589693069458, 1.1309921741485596, 1.1310744285583496, 1.1172959804534912, 1.1080105304718018, 1.134093999862671, 1.13783597946167, 1.1313469409942627, 1.0998387336730957, 1.1352488994598389, 1.1110719442367554, 1.1266679763793945, 1.1210217475891113, 1.1316540241241455, 1.1200379133224487, 1.1367404460906982, 1.1291215419769287], "phq_true_log1p": [2.5649492740631104, 2.079441547393799, 1.0986123085021973, 2.079441547393799, 1.0986123085021973, 1.0986123085021973, 2.079441547393799, 1.0986123085021973, 1.0986123085021973, 2.079441547393799, 1.0986123085021973, 2.079441547393799, 1.0986123085021973, 1.0986123085021973, 2.079441547393799, 1.0986123085021973, 1.0986123085021973, 2.079441547393799, 1.0986123085021973, 2.079441547393799, 1.0986123085021973, 1.0986123085021973, 1.0986123085021973], "y_true": [1, 1, 0, 1, 0, 0, 1, 0, 0, 1, 0, 1, 0, 0, 1, 0, 0, 1, 0, 1, 0, 0, 0], "y_pred": [0, 0, 0, 0, 0, 0, 0, 0, 0, 0, 0, 0, 0, 0, 0, 0, 0, 0, 0, 0, 0, 0, 0]}