{"ckpt": "checkpoints/Track2/A-V-P/ternary/pipeline__A_VpP__opensmile__openface__bilstm_mean__fold2_seed42/best_model_2026-05-16-01.29.33.pth", "track": "Track2", "task": "ternary", "subtrack": "A-V+P", "audio_feature": "opensmile", "video_feature": "openface", "encoder_type": "bilstm_mean", "seed": 42, "experiment_name": "pipeline__A_VpP__opensmile__openface__bilstm_mean__fold2_seed42", "val": {"acc": 0.6666666666666666, "f1": 0.47222222222222215, "kappa": 0.4, "ccc": -0.0009939251360778613, "rmse": 0.6845889028554328, "mae": 0.5159613622559441, "confusion_matrix": [[6, 3, 0], [1, 6, 0], [2, 0, 0]], "selection_score": 0.47222222222222215, "r2": -0.22835263456738453, "cls_loss": 1.005649083190494, "reg_loss": 0.46866196393966675, "loss": 1.4743110206392076}, "metric_split": "val", "test": {"acc": 0.3181818181818182, "f1": 0.22698412698412698, "kappa": -0.18705035971223016, "ccc": -0.01042892707142329, "rmse": 0.8219386519320749, "mae": 0.70518482002345, "confusion_matrix": [[4, 7, 0], [5, 3, 0], [1, 2, 0]], "selection_score": 0.22698412698412698, "r2": -1.4480471501729388}, "ids": [1, 5, 7, 13, 15, 22, 28, 33, 34, 40, 42, 44, 47, 58, 74, 83, 85, 89, 90, 93, 105, 110], "probs": [[0.38885295391082764, 0.3256283402442932, 0.28551867604255676], [0.7850863337516785, 0.0866822600364685, 0.12823136150836945], [0.8074482083320618, 0.08320184051990509, 0.10934992879629135], [0.17454387247562408, 0.6909469366073608, 0.13450917601585388], [0.7631814479827881, 0.092347152531147, 0.1444714367389679], [0.2884637415409088, 0.5267047882080078, 0.184831440448761], [0.3337176442146301, 0.5255368947982788, 0.14074546098709106], [0.6965714693069458, 0.0946512445807457, 0.20877723395824432], [0.7623921632766724, 0.07594234496355057, 0.16166552901268005], [0.22623927891254425, 0.6183368563652039, 0.15542379021644592], [0.36775219440460205, 0.49013420939445496, 0.14211362600326538], [0.0926036387681961, 0.7501392364501953, 0.15725715458393097], [0.23824016749858856, 0.5642731189727783, 0.19748669862747192], [0.2799844443798065, 0.5517233610153198, 0.16829222440719604], [0.3379872739315033, 0.4920726716518402, 0.1699400097131729], [0.13893568515777588, 0.6705824136734009, 0.19048188626766205], [0.11229661107063293, 0.7314001321792603, 0.156303271651268], [0.11771201342344284, 0.7369950413703918, 0.14529292285442352], [0.47286877036094666, 0.3009273409843445, 0.2262038290500641], [0.796391487121582, 0.0889986902475357, 0.11460985243320465], [0.6956057548522949, 0.1754966825246811, 0.128897562623024], [0.7026396989822388, 0.08585065603256226, 0.21150963008403778]], "phq_pred_log1p": [1.6425156593322754, 0.6053841710090637, 0.2885212302207947, 1.742519497871399, 0.7663224339485168, 1.6900156736373901, 1.4947493076324463, 0.9442819356918335, 0.5039237141609192, 1.7802966833114624, 1.4082121849060059, 2.220057249069214, 1.7398576736450195, 1.7240813970565796, 1.4740768671035767, 1.968154788017273, 2.0606749057769775, 2.032302141189575, 1.4705806970596313, 0.5113885998725891, 0.839503288269043, 0.7118873596191406], "phq_true_log1p": [2.4849066734313965, 1.945910096168518, 1.945910096168518, 1.945910096168518, 1.945910096168518, 1.0986123085021973, 1.0986123085021973, 1.0986123085021973, 1.945910096168518, 1.0986123085021973, 1.945910096168518, 1.0986123085021973, 1.0986123085021973, 1.0986123085021973, 2.4849066734313965, 1.0986123085021973, 2.4849066734313965, 1.945910096168518, 1.945910096168518, 1.0986123085021973, 1.0986123085021973, 1.0986123085021973], "y_true": [2, 1, 1, 1, 1, 0, 0, 0, 1, 0, 1, 0, 0, 0, 2, 0, 2, 1, 1, 0, 0, 0], "y_pred": [0, 0, 0, 1, 0, 1, 1, 0, 0, 1, 1, 1, 1, 1, 1, 1, 1, 1, 0, 0, 0, 0]}