{"ckpt": "checkpoints/Track2/G-P/ternary/pipeline__GpP__mfcc__resnet__bilstm_mean__frozen_val_seed3407/best_model_2026-05-15-22.54.10.pth", "track": "Track2", "task": "ternary", "subtrack": "G+P", "audio_feature": "mfcc", "video_feature": "resnet", "encoder_type": "bilstm_mean", "seed": 3407, "experiment_name": "pipeline__GpP__mfcc__resnet__bilstm_mean__frozen_val_seed3407", "val": {"acc": 0.4444444444444444, "f1": 0.29523809523809524, "kappa": -0.022727272727272707, "ccc": -0.02789337056037988, "rmse": 0.5175601427671315, "mae": 0.43578676382700604, "confusion_matrix": [[3, 2, 0], [2, 1, 0], [0, 1, 0]], "selection_score": 0.29523809523809524, "r2": -0.09060190758870124, "cls_loss": 1.1200253433651395, "reg_loss": 0.2678684956497616, "loss": 1.3878938224580553}, "metric_split": "val", "test": {"acc": 0.5909090909090909, "f1": 0.41269841269841273, "kappa": 0.2384615384615385, "ccc": -0.02696799191629097, "rmse": 0.5387199657839669, "mae": 0.4994436935944991, "confusion_matrix": [[9, 2, 0], [4, 4, 0], [3, 0, 0]], "selection_score": 0.41269841269841273, "r2": -0.051640041390283775}, "ids": [1, 5, 7, 13, 15, 22, 28, 33, 34, 40, 42, 44, 47, 58, 74, 83, 85, 89, 90, 93, 105, 110], "probs": [[0.4419771432876587, 0.33119142055511475, 0.22683142125606537], [0.43684983253479004, 0.3343746066093445, 0.22877557575702667], [0.3772341012954712, 0.416898250579834, 0.20586761832237244], [0.3817470967769623, 0.40714597702026367, 0.21110685169696808], [0.3862077593803406, 0.40792036056518555, 0.20587193965911865], [0.41663676500320435, 0.3584623336791992, 0.22490084171295166], [0.4163377583026886, 0.37005218863487244, 0.21361006796360016], [0.3851470947265625, 0.41093534231185913, 0.20391753315925598], [0.4081125557422638, 0.3811047375202179, 0.2107827365398407], [0.4007508456707001, 0.3847544491291046, 0.2144947201013565], [0.3905799388885498, 0.40896666049957275, 0.20045344531536102], [0.4097222089767456, 0.3857465982437134, 0.2045312076807022], [0.4111312925815582, 0.3734555244445801, 0.21541312336921692], [0.4138157069683075, 0.3711080253124237, 0.2150762677192688], [0.42137014865875244, 0.36199790239334106, 0.2166319638490677], [0.4087755084037781, 0.37598517537117004, 0.2152392715215683], [0.4298036992549896, 0.3621250092983246, 0.2080712914466858], [0.4128633141517639, 0.3792237341403961, 0.20791299641132355], [0.4254232943058014, 0.36078140139579773, 0.21379531919956207], [0.39625948667526245, 0.40533941984176636, 0.19840113818645477], [0.42857274413108826, 0.37157726287841797, 0.19984999299049377], [0.4185849130153656, 0.3738771378993988, 0.2075379341840744]], "phq_pred_log1p": [1.4340633153915405, 1.434726595878601, 1.5776851177215576, 1.5543445348739624, 1.5580122470855713, 1.4882980585098267, 1.5090103149414062, 1.5642949342727661, 1.5259894132614136, 1.5251387357711792, 1.5696370601654053, 1.542312741279602, 1.5085724592208862, 1.5190600156784058, 1.5145111083984375, 1.5315717458724976, 1.5066123008728027, 1.5403012037277222, 1.5193158388137817, 1.581131100654602, 1.5185500383377075, 1.497754454612732], "phq_true_log1p": [2.4849066734313965, 1.945910096168518, 1.945910096168518, 1.945910096168518, 1.945910096168518, 1.0986123085021973, 1.0986123085021973, 1.0986123085021973, 1.945910096168518, 1.0986123085021973, 1.945910096168518, 1.0986123085021973, 1.0986123085021973, 1.0986123085021973, 2.4849066734313965, 1.0986123085021973, 2.4849066734313965, 1.945910096168518, 1.945910096168518, 1.0986123085021973, 1.0986123085021973, 1.0986123085021973], "y_true": [2, 1, 1, 1, 1, 0, 0, 0, 1, 0, 1, 0, 0, 0, 2, 0, 2, 1, 1, 0, 0, 0], "y_pred": [0, 0, 1, 1, 1, 0, 0, 1, 0, 0, 1, 0, 0, 0, 0, 0, 0, 0, 0, 1, 0, 0]}