{"ckpt": "checkpoints/Track1/A-V-P/ternary/pipeline__A_VpP__wav2vec__openface__bilstm_mean__frozen_val_seed42/best_model_2026-05-15-22.38.12.pth", "track": "Track1", "task": "ternary", "subtrack": "A-V+P", "audio_feature": "wav2vec", "video_feature": "openface", "encoder_type": "bilstm_mean", "seed": 42, "experiment_name": "pipeline__A_VpP__wav2vec__openface__bilstm_mean__frozen_val_seed42", "val": {"acc": 0.6666666666666666, "f1": 0.43636363636363634, "kappa": 0.38636363636363635, "ccc": 0.630759095051214, "rmse": 0.5802181811601625, "mae": 0.5040248301294115, "confusion_matrix": [[5, 1, 0], [0, 1, 1], [0, 1, 0]], "selection_score": 0.43636363636363634, "r2": 0.43442605297773174, "cls_loss": 1.5512122578091092, "reg_loss": 0.3366531572408146, "loss": 1.887865490383572}, "metric_split": "val", "test": {"acc": 0.5217391304347826, "f1": 0.33928571428571425, "kappa": 0.05597014925373156, "ccc": 0.20616263023091141, "rmse": 0.6982559163009538, "mae": 0.5532365259916886, "confusion_matrix": [[9, 4, 1], [5, 3, 0], [0, 1, 0]], "selection_score": 0.33928571428571425, "r2": -0.8457834341303534}, "ids": [1, 6, 8, 13, 18, 24, 26, 32, 33, 35, 45, 48, 51, 59, 69, 70, 83, 86, 91, 92, 97, 106, 117], "probs": [[0.043148212134838104, 0.7798593640327454, 0.17699244618415833], [0.03866707906126976, 0.8648352026939392, 0.0964977815747261], [0.6879999041557312, 0.2962847650051117, 0.015715332701802254], [0.14353244006633759, 0.7946944832801819, 0.06177308037877083], [0.08780008554458618, 0.8514095544815063, 0.06079036369919777], [0.98185133934021, 0.016799423843622208, 0.0013492288999259472], [0.9688838720321655, 0.028256060555577278, 0.0028601556550711393], [0.9537526965141296, 0.044125255197286606, 0.0021220664493739605], [0.25432008504867554, 0.4900543987751007, 0.255625456571579], [0.8901262879371643, 0.10497336834669113, 0.004900318570435047], [0.5426416993141174, 0.3803304433822632, 0.07702788710594177], [0.9913124442100525, 0.007772537879645824, 0.0009150404366664588], [0.38272005319595337, 0.5968921780586243, 0.020387809723615646], [0.25991424918174744, 0.7068704962730408, 0.03321523219347], [0.06378381699323654, 0.5365685224533081, 0.39964768290519714], [0.8816750049591064, 0.11388224363327026, 0.004442787263542414], [0.9846720099449158, 0.014204666949808598, 0.0011233140248805285], [0.9028639197349548, 0.0911983847618103, 0.005937756039202213], [0.24541546404361725, 0.12482640892267227, 0.6297581791877747], [0.559710681438446, 0.42523133754730225, 0.015058008953928947], [0.7800018787384033, 0.19239464402198792, 0.02760343626141548], [0.9531991481781006, 0.044811878353357315, 0.0019890079274773598], [0.9341362714767456, 0.06053655594587326, 0.00532729085534811]], "phq_pred_log1p": [2.3071577548980713, 1.9928480386734009, 1.5243089199066162, 1.6855436563491821, 1.7839365005493164, 0.7121056318283081, 0.9065908789634705, 0.6387492418289185, 1.3466919660568237, 0.8715384602546692, 1.8992999792099, 0.4241946339607239, 1.2523832321166992, 1.2097358703613281, 2.2141897678375244, 1.0647459030151367, 0.483651340007782, 1.005871057510376, 2.1761200428009033, 1.3321483135223389, 1.5487864017486572, 0.6869072318077087, 0.9633343815803528], "phq_true_log1p": [2.5649492740631104, 2.079441547393799, 1.0986123085021973, 2.079441547393799, 1.0986123085021973, 1.0986123085021973, 2.079441547393799, 1.0986123085021973, 1.0986123085021973, 2.079441547393799, 1.0986123085021973, 2.079441547393799, 1.0986123085021973, 1.0986123085021973, 2.079441547393799, 1.0986123085021973, 1.0986123085021973, 2.079441547393799, 1.0986123085021973, 2.079441547393799, 1.0986123085021973, 1.0986123085021973, 1.0986123085021973], "y_true": [2, 1, 0, 1, 0, 0, 1, 0, 0, 1, 0, 1, 0, 0, 1, 0, 0, 1, 0, 1, 0, 0, 0], "y_pred": [1, 1, 0, 1, 1, 0, 0, 0, 1, 0, 0, 0, 1, 1, 1, 0, 0, 0, 2, 0, 0, 0, 0]}