{"ckpt": "checkpoints/Track2/G-P/binary/pipeline__GpP__mfcc__resnet__bilstm_mean__frozen_val_seed42/best_model_2026-05-15-21.38.58.pth", "track": "Track2", "task": "binary", "subtrack": "G+P", "audio_feature": "mfcc", "video_feature": "resnet", "encoder_type": "bilstm_mean", "seed": 42, "experiment_name": "pipeline__GpP__mfcc__resnet__bilstm_mean__frozen_val_seed42", "val": {"acc": 0.7777777777777778, "f1": 0.775, "kappa": 0.55, "ccc": -0.0046083674160958465, "rmse": 0.7442528835088911, "mae": 0.5803169674343533, "confusion_matrix": [[4, 1], [1, 3]], "selection_score": 0.775, "r2": -0.008891282067187367, "cls_loss": 0.6872802244292365, "reg_loss": 0.5539123743268041, "loss": 1.2411925858921475}, "metric_split": "val", "test": {"acc": 0.4090909090909091, "f1": 0.3425287356321839, "kappa": -0.18181818181818188, "ccc": -0.001327558873876071, "rmse": 0.5269271469617939, "mae": 0.4983672499656677, "confusion_matrix": [[8, 3], [10, 1]], "selection_score": 0.3425287356321839, "r2": -0.0061022451370569275}, "ids": [1, 5, 7, 13, 15, 22, 28, 33, 34, 40, 42, 44, 47, 58, 74, 83, 85, 89, 90, 93, 105, 110], "probs": [[0.514226496219635, 0.4857734739780426], [0.5069594979286194, 0.4930404722690582], [0.5022268891334534, 0.49777311086654663], [0.4943493604660034, 0.5056506395339966], [0.5003606081008911, 0.4996393620967865], [0.49808627367019653, 0.5019137263298035], [0.502127468585968, 0.497872531414032], [0.49268028140068054, 0.5073196887969971], [0.5071655511856079, 0.4928344488143921], [0.5007099509239197, 0.4992900788784027], [0.5122795104980469, 0.48772042989730835], [0.502510666847229, 0.497489333152771], [0.5028885006904602, 0.4971114695072174], [0.5002948045730591, 0.4997052252292633], [0.5087932348251343, 0.4912067651748657], [0.5014869570732117, 0.49851304292678833], [0.5155032873153687, 0.48449671268463135], [0.5050190687179565, 0.49498093128204346], [0.5128698348999023, 0.48713013529777527], [0.505532443523407, 0.4944675862789154], [0.501326322555542, 0.4986736476421356], [0.4954780638217926, 0.504521906375885]], "phq_pred_log1p": [1.5445470809936523, 1.54510498046875, 1.5857678651809692, 1.5625585317611694, 1.5714612007141113, 1.521444320678711, 1.578201174736023, 1.5804932117462158, 1.5261738300323486, 1.5675908327102661, 1.5675735473632812, 1.5702557563781738, 1.5707402229309082, 1.5682551860809326, 1.5915439128875732, 1.5879502296447754, 1.5755653381347656, 1.5917526483535767, 1.5508853197097778, 1.5821685791015625, 1.5848640203475952, 1.527784824371338], "phq_true_log1p": [2.4849066734313965, 1.945910096168518, 1.945910096168518, 1.945910096168518, 1.945910096168518, 1.0986123085021973, 1.0986123085021973, 1.0986123085021973, 1.945910096168518, 1.0986123085021973, 1.945910096168518, 1.0986123085021973, 1.0986123085021973, 1.0986123085021973, 2.4849066734313965, 1.0986123085021973, 2.4849066734313965, 1.945910096168518, 1.945910096168518, 1.0986123085021973, 1.0986123085021973, 1.0986123085021973], "y_true": [1, 1, 1, 1, 1, 0, 0, 0, 1, 0, 1, 0, 0, 0, 1, 0, 1, 1, 1, 0, 0, 0], "y_pred": [0, 0, 0, 1, 0, 1, 0, 1, 0, 0, 0, 0, 0, 0, 0, 0, 0, 0, 0, 0, 0, 1]}