{"ckpt": "checkpoints/Track2/A-V-P/ternary/pipeline__A_VpP__opensmile__openface__bilstm_mean__fold0_seed42/best_model_2026-05-16-01.29.33.pth", "track": "Track2", "task": "ternary", "subtrack": "A-V+P", "audio_feature": "opensmile", "video_feature": "openface", "encoder_type": "bilstm_mean", "seed": 42, "experiment_name": "pipeline__A_VpP__opensmile__openface__bilstm_mean__fold0_seed42", "val": {"acc": 0.6666666666666666, "f1": 0.4678362573099415, "kappa": 0.3932584269662922, "ccc": 0.016650829352956757, "rmse": 0.6423365532334266, "mae": 0.5455040997929044, "confusion_matrix": [[7, 2, 0], [2, 5, 0], [1, 1, 0]], "selection_score": 0.4678362573099415, "r2": -0.1408689303284152, "cls_loss": 1.1004274288813274, "reg_loss": 0.412596238984002, "loss": 1.5130236678653293}, "metric_split": "val", "test": {"acc": 0.4090909090909091, "f1": 0.29365079365079366, "kappa": -0.017793594306049876, "ccc": -0.00207071115155642, "rmse": 0.6082770870390956, "mae": 0.5338374186645855, "confusion_matrix": [[5, 6, 0], [4, 4, 0], [0, 3, 0]], "selection_score": 0.29365079365079366, "r2": -0.34073789835048496}, "ids": [1, 5, 7, 13, 15, 22, 28, 33, 34, 40, 42, 44, 47, 58, 74, 83, 85, 89, 90, 93, 105, 110], "probs": [[0.3379797339439392, 0.39038264751434326, 0.27163758873939514], [0.45975980162620544, 0.34447067975997925, 0.1957695335149765], [0.5123981237411499, 0.32567262649536133, 0.1619292050600052], [0.3881014585494995, 0.4658728837966919, 0.1460256725549698], [0.46758151054382324, 0.3309302031993866, 0.20148828625679016], [0.38962021470069885, 0.4323814809322357, 0.17799831926822662], [0.43264126777648926, 0.41397425532341003, 0.1533844918012619], [0.4315052926540375, 0.31365853548049927, 0.25483617186546326], [0.4768126606941223, 0.3065079152584076, 0.2166794240474701], [0.453945130109787, 0.3898124694824219, 0.15624241530895233], [0.42640066146850586, 0.4265689551830292, 0.14703036844730377], [0.2907136380672455, 0.49466532468795776, 0.21462108194828033], [0.34216824173927307, 0.4760418236255646, 0.18178991973400116], [0.4132007956504822, 0.420392245054245, 0.16640698909759521], [0.41748878359794617, 0.4325588345527649, 0.14995244145393372], [0.3780764937400818, 0.4140889346599579, 0.20783458650112152], [0.3365403711795807, 0.48103877902030945, 0.18242093920707703], [0.32594844698905945, 0.493131160736084, 0.18092037737369537], [0.35736632347106934, 0.42453935742378235, 0.21809431910514832], [0.5329166650772095, 0.30752032995224, 0.15956300497055054], [0.4820520579814911, 0.36097678542137146, 0.15697112679481506], [0.3462519943714142, 0.354234904050827, 0.2995131015777588]], "phq_pred_log1p": [1.8448163270950317, 1.3812028169631958, 0.9476577639579773, 1.3636717796325684, 1.3765206336975098, 1.5548797845840454, 1.293466329574585, 1.6236416101455688, 1.2489464282989502, 1.2725679874420166, 1.1663107872009277, 1.8591487407684326, 1.638321876525879, 1.3607192039489746, 1.240825891494751, 1.599735975265503, 1.6524654626846313, 1.6739006042480469, 1.6718695163726807, 0.9703285694122314, 1.1338485479354858, 1.812119722366333], "phq_true_log1p": [2.4849066734313965, 1.945910096168518, 1.945910096168518, 1.945910096168518, 1.945910096168518, 1.0986123085021973, 1.0986123085021973, 1.0986123085021973, 1.945910096168518, 1.0986123085021973, 1.945910096168518, 1.0986123085021973, 1.0986123085021973, 1.0986123085021973, 2.4849066734313965, 1.0986123085021973, 2.4849066734313965, 1.945910096168518, 1.945910096168518, 1.0986123085021973, 1.0986123085021973, 1.0986123085021973], "y_true": [2, 1, 1, 1, 1, 0, 0, 0, 1, 0, 1, 0, 0, 0, 2, 0, 2, 1, 1, 0, 0, 0], "y_pred": [1, 0, 0, 1, 0, 1, 0, 0, 0, 0, 1, 1, 1, 1, 1, 1, 1, 1, 1, 0, 0, 1]}