{"ckpt": "checkpoints/Track1/A-V-G+P/ternary/pipeline__A_V_GpP__mfcc__openface__bilstm_mean__fold2_seed42/best_model_2026-05-16-00.40.25.pth", "track": "Track1", "task": "ternary", "subtrack": "A-V-G+P", "audio_feature": "mfcc", "video_feature": "openface", "encoder_type": "bilstm_mean", "seed": 42, "experiment_name": "pipeline__A_V_GpP__mfcc__openface__bilstm_mean__fold2_seed42", "val": {"acc": 0.7647058823529411, "f1": 0.4523809523809524, "kappa": 0.276595744680851, "ccc": 0.08754420853963267, "rmse": 0.8921516618041657, "mae": 0.6952261854620541, "confusion_matrix": [[12, 0, 0], [2, 1, 0], [2, 0, 0]], "selection_score": 0.4523809523809524, "r2": -0.13984631074182086, "cls_loss": 1.2103978746077593, "reg_loss": 0.7959345680771067, "loss": 2.00633244304096}, "metric_split": "val", "test": {"acc": 0.5652173913043478, "f1": 0.24761904761904763, "kappa": -0.050228310502282936, "ccc": 0.1260844247560131, "rmse": 0.6697101041794352, "mae": 0.5281985142956609, "confusion_matrix": [[13, 1, 0], [8, 0, 0], [0, 1, 0]], "selection_score": 0.24761904761904763, "r2": -0.6979511767574522}, "ids": [1, 6, 8, 13, 18, 24, 26, 32, 33, 35, 45, 48, 51, 59, 69, 70, 83, 86, 91, 92, 97, 106, 117], "probs": [[0.28775671124458313, 0.3981374204158783, 0.3141058385372162], [0.44823938608169556, 0.3345586061477661, 0.21720200777053833], [0.4059625566005707, 0.34408360719680786, 0.24995383620262146], [0.5060362815856934, 0.2519782483577728, 0.24198541045188904], [0.4166150689125061, 0.3887314200401306, 0.19465354084968567], [0.5249903202056885, 0.32348403334617615, 0.15152570605278015], [0.6186344027519226, 0.21696460247039795, 0.16440097987651825], [0.6222810745239258, 0.2255585789680481, 0.1521603912115097], [0.28212523460388184, 0.359686940908432, 0.35818779468536377], [0.457012802362442, 0.32348310947418213, 0.21950411796569824], [0.4889509081840515, 0.2915039360523224, 0.2195451259613037], [0.7331656217575073, 0.15197701752185822, 0.11485742777585983], [0.4807010293006897, 0.2965123653411865, 0.22278663516044617], [0.4228525459766388, 0.3635600507259369, 0.21358735859394073], [0.40474528074264526, 0.29909223318099976, 0.296162486076355], [0.5870872735977173, 0.2623864412307739, 0.150526225566864], [0.6620178818702698, 0.2052782028913498, 0.13270390033721924], [0.4981739819049835, 0.3090686500072479, 0.19275742769241333], [0.4760080575942993, 0.2804490625858307, 0.2435428947210312], [0.5594838857650757, 0.3021612763404846, 0.1383548229932785], [0.5512317419052124, 0.27753251791000366, 0.17123576998710632], [0.5966479182243347, 0.22994908690452576, 0.1734030395746231], [0.7209559082984924, 0.15744364261627197, 0.12160047143697739]], "phq_pred_log1p": [2.1163170337677, 1.6093227863311768, 1.6874396800994873, 1.4514565467834473, 1.5250427722930908, 1.0996310710906982, 0.7826142907142639, 0.9411939382553101, 2.0862579345703125, 1.435678482055664, 1.4690053462982178, 0.3677942156791687, 1.4657847881317139, 1.4537320137023926, 1.776740312576294, 1.022723913192749, 0.7050052285194397, 1.2633156776428223, 1.4638211727142334, 1.0268585681915283, 1.081096887588501, 1.0459715127944946, 0.4793165922164917], "phq_true_log1p": [2.5649492740631104, 2.079441547393799, 1.0986123085021973, 2.079441547393799, 1.0986123085021973, 1.0986123085021973, 2.079441547393799, 1.0986123085021973, 1.0986123085021973, 2.079441547393799, 1.0986123085021973, 2.079441547393799, 1.0986123085021973, 1.0986123085021973, 2.079441547393799, 1.0986123085021973, 1.0986123085021973, 2.079441547393799, 1.0986123085021973, 2.079441547393799, 1.0986123085021973, 1.0986123085021973, 1.0986123085021973], "y_true": [2, 1, 0, 1, 0, 0, 1, 0, 0, 1, 0, 1, 0, 0, 1, 0, 0, 1, 0, 1, 0, 0, 0], "y_pred": [1, 0, 0, 0, 0, 0, 0, 0, 1, 0, 0, 0, 0, 0, 0, 0, 0, 0, 0, 0, 0, 0, 0]}