{"ckpt": "checkpoints/Track1/A-V-P/binary/pipeline__A_VpP__wav2vec__resnet__bilstm_mean__frozen_val_seed42/best_model_2026-05-15-21.23.13.pth", "track": "Track1", "task": "binary", "subtrack": "A-V+P", "audio_feature": "wav2vec", "video_feature": "resnet", "encoder_type": "bilstm_mean", "seed": 42, "experiment_name": "pipeline__A_VpP__wav2vec__resnet__bilstm_mean__frozen_val_seed42", "val": {"acc": 0.8888888888888888, "f1": 0.8615384615384616, "kappa": 0.7272727272727273, "ccc": 0.20797831148725518, "rmse": 0.660873783217728, "mae": 0.560982452498542, "confusion_matrix": [[6, 0], [1, 2]], "selection_score": 0.8615384615384616, "r2": 0.01602562227035309, "cls_loss": 0.7092970079845853, "reg_loss": 0.43675414700475, "loss": 1.1460511916213565}, "metric_split": "val", "test": {"acc": 0.34782608695652173, "f1": 0.32748538011695905, "kappa": -0.3424124513618676, "ccc": -0.4374529499410472, "rmse": 0.7935533605790267, "mae": 0.715120818303979, "confusion_matrix": [[6, 8], [7, 2]], "selection_score": 0.32748538011695905, "r2": -1.3839863580028533}, "ids": [1, 6, 8, 13, 18, 24, 26, 32, 33, 35, 45, 48, 51, 59, 69, 70, 83, 86, 91, 92, 97, 106, 117], "probs": [[0.9096590876579285, 0.09034088999032974], [0.9199015498161316, 0.0800984650850296], [0.9846835732460022, 0.015316426753997803], [0.3762413561344147, 0.6237586140632629], [0.9968826770782471, 0.0031173161696642637], [0.9566289186477661, 0.04337112233042717], [0.30887576937675476, 0.6911242008209229], [0.21004897356033325, 0.789950966835022], [0.45443931221961975, 0.5455607175827026], [0.998508632183075, 0.0014913709601387382], [0.8138257265090942, 0.18617422878742218], [0.9728987216949463, 0.027101313695311546], [0.2552203834056854, 0.744779646396637], [0.11083822697401047, 0.8891617655754089], [0.9858444929122925, 0.014155535027384758], [0.940253496170044, 0.059746500104665756], [0.9515376091003418, 0.0484623908996582], [0.9987649917602539, 0.0012349759927019477], [0.07752996683120728, 0.9224700927734375], [0.9716623425483704, 0.028337648138403893], [0.36869925260543823, 0.6313007473945618], [0.17709721624851227, 0.8229027390480042], [0.2599444091320038, 0.7400555610656738]], "phq_pred_log1p": [1.5489234924316406, 1.5765631198883057, 1.265326976776123, 1.7960412502288818, 1.0258430242538452, 1.643730640411377, 1.8091845512390137, 1.8397068977355957, 1.873671054840088, 0.8048366904258728, 1.64799165725708, 1.4560269117355347, 2.058206081390381, 2.094609260559082, 1.2474637031555176, 1.5137939453125, 1.6349536180496216, 0.5962396264076233, 2.163933753967285, 1.435360074043274, 2.085153579711914, 1.9839215278625488, 1.9221283197402954], "phq_true_log1p": [2.5649492740631104, 2.079441547393799, 1.0986123085021973, 2.079441547393799, 1.0986123085021973, 1.0986123085021973, 2.079441547393799, 1.0986123085021973, 1.0986123085021973, 2.079441547393799, 1.0986123085021973, 2.079441547393799, 1.0986123085021973, 1.0986123085021973, 2.079441547393799, 1.0986123085021973, 1.0986123085021973, 2.079441547393799, 1.0986123085021973, 2.079441547393799, 1.0986123085021973, 1.0986123085021973, 1.0986123085021973], "y_true": [1, 1, 0, 1, 0, 0, 1, 0, 0, 1, 0, 1, 0, 0, 1, 0, 0, 1, 0, 1, 0, 0, 0], "y_pred": [0, 0, 0, 1, 0, 0, 1, 1, 1, 0, 0, 0, 1, 1, 0, 0, 0, 0, 1, 0, 1, 1, 1]}