{"ckpt": "checkpoints/Track1/A-V-G+P/binary/pipeline__A_V_GpP__opensmile__openface__bilstm_mean__fold1_seed42/best_model_2026-05-16-00.12.49.pth", "track": "Track1", "task": "binary", "subtrack": "A-V-G+P", "audio_feature": "opensmile", "video_feature": "openface", "encoder_type": "bilstm_mean", "seed": 42, "experiment_name": "pipeline__A_V_GpP__opensmile__openface__bilstm_mean__fold1_seed42", "val": {"acc": 0.7222222222222222, "f1": 0.41935483870967744, "kappa": 0.0, "ccc": 0.02937983108310864, "rmse": 0.8602379742763991, "mae": 0.701000259982215, "confusion_matrix": [[13, 0], [5, 0]], "selection_score": 0.41935483870967744, "r2": -0.07483558444378646, "cls_loss": 0.6597791115442911, "reg_loss": 0.7400093807114495, "loss": 1.3997884856330023}, "metric_split": "val", "test": {"acc": 0.6086956521739131, "f1": 0.3783783783783784, "kappa": 0.0, "ccc": 0.0010849062583575526, "rmse": 0.5148364032347208, "mae": 0.49662357827891473, "confusion_matrix": [[14, 0], [9, 0]], "selection_score": 0.3783783783783784, "r2": -0.003436722435486983}, "ids": [1, 6, 8, 13, 18, 24, 26, 32, 33, 35, 45, 48, 51, 59, 69, 70, 83, 86, 91, 92, 97, 106, 117], "probs": [[0.6626947522163391, 0.3373052775859833], [0.6654282808303833, 0.3345717191696167], [0.6681360602378845, 0.3318639099597931], [0.6684961318969727, 0.33150386810302734], [0.6645774245262146, 0.3354225754737854], [0.6628484725952148, 0.33715152740478516], [0.6584041118621826, 0.34159594774246216], [0.6535305976867676, 0.3464694321155548], [0.6559234857559204, 0.3440765142440796], [0.6633609533309937, 0.33663904666900635], [0.6615049839019775, 0.33849504590034485], [0.6719623804092407, 0.3280376195907593], [0.6604019403457642, 0.33959802985191345], [0.6513218879699707, 0.3486781418323517], [0.6575888991355896, 0.3424110412597656], [0.6748363375663757, 0.3251636326313019], [0.6645570397377014, 0.3354429006576538], [0.6567031741142273, 0.3432968854904175], [0.6633083820343018, 0.33669158816337585], [0.6562849283218384, 0.34371501207351685], [0.6655639410018921, 0.3344360291957855], [0.6666085124015808, 0.3333914577960968], [0.6608665585517883, 0.3391333818435669]], "phq_pred_log1p": [1.5345548391342163, 1.5047446489334106, 1.4989949464797974, 1.560644507408142, 1.4775909185409546, 1.4511950016021729, 1.4950295686721802, 1.5748471021652222, 1.5529829263687134, 1.5033823251724243, 1.5207475423812866, 1.53846275806427, 1.5334903001785278, 1.5111854076385498, 1.5125283002853394, 1.511537790298462, 1.5190306901931763, 1.5457817316055298, 1.5008825063705444, 1.4686683416366577, 1.5021501779556274, 1.534554362297058, 1.5770403146743774], "phq_true_log1p": [2.5649492740631104, 2.079441547393799, 1.0986123085021973, 2.079441547393799, 1.0986123085021973, 1.0986123085021973, 2.079441547393799, 1.0986123085021973, 1.0986123085021973, 2.079441547393799, 1.0986123085021973, 2.079441547393799, 1.0986123085021973, 1.0986123085021973, 2.079441547393799, 1.0986123085021973, 1.0986123085021973, 2.079441547393799, 1.0986123085021973, 2.079441547393799, 1.0986123085021973, 1.0986123085021973, 1.0986123085021973], "y_true": [1, 1, 0, 1, 0, 0, 1, 0, 0, 1, 0, 1, 0, 0, 1, 0, 0, 1, 0, 1, 0, 0, 0], "y_pred": [0, 0, 0, 0, 0, 0, 0, 0, 0, 0, 0, 0, 0, 0, 0, 0, 0, 0, 0, 0, 0, 0, 0]}