{"ckpt": "checkpoints/Track2/A-V-G+P/ternary/pipeline__A_V_GpP__mfcc__densenet__bilstm_mean__frozen_val_seed3407/best_model_2026-05-15-23.12.52.pth", "track": "Track2", "task": "ternary", "subtrack": "A-V-G+P", "audio_feature": "mfcc", "video_feature": "densenet", "encoder_type": "bilstm_mean", "seed": 3407, "experiment_name": "pipeline__A_V_GpP__mfcc__densenet__bilstm_mean__frozen_val_seed3407", "val": {"acc": 0.5555555555555556, "f1": 0.3904761904761904, "kappa": 0.28, "ccc": -0.0035715151058493717, "rmse": 0.5227228155530352, "mae": 0.44437306457095677, "confusion_matrix": [[2, 3, 0], [0, 3, 0], [0, 1, 0]], "selection_score": 0.3904761904761904, "r2": -0.11246797532086661, "cls_loss": 1.10664873652988, "reg_loss": 0.2732391423649258, "loss": 1.3798878987630208}, "metric_split": "val", "test": {"acc": 0.3181818181818182, "f1": 0.20166666666666666, "kappa": -0.12627986348122855, "ccc": -0.011840725242302582, "rmse": 0.5425130323588487, "mae": 0.4994393532926386, "confusion_matrix": [[1, 10, 0], [2, 6, 0], [2, 1, 0]], "selection_score": 0.20166666666666666, "r2": -0.0665011335532093}, "ids": [1, 5, 7, 13, 15, 22, 28, 33, 34, 40, 42, 44, 47, 58, 74, 83, 85, 89, 90, 93, 105, 110], "probs": [[0.4061298370361328, 0.4061969816684723, 0.1876731663942337], [0.41265738010406494, 0.3978080749511719, 0.18953458964824677], [0.3905014395713806, 0.4134102463722229, 0.1960882991552353], [0.3818682134151459, 0.42426660656929016, 0.19386515021324158], [0.3860194981098175, 0.4199749529361725, 0.19400560855865479], [0.40423014760017395, 0.4046737551689148, 0.19109609723091125], [0.399601012468338, 0.4103136360645294, 0.190085306763649], [0.40181776881217957, 0.40891730785369873, 0.18926486372947693], [0.4052738547325134, 0.4047892391681671, 0.18993684649467468], [0.4004150927066803, 0.41390660405158997, 0.18567828834056854], [0.39605480432510376, 0.40943384170532227, 0.19451142847537994], [0.39957037568092346, 0.41311755776405334, 0.18731200695037842], [0.4033321440219879, 0.4084770977497101, 0.1881907731294632], [0.4019227623939514, 0.4098728895187378, 0.1882043033838272], [0.4092537462711334, 0.40225452184677124, 0.18849177658557892], [0.3955540955066681, 0.4105544686317444, 0.1938914954662323], [0.4138586223125458, 0.3973291516304016, 0.18881216645240784], [0.39976832270622253, 0.4091237485408783, 0.1911078840494156], [0.40022361278533936, 0.4140734374523163, 0.18570289015769958], [0.4040417969226837, 0.4076221287250519, 0.1883361041545868], [0.4068712294101715, 0.40665456652641296, 0.18647420406341553], [0.39837855100631714, 0.4160681664943695, 0.18555329740047455]], "phq_pred_log1p": [1.4743762016296387, 1.4605293273925781, 1.481673002243042, 1.5085541009902954, 1.492267370223999, 1.481895089149475, 1.475569486618042, 1.4771552085876465, 1.464256763458252, 1.4745182991027832, 1.4860678911209106, 1.495028018951416, 1.4674856662750244, 1.487291932106018, 1.453202724456787, 1.4886789321899414, 1.4653289318084717, 1.4593451023101807, 1.4490039348602295, 1.4718925952911377, 1.4688018560409546, 1.456688642501831], "phq_true_log1p": [2.4849066734313965, 1.945910096168518, 1.945910096168518, 1.945910096168518, 1.945910096168518, 1.0986123085021973, 1.0986123085021973, 1.0986123085021973, 1.945910096168518, 1.0986123085021973, 1.945910096168518, 1.0986123085021973, 1.0986123085021973, 1.0986123085021973, 2.4849066734313965, 1.0986123085021973, 2.4849066734313965, 1.945910096168518, 1.945910096168518, 1.0986123085021973, 1.0986123085021973, 1.0986123085021973], "y_true": [2, 1, 1, 1, 1, 0, 0, 0, 1, 0, 1, 0, 0, 0, 2, 0, 2, 1, 1, 0, 0, 0], "y_pred": [1, 0, 1, 1, 1, 1, 1, 1, 0, 1, 1, 1, 1, 1, 0, 1, 0, 1, 1, 1, 0, 1]}