{"ckpt": "checkpoints/Track1/A-V-G+P/ternary/pipeline__A_V_GpP__mfcc__openface__bilstm_mean__frozen_val_seed3407/best_model_2026-05-15-22.41.50.pth", "track": "Track1", "task": "ternary", "subtrack": "A-V-G+P", "audio_feature": "mfcc", "video_feature": "openface", "encoder_type": "bilstm_mean", "seed": 3407, "experiment_name": "pipeline__A_V_GpP__mfcc__openface__bilstm_mean__frozen_val_seed3407", "val": {"acc": 0.5555555555555556, "f1": 0.4000000000000001, "kappa": 0.26530612244897966, "ccc": 0.41032182221434516, "rmse": 0.847601883969959, "mae": 0.6805824769867791, "confusion_matrix": [[4, 1, 1], [0, 1, 1], [0, 1, 0]], "selection_score": 0.4000000000000001, "r2": -0.2069535478611677, "cls_loss": 1.9509425163269043, "reg_loss": 0.7184289362695482, "loss": 2.6693714989556208}, "metric_split": "val", "test": {"acc": 0.5217391304347826, "f1": 0.3333333333333333, "kappa": 0.1028368794326241, "ccc": 0.22220617972407242, "rmse": 0.7826782308768533, "mae": 0.6111610454061757, "confusion_matrix": [[10, 3, 1], [4, 2, 2], [0, 1, 0]], "selection_score": 0.3333333333333333, "r2": -1.319092145229824}, "ids": [1, 6, 8, 13, 18, 24, 26, 32, 33, 35, 45, 48, 51, 59, 69, 70, 83, 86, 91, 92, 97, 106, 117], "probs": [[0.01598934829235077, 0.6786636114120483, 0.3053470253944397], [0.019183112308382988, 0.6933197975158691, 0.28749704360961914], [0.13391229510307312, 0.8058768510818481, 0.060210879892110825], [0.0393906906247139, 0.1604204922914505, 0.8001887798309326], [0.0293313879519701, 0.9191120862960815, 0.0515565425157547], [0.9499108791351318, 0.0475945845246315, 0.0024945763871073723], [0.9922657608985901, 0.004293657839298248, 0.0034405565820634365], [0.9227603077888489, 0.07518712431192398, 0.0020525846630334854], [0.12555478513240814, 0.15199774503707886, 0.7224474549293518], [0.6807239651679993, 0.20928801596164703, 0.10998792946338654], [0.5436477661132812, 0.26567021012306213, 0.19068200886249542], [0.9961181879043579, 0.003285865532234311, 0.0005959485424682498], [0.02686849981546402, 0.510745108127594, 0.46238642930984497], [0.7316040992736816, 0.259694367647171, 0.008701501414179802], [0.2210579514503479, 0.10522735118865967, 0.6737146973609924], [0.7591658234596252, 0.23521997034549713, 0.005614263005554676], [0.9910516738891602, 0.008020205423235893, 0.0009281385573558509], [0.955522894859314, 0.025877440348267555, 0.018599648028612137], [0.9099222421646118, 0.012736375443637371, 0.07734141498804092], [0.37823066115379333, 0.6068009734153748, 0.0149683253839612], [0.9599418044090271, 0.024953186511993408, 0.015104999765753746], [0.9911207556724548, 0.006953621283173561, 0.0019256694940850139], [0.9848841428756714, 0.010008986108005047, 0.005106885451823473]], "phq_pred_log1p": [2.8648335933685303, 2.5332248210906982, 2.304050922393799, 2.6832923889160156, 2.267369508743286, 1.0338038206100464, 0.833000123500824, 0.9155313372612, 2.194176197052002, 1.7263134717941284, 2.3103673458099365, 0.461162269115448, 2.656128168106079, 1.262184977531433, 2.3150436878204346, 1.5150612592697144, 0.7139447331428528, 1.593865990638733, 1.6580479145050049, 1.8388746976852417, 1.5047823190689087, 1.0415927171707153, 1.05325448513031], "phq_true_log1p": [2.5649492740631104, 2.079441547393799, 1.0986123085021973, 2.079441547393799, 1.0986123085021973, 1.0986123085021973, 2.079441547393799, 1.0986123085021973, 1.0986123085021973, 2.079441547393799, 1.0986123085021973, 2.079441547393799, 1.0986123085021973, 1.0986123085021973, 2.079441547393799, 1.0986123085021973, 1.0986123085021973, 2.079441547393799, 1.0986123085021973, 2.079441547393799, 1.0986123085021973, 1.0986123085021973, 1.0986123085021973], "y_true": [2, 1, 0, 1, 0, 0, 1, 0, 0, 1, 0, 1, 0, 0, 1, 0, 0, 1, 0, 1, 0, 0, 0], "y_pred": [1, 1, 1, 2, 1, 0, 0, 0, 2, 0, 0, 0, 1, 0, 2, 0, 0, 0, 0, 1, 0, 0, 0]}