{"ckpt": "checkpoints/Track1/A-V-G+P/binary/pipeline__A_V_GpP__opensmile__openface__bilstm_mean__fold2_seed42/best_model_2026-05-16-00.12.49.pth", "track": "Track1", "task": "binary", "subtrack": "A-V-G+P", "audio_feature": "opensmile", "video_feature": "openface", "encoder_type": "bilstm_mean", "seed": 42, "experiment_name": "pipeline__A_V_GpP__opensmile__openface__bilstm_mean__fold2_seed42", "val": {"acc": 0.8235294117647058, "f1": 0.7733333333333333, "kappa": 0.5486725663716814, "ccc": 0.18242516943878406, "rmse": 0.6704951234071912, "mae": 0.5198921596302706, "confusion_matrix": [[11, 1], [2, 3]], "selection_score": 0.7733333333333333, "r2": -0.10357310328676883, "cls_loss": 0.6116090311723597, "reg_loss": 0.44956371714087096, "loss": 1.0611727237701416}, "metric_split": "val", "test": {"acc": 0.4782608695652174, "f1": 0.4772727272727273, "kappa": -0.014705882352941346, "ccc": 0.07289427979570624, "rmse": 0.6453643138423228, "mae": 0.5407275091046873, "confusion_matrix": [[6, 8], [4, 5]], "selection_score": 0.4772727272727273, "r2": -0.5767447347568453}, "ids": [1, 6, 8, 13, 18, 24, 26, 32, 33, 35, 45, 48, 51, 59, 69, 70, 83, 86, 91, 92, 97, 106, 117], "probs": [[0.34770411252975464, 0.6522958278656006], [0.4786898195743561, 0.5213102102279663], [0.43360260128974915, 0.5663973689079285], [0.37516146898269653, 0.6248384714126587], [0.42495250701904297, 0.575047492980957], [0.6427615880966187, 0.35723838210105896], [0.6593265533447266, 0.34067341685295105], [0.5520045757293701, 0.4479953944683075], [0.4615788161754608, 0.5384211540222168], [0.46857979893684387, 0.5314201712608337], [0.4640452563762665, 0.5359547138214111], [0.825840950012207, 0.17415904998779297], [0.43173304200172424, 0.5682669878005981], [0.49489277601242065, 0.5051071643829346], [0.44393390417099, 0.5560660362243652], [0.581357479095459, 0.41864249110221863], [0.7517048120498657, 0.24829521775245667], [0.5590324401855469, 0.4409675896167755], [0.4660661816596985, 0.5339338183403015], [0.5549485683441162, 0.4450514614582062], [0.4763432443141937, 0.5236567258834839], [0.5430353283882141, 0.4569646120071411], [0.6304411292076111, 0.3695588707923889]], "phq_pred_log1p": [2.2835474014282227, 1.8020234107971191, 1.9010601043701172, 2.1400766372680664, 1.8871452808380127, 1.1450481414794922, 0.9516453742980957, 1.5569961071014404, 1.7769615650177002, 1.7399001121520996, 1.8866000175476074, 0.45343834161758423, 1.9068663120269775, 1.584397792816162, 1.9111380577087402, 1.4567649364471436, 0.7736043930053711, 1.527321219444275, 1.707086205482483, 1.486710786819458, 1.721044659614563, 1.5905457735061646, 1.2472174167633057], "phq_true_log1p": [2.5649492740631104, 2.079441547393799, 1.0986123085021973, 2.079441547393799, 1.0986123085021973, 1.0986123085021973, 2.079441547393799, 1.0986123085021973, 1.0986123085021973, 2.079441547393799, 1.0986123085021973, 2.079441547393799, 1.0986123085021973, 1.0986123085021973, 2.079441547393799, 1.0986123085021973, 1.0986123085021973, 2.079441547393799, 1.0986123085021973, 2.079441547393799, 1.0986123085021973, 1.0986123085021973, 1.0986123085021973], "y_true": [1, 1, 0, 1, 0, 0, 1, 0, 0, 1, 0, 1, 0, 0, 1, 0, 0, 1, 0, 1, 0, 0, 0], "y_pred": [1, 1, 1, 1, 1, 0, 0, 0, 1, 1, 1, 0, 1, 1, 1, 0, 0, 0, 1, 0, 1, 0, 0]}