{"ckpt": "checkpoints/Track1/A-V-P/ternary/pipeline__A_VpP__wav2vec__openface__bilstm_mean__fold1_seed42/best_model_2026-05-16-00.27.07.pth", "track": "Track1", "task": "ternary", "subtrack": "A-V+P", "audio_feature": "wav2vec", "video_feature": "openface", "encoder_type": "bilstm_mean", "seed": 42, "experiment_name": "pipeline__A_VpP__wav2vec__openface__bilstm_mean__fold1_seed42", "val": {"acc": 0.7222222222222222, "f1": 0.2795698924731183, "kappa": 0.0, "ccc": 0.04132804264335478, "rmse": 0.8698575735987636, "mae": 0.7018209099769592, "confusion_matrix": [[13, 0, 0], [3, 0, 0], [2, 0, 0]], "selection_score": 0.2795698924731183, "r2": 0.038953409319487875, "cls_loss": 1.0212855736414592, "reg_loss": 0.7566521830028958, "loss": 1.7779377301534016}, "metric_split": "val", "test": {"acc": 0.6086956521739131, "f1": 0.2522522522522523, "kappa": 0.0, "ccc": -0.008220406774160454, "rmse": 0.5660855274349725, "mae": 0.4454468229542608, "confusion_matrix": [[14, 0, 0], [8, 0, 0], [1, 0, 0]], "selection_score": 0.2522522522522523, "r2": -0.2131530635051042}, "ids": [1, 6, 8, 13, 18, 24, 26, 32, 33, 35, 45, 48, 51, 59, 69, 70, 83, 86, 91, 92, 97, 106, 117], "probs": [[0.484170138835907, 0.27326521277427673, 0.2425645887851715], [0.47535377740859985, 0.2743561863899231, 0.25029003620147705], [0.48037102818489075, 0.2750696837902069, 0.24455922842025757], [0.4780997335910797, 0.2793271839618683, 0.24257314205169678], [0.479802668094635, 0.27138325572013855, 0.24881407618522644], [0.4798267185688019, 0.26646915078163147, 0.25370413064956665], [0.4778672456741333, 0.2716468572616577, 0.25048595666885376], [0.48617538809776306, 0.27276673913002014, 0.24105796217918396], [0.48469865322113037, 0.27315977215766907, 0.24214155972003937], [0.4798596501350403, 0.2718144655227661, 0.24832583963871002], [0.479297935962677, 0.2754715383052826, 0.2452305406332016], [0.479621559381485, 0.2705836296081543, 0.24979470670223236], [0.47422856092453003, 0.28001266717910767, 0.2457587718963623], [0.48037704825401306, 0.26749518513679504, 0.2521277666091919], [0.4764688014984131, 0.2792743146419525, 0.244256854057312], [0.4788030982017517, 0.27102479338645935, 0.25017210841178894], [0.47775334119796753, 0.2719476521015167, 0.25029894709587097], [0.4771207869052887, 0.2763047516345978, 0.24657446146011353], [0.48046061396598816, 0.27387094497680664, 0.2456684112548828], [0.4831889271736145, 0.26799276471138, 0.2488182634115219], [0.47824421525001526, 0.2751724123954773, 0.24658332765102386], [0.47627153992652893, 0.2774116098880768, 0.2463168203830719], [0.47271379828453064, 0.2841506600379944, 0.24313552677631378]], "phq_pred_log1p": [1.2741022109985352, 1.2539054155349731, 1.2625136375427246, 1.2857931852340698, 1.2549875974655151, 1.2451131343841553, 1.2390857934951782, 1.26018488407135, 1.3036366701126099, 1.2364165782928467, 1.279367446899414, 1.2944848537445068, 1.2699345350265503, 1.2784969806671143, 1.2692042589187622, 1.2792391777038574, 1.2644981145858765, 1.2958608865737915, 1.2810522317886353, 1.2722504138946533, 1.2883025407791138, 1.2873140573501587, 1.2918301820755005], "phq_true_log1p": [2.5649492740631104, 2.079441547393799, 1.0986123085021973, 2.079441547393799, 1.0986123085021973, 1.0986123085021973, 2.079441547393799, 1.0986123085021973, 1.0986123085021973, 2.079441547393799, 1.0986123085021973, 2.079441547393799, 1.0986123085021973, 1.0986123085021973, 2.079441547393799, 1.0986123085021973, 1.0986123085021973, 2.079441547393799, 1.0986123085021973, 2.079441547393799, 1.0986123085021973, 1.0986123085021973, 1.0986123085021973], "y_true": [2, 1, 0, 1, 0, 0, 1, 0, 0, 1, 0, 1, 0, 0, 1, 0, 0, 1, 0, 1, 0, 0, 0], "y_pred": [0, 0, 0, 0, 0, 0, 0, 0, 0, 0, 0, 0, 0, 0, 0, 0, 0, 0, 0, 0, 0, 0, 0]}