{"ckpt": "checkpoints/Track1/A-V-P/binary/pipeline__A_VpP__mfcc__openface__bilstm_mean__fold1_seed42/best_model_2026-05-16-00.12.50.pth", "track": "Track1", "task": "binary", "subtrack": "A-V+P", "audio_feature": "mfcc", "video_feature": "openface", "encoder_type": "bilstm_mean", "seed": 42, "experiment_name": "pipeline__A_VpP__mfcc__openface__bilstm_mean__fold1_seed42", "val": {"acc": 0.7777777777777778, "f1": 0.6, "kappa": 0.26530612244897966, "ccc": -0.03028535856263152, "rmse": 0.903698772250195, "mae": 0.7499755422274271, "confusion_matrix": [[13, 0], [4, 1]], "selection_score": 0.6, "r2": -0.18618437894001327, "cls_loss": 0.8475933803452386, "reg_loss": 0.8166714906692505, "loss": 1.6642648379007976}, "metric_split": "val", "test": {"acc": 0.6521739130434783, "f1": 0.6349206349206349, "kappa": 0.2698412698412699, "ccc": 0.037787316440791335, "rmse": 0.6693178287448888, "mae": 0.5156021662380385, "confusion_matrix": [[10, 4], [4, 5]], "selection_score": 0.6349206349206349, "r2": -0.6959626463126984}, "ids": [1, 6, 8, 13, 18, 24, 26, 32, 33, 35, 45, 48, 51, 59, 69, 70, 83, 86, 91, 92, 97, 106, 117], "probs": [[0.29305240511894226, 0.7069475650787354], [0.20110270380973816, 0.7988973259925842], [0.4075624644756317, 0.5924375057220459], [0.21852324903011322, 0.7814767956733704], [0.3502812385559082, 0.6497187614440918], [0.8560223579406738, 0.14397770166397095], [0.8323237895965576, 0.1676761955022812], [0.9351394772529602, 0.06486046314239502], [0.6396249532699585, 0.3603750169277191], [0.4463159143924713, 0.5536841154098511], [0.7069215178489685, 0.2930785119533539], [0.9512633085250854, 0.04873664304614067], [0.3647254407405853, 0.6352745294570923], [0.5757524371147156, 0.42424753308296204], [0.15960745513439178, 0.8403924703598022], [0.6618662476539612, 0.3381337821483612], [0.6528264284133911, 0.34717363119125366], [0.8865801095962524, 0.11341989785432816], [0.6949139833450317, 0.30508604645729065], [0.9103008508682251, 0.0896991640329361], [0.7623380422592163, 0.2376619130373001], [0.36234956979751587, 0.6376504302024841], [0.532933235168457, 0.46706676483154297]], "phq_pred_log1p": [1.9160627126693726, 1.8209936618804932, 1.6861222982406616, 1.8684501647949219, 1.7291167974472046, 1.0200992822647095, 0.9192167520523071, 0.6078288555145264, 1.3855626583099365, 1.5757452249526978, 1.2724529504776, 0.3506247401237488, 1.6380659341812134, 1.3914788961410522, 1.9440594911575317, 1.2991838455200195, 1.2161074876785278, 0.890856921672821, 1.3819855451583862, 0.7959756255149841, 1.2582507133483887, 1.7233502864837646, 1.3727272748947144], "phq_true_log1p": [2.5649492740631104, 2.079441547393799, 1.0986123085021973, 2.079441547393799, 1.0986123085021973, 1.0986123085021973, 2.079441547393799, 1.0986123085021973, 1.0986123085021973, 2.079441547393799, 1.0986123085021973, 2.079441547393799, 1.0986123085021973, 1.0986123085021973, 2.079441547393799, 1.0986123085021973, 1.0986123085021973, 2.079441547393799, 1.0986123085021973, 2.079441547393799, 1.0986123085021973, 1.0986123085021973, 1.0986123085021973], "y_true": [1, 1, 0, 1, 0, 0, 1, 0, 0, 1, 0, 1, 0, 0, 1, 0, 0, 1, 0, 1, 0, 0, 0], "y_pred": [1, 1, 1, 1, 1, 0, 0, 0, 0, 1, 0, 0, 1, 0, 1, 0, 0, 0, 0, 0, 0, 1, 0]}