{"ckpt": "checkpoints/Track1/A-V-P/binary/pipeline__A_VpP__mfcc__openface__bilstm_mean__fold3_seed42/best_model_2026-05-16-00.15.44.pth", "track": "Track1", "task": "binary", "subtrack": "A-V+P", "audio_feature": "mfcc", "video_feature": "openface", "encoder_type": "bilstm_mean", "seed": 42, "experiment_name": "pipeline__A_VpP__mfcc__openface__bilstm_mean__fold3_seed42", "val": {"acc": 0.5294117647058824, "f1": 0.5277777777777778, "kappa": 0.22727272727272718, "ccc": -0.004241420484071235, "rmse": 1.0578560889144877, "mae": 0.8586388475754682, "confusion_matrix": [[4, 8], [0, 5]], "selection_score": 0.5277777777777778, "r2": -0.25670955628989667, "cls_loss": 0.7426439786658567, "reg_loss": 1.1190594601280548, "loss": 1.8617034379173727}, "metric_split": "val", "test": {"acc": 0.391304347826087, "f1": 0.32916666666666666, "kappa": -0.03205128205128216, "ccc": -0.003314575834399388, "rmse": 0.5537989745404088, "mae": 0.5292782420697419, "confusion_matrix": [[1, 13], [1, 8]], "selection_score": 0.32916666666666666, "r2": -0.1610630122517831}, "ids": [1, 6, 8, 13, 18, 24, 26, 32, 33, 35, 45, 48, 51, 59, 69, 70, 83, 86, 91, 92, 97, 106, 117], "probs": [[0.2874866724014282, 0.7125133872032166], [0.47491446137428284, 0.5250855684280396], [0.395804226398468, 0.604195773601532], [0.373889297246933, 0.6261107325553894], [0.44194886088371277, 0.5580511689186096], [0.48650744557380676, 0.5134925842285156], [0.46874696016311646, 0.5312530398368835], [0.4880504012107849, 0.5119496583938599], [0.26644495129585266, 0.733555018901825], [0.4272138476371765, 0.5727861523628235], [0.4532337188720703, 0.5467663407325745], [0.6695767641067505, 0.3304232358932495], [0.41669657826423645, 0.5833034515380859], [0.29852643609046936, 0.7014735341072083], [0.42782697081565857, 0.572172999382019], [0.4923306703567505, 0.5076693296432495], [0.47931742668151855, 0.5206825733184814], [0.3869609236717224, 0.6130390763282776], [0.4399767816066742, 0.5600232481956482], [0.4422457814216614, 0.5577542185783386], [0.42041704058647156, 0.5795829892158508], [0.40543338656425476, 0.5945665836334229], [0.5492455363273621, 0.4507545232772827]], "phq_pred_log1p": [1.9320110082626343, 1.480858564376831, 1.6871532201766968, 1.7475736141204834, 1.6039263010025024, 1.4915486574172974, 1.47385835647583, 1.566994309425354, 1.900081992149353, 1.6077719926834106, 1.5589418411254883, 1.045310139656067, 1.642185091972351, 1.8399959802627563, 1.6230958700180054, 1.4895395040512085, 1.4737751483917236, 1.7108272314071655, 1.6419142484664917, 1.6049367189407349, 1.6427403688430786, 1.664262294769287, 1.376674771308899], "phq_true_log1p": [2.5649492740631104, 2.079441547393799, 1.0986123085021973, 2.079441547393799, 1.0986123085021973, 1.0986123085021973, 2.079441547393799, 1.0986123085021973, 1.0986123085021973, 2.079441547393799, 1.0986123085021973, 2.079441547393799, 1.0986123085021973, 1.0986123085021973, 2.079441547393799, 1.0986123085021973, 1.0986123085021973, 2.079441547393799, 1.0986123085021973, 2.079441547393799, 1.0986123085021973, 1.0986123085021973, 1.0986123085021973], "y_true": [1, 1, 0, 1, 0, 0, 1, 0, 0, 1, 0, 1, 0, 0, 1, 0, 0, 1, 0, 1, 0, 0, 0], "y_pred": [1, 1, 1, 1, 1, 1, 1, 1, 1, 1, 1, 0, 1, 1, 1, 1, 1, 1, 1, 1, 1, 1, 0]}