{"ckpt": "checkpoints/Track1/G-P/ternary/pipeline__GpP__mfcc__resnet__bilstm_mean__fold1_seed42/best_model_2026-05-16-00.40.25.pth", "track": "Track1", "task": "ternary", "subtrack": "G+P", "audio_feature": "mfcc", "video_feature": "resnet", "encoder_type": "bilstm_mean", "seed": 42, "experiment_name": "pipeline__GpP__mfcc__resnet__bilstm_mean__fold1_seed42", "val": {"acc": 0.7222222222222222, "f1": 0.2795698924731183, "kappa": 0.0, "ccc": -1.7209832657188296e-05, "rmse": 0.9203894993656381, "mae": 0.7500588562753465, "confusion_matrix": [[13, 0, 0], [3, 0, 0], [2, 0, 0]], "selection_score": 0.2795698924731183, "r2": -0.07594842607922625, "cls_loss": 1.058170451058282, "reg_loss": 0.8471168610784743, "loss": 1.9052873187594943}, "metric_split": "val", "test": {"acc": 0.6086956521739131, "f1": 0.2522522522522523, "kappa": 0.0, "ccc": -0.0061546257706173, "rmse": 0.7299255229136796, "mae": 0.514945942422618, "confusion_matrix": [[14, 0, 0], [8, 0, 0], [1, 0, 0]], "selection_score": 0.2522522522522523, "r2": -1.0170125242775945}, "ids": [1, 6, 8, 13, 18, 24, 26, 32, 33, 35, 45, 48, 51, 59, 69, 70, 83, 86, 91, 92, 97, 106, 117], "probs": [[0.38988208770751953, 0.2724221348762512, 0.337695837020874], [0.3928302824497223, 0.27527478337287903, 0.33189499378204346], [0.3899129033088684, 0.2763639986515045, 0.33372312784194946], [0.3962540030479431, 0.2783834636211395, 0.32536253333091736], [0.3872842490673065, 0.2800516188144684, 0.3326641023159027], [0.38891273736953735, 0.27245381474494934, 0.3386335074901581], [0.3902365565299988, 0.2723214626312256, 0.33744192123413086], [0.3850690722465515, 0.2789629101753235, 0.3359679579734802], [0.38937729597091675, 0.27664023637771606, 0.3339824378490448], [0.39315909147262573, 0.2705596685409546, 0.3362812399864197], [0.3874940574169159, 0.27678054571151733, 0.335725337266922], [0.39936038851737976, 0.2712804079055786, 0.32935917377471924], [0.382653146982193, 0.28082045912742615, 0.33652636408805847], [0.3875071108341217, 0.27522027492523193, 0.3372727036476135], [0.38417693972587585, 0.27653518319129944, 0.3392878770828247], [0.3957783579826355, 0.273057222366333, 0.3311643898487091], [0.38546010851860046, 0.27617213129997253, 0.33836784958839417], [0.3891626298427582, 0.2829519212245941, 0.3278854489326477], [0.38548633456230164, 0.27638891339302063, 0.3381247818470001], [0.38353583216667175, 0.2792661786079407, 0.33719801902770996], [0.3916148245334625, 0.27149707078933716, 0.3368881344795227], [0.38601770997047424, 0.27943313121795654, 0.3345491588115692], [0.387066125869751, 0.2791161835193634, 0.3338176906108856]], "phq_pred_log1p": [0.9818838834762573, 0.9740135669708252, 0.9716646671295166, 0.9836399555206299, 0.9961007833480835, 1.0178121328353882, 0.9879308938980103, 1.0086591243743896, 0.9916183948516846, 0.9886971712112427, 1.001811146736145, 0.9905533790588379, 0.9699313640594482, 0.9792468547821045, 0.9960767030715942, 0.9883322715759277, 0.9888975620269775, 0.9598603248596191, 1.0079208612442017, 0.999649167060852, 0.977665901184082, 1.0091333389282227, 0.9661978483200073], "phq_true_log1p": [2.5649492740631104, 2.079441547393799, 1.0986123085021973, 2.079441547393799, 1.0986123085021973, 1.0986123085021973, 2.079441547393799, 1.0986123085021973, 1.0986123085021973, 2.079441547393799, 1.0986123085021973, 2.079441547393799, 1.0986123085021973, 1.0986123085021973, 2.079441547393799, 1.0986123085021973, 1.0986123085021973, 2.079441547393799, 1.0986123085021973, 2.079441547393799, 1.0986123085021973, 1.0986123085021973, 1.0986123085021973], "y_true": [2, 1, 0, 1, 0, 0, 1, 0, 0, 1, 0, 1, 0, 0, 1, 0, 0, 1, 0, 1, 0, 0, 0], "y_pred": [0, 0, 0, 0, 0, 0, 0, 0, 0, 0, 0, 0, 0, 0, 0, 0, 0, 0, 0, 0, 0, 0, 0]}