{"ckpt": "checkpoints/Track2/A-V-G+P/binary/pipeline__A_V_GpP__opensmile__openface__bilstm_mean__frozen_val_seed42/best_model_2026-05-15-22.04.44.pth", "track": "Track2", "task": "binary", "subtrack": "A-V-G+P", "audio_feature": "opensmile", "video_feature": "openface", "encoder_type": "bilstm_mean", "seed": 42, "experiment_name": "pipeline__A_V_GpP__opensmile__openface__bilstm_mean__frozen_val_seed42", "val": {"acc": 0.6666666666666666, "f1": 0.6666666666666666, "kappa": 0.3414634146341463, "ccc": -0.16892466011000945, "rmse": 0.951108022095828, "mae": 0.7713284624947442, "confusion_matrix": [[3, 2], [1, 3]], "selection_score": 0.6666666666666666, "r2": -0.6476425798759073, "cls_loss": 0.739565934571955, "reg_loss": 0.9046064962943395, "loss": 1.6441724300384521}, "metric_split": "val", "test": {"acc": 0.45454545454545453, "f1": 0.45, "kappa": -0.09090909090909083, "ccc": 0.0404480270860547, "rmse": 0.8065299917789133, "mae": 0.6965745985507965, "confusion_matrix": [[6, 5], [7, 4]], "selection_score": 0.45, "r2": -1.3571217443838215}, "ids": [1, 5, 7, 13, 15, 22, 28, 33, 34, 40, 42, 44, 47, 58, 74, 83, 85, 89, 90, 93, 105, 110], "probs": [[0.05349871888756752, 0.9465012550354004], [0.9832265973091125, 0.01677340641617775], [0.9921935796737671, 0.007806421723216772], [0.62859046459198, 0.3714095652103424], [0.9888737201690674, 0.011126304045319557], [0.867143988609314, 0.13285598158836365], [0.9421451687812805, 0.057854872196912766], [0.9390348792076111, 0.06096513196825981], [0.9884251356124878, 0.011574909090995789], [0.10070663690567017, 0.8992934226989746], [0.18542227149009705, 0.8145777583122253], [0.009320600889623165, 0.9906794428825378], [0.31728091835975647, 0.6827191114425659], [0.02023201622068882, 0.9797679781913757], [0.5714760422706604, 0.428523987531662], [0.0127579215914011, 0.9872421026229858], [0.012552319094538689, 0.9874476790428162], [0.013088665902614594, 0.9869112968444824], [0.8974093794822693, 0.10259059816598892], [0.9935223460197449, 0.00647763954475522], [0.9901152849197388, 0.00988471694290638], [0.9317073225975037, 0.06829269975423813]], "phq_pred_log1p": [2.155092477798462, 0.9121478199958801, 0.36687570810317993, 1.5425407886505127, 0.8824545741081238, 1.4423840045928955, 0.9619998931884766, 1.5250864028930664, 0.7658396363258362, 2.170902967453003, 1.7565977573394775, 2.247678518295288, 1.8204185962677002, 2.223088502883911, 1.5721051692962646, 2.237800121307373, 2.2261734008789062, 2.2954471111297607, 1.3489470481872559, 0.5378577709197998, 0.5362405180931091, 1.289588451385498], "phq_true_log1p": [2.4849066734313965, 1.945910096168518, 1.945910096168518, 1.945910096168518, 1.945910096168518, 1.0986123085021973, 1.0986123085021973, 1.0986123085021973, 1.945910096168518, 1.0986123085021973, 1.945910096168518, 1.0986123085021973, 1.0986123085021973, 1.0986123085021973, 2.4849066734313965, 1.0986123085021973, 2.4849066734313965, 1.945910096168518, 1.945910096168518, 1.0986123085021973, 1.0986123085021973, 1.0986123085021973], "y_true": [1, 1, 1, 1, 1, 0, 0, 0, 1, 0, 1, 0, 0, 0, 1, 0, 1, 1, 1, 0, 0, 0], "y_pred": [1, 0, 0, 0, 0, 0, 0, 0, 0, 1, 1, 1, 1, 1, 0, 1, 1, 1, 0, 0, 0, 0]}