{"ckpt": "checkpoints/Track2/G-P/ternary/pipeline__GpP__mfcc__resnet__bilstm_mean__fold2_seed42/best_model_2026-05-16-02.04.57.pth", "track": "Track2", "task": "ternary", "subtrack": "G+P", "audio_feature": "mfcc", "video_feature": "resnet", "encoder_type": "bilstm_mean", "seed": 42, "experiment_name": "pipeline__GpP__mfcc__resnet__bilstm_mean__fold2_seed42", "val": {"acc": 0.5, "f1": 0.3532163742690058, "kappa": 0.12903225806451613, "ccc": -0.014558492008578863, "rmse": 0.6225559852077328, "mae": 0.5166373517778184, "confusion_matrix": [[4, 5, 0], [2, 5, 0], [0, 2, 0]], "selection_score": 0.3532163742690058, "r2": -0.01582799480119057, "cls_loss": 1.0433865785598755, "reg_loss": 0.38757596413294476, "loss": 1.4309625228246052}, "metric_split": "val", "test": {"acc": 0.2727272727272727, "f1": 0.19365079365079363, "kappa": -0.25266903914590744, "ccc": -0.009979915356777568, "rmse": 0.5296349098400893, "mae": 0.49896166541359643, "confusion_matrix": [[2, 9, 0], [4, 4, 0], [3, 0, 0]], "selection_score": 0.19365079365079363, "r2": -0.016469090274593423}, "ids": [1, 5, 7, 13, 15, 22, 28, 33, 34, 40, 42, 44, 47, 58, 74, 83, 85, 89, 90, 93, 105, 110], "probs": [[0.3997485339641571, 0.3917987644672394, 0.20845270156860352], [0.40649333596229553, 0.3816792070865631, 0.21182747185230255], [0.39598357677459717, 0.39528000354766846, 0.20873644948005676], [0.38742947578430176, 0.4043678641319275, 0.20820268988609314], [0.3944706320762634, 0.39889323711395264, 0.2066362053155899], [0.39134877920150757, 0.4005458950996399, 0.20810528099536896], [0.3896472752094269, 0.39933478832244873, 0.21101795136928558], [0.38618889451026917, 0.40424132347106934, 0.2095697820186615], [0.3963634669780731, 0.3969962000846863, 0.20664037764072418], [0.39535701274871826, 0.39550918340682983, 0.2091338187456131], [0.3968396782875061, 0.39215680956840515, 0.21100348234176636], [0.39550450444221497, 0.39675235748291016, 0.20774312317371368], [0.3937133848667145, 0.3975636065006256, 0.2087230682373047], [0.3955794870853424, 0.39624980092048645, 0.20817069709300995], [0.3979056179523468, 0.3936232924461365, 0.20847108960151672], [0.3963153064250946, 0.3939749598503113, 0.2097097486257553], [0.40137141942977905, 0.38785308599472046, 0.2107754647731781], [0.39154142141342163, 0.3992551267147064, 0.20920343697071075], [0.4024246633052826, 0.38618382811546326, 0.21139152348041534], [0.39703240990638733, 0.3939414322376251, 0.20902615785598755], [0.3925483822822571, 0.39794063568115234, 0.20951098203659058], [0.38850274682044983, 0.4032841622829437, 0.20821312069892883]], "phq_pred_log1p": [1.5101128816604614, 1.5045400857925415, 1.5880295038223267, 1.5541536808013916, 1.575039029121399, 1.5357156991958618, 1.5784721374511719, 1.5972446203231812, 1.5504717826843262, 1.5566439628601074, 1.567116618156433, 1.5817266702651978, 1.5587821006774902, 1.5646833181381226, 1.5853517055511475, 1.5738062858581543, 1.566049575805664, 1.5986195802688599, 1.5652401447296143, 1.5873210430145264, 1.5501424074172974, 1.5200775861740112], "phq_true_log1p": [2.4849066734313965, 1.945910096168518, 1.945910096168518, 1.945910096168518, 1.945910096168518, 1.0986123085021973, 1.0986123085021973, 1.0986123085021973, 1.945910096168518, 1.0986123085021973, 1.945910096168518, 1.0986123085021973, 1.0986123085021973, 1.0986123085021973, 2.4849066734313965, 1.0986123085021973, 2.4849066734313965, 1.945910096168518, 1.945910096168518, 1.0986123085021973, 1.0986123085021973, 1.0986123085021973], "y_true": [2, 1, 1, 1, 1, 0, 0, 0, 1, 0, 1, 0, 0, 0, 2, 0, 2, 1, 1, 0, 0, 0], "y_pred": [0, 0, 0, 1, 1, 1, 1, 1, 1, 1, 0, 1, 1, 1, 0, 0, 0, 1, 0, 0, 1, 1]}