{"ckpt": "checkpoints/Track1/A-V-G+P/ternary/pipeline__A_V_GpP__wav2vec__resnet__bilstm_mean__frozen_val_seed42/best_model_2026-05-15-22.44.40.pth", "track": "Track1", "task": "ternary", "subtrack": "A-V-G+P", "audio_feature": "wav2vec", "video_feature": "resnet", "encoder_type": "bilstm_mean", "seed": 42, "experiment_name": "pipeline__A_V_GpP__wav2vec__resnet__bilstm_mean__frozen_val_seed42", "val": {"acc": 0.7777777777777778, "f1": 0.5079365079365079, "kappa": 0.4193548387096774, "ccc": 0.15088958728331367, "rmse": 0.8806727678765927, "mae": 0.694785455862681, "confusion_matrix": [[6, 0, 0], [1, 1, 0], [1, 0, 0]], "selection_score": 0.5079365079365079, "r2": -0.3029743416806714, "cls_loss": 1.7979148493872747, "reg_loss": 0.7755844862096839, "loss": 2.573499321937561}, "metric_split": "val", "test": {"acc": 0.391304347826087, "f1": 0.1875, "kappa": -0.2828685258964141, "ccc": -0.3975571159556766, "rmse": 0.8472805966869457, "mae": 0.674810273491818, "confusion_matrix": [[9, 3, 2], [8, 0, 0], [1, 0, 0]], "selection_score": 0.1875, "r2": -1.7177281784391973}, "ids": [1, 6, 8, 13, 18, 24, 26, 32, 33, 35, 45, 48, 51, 59, 69, 70, 83, 86, 91, 92, 97, 106, 117], "probs": [[0.8654213547706604, 0.12853999435901642, 0.006038593128323555], [0.9225842952728271, 0.05986819788813591, 0.017547523602843285], [0.33756229281425476, 0.16703954339027405, 0.4953981637954712], [0.8361340165138245, 0.1568736732006073, 0.00699227349832654], [0.9881767630577087, 0.007908867672085762, 0.003914340399205685], [0.9937871694564819, 0.0021312872413545847, 0.0040816497057676315], [0.5023982524871826, 0.37809446454048157, 0.11950726807117462], [0.14354176819324493, 0.8275196552276611, 0.02893855981528759], [0.794707715511322, 0.19801118969917297, 0.007281045895069838], [0.9974422454833984, 0.0013927473919466138, 0.0011649770895019174], [0.9905601143836975, 0.005405358504503965, 0.0040344917215406895], [0.9871931672096252, 0.009785032831132412, 0.0030217731837183237], [0.978909432888031, 0.008625594899058342, 0.012464869767427444], [0.3368481993675232, 0.6258532404899597, 0.03729849308729172], [0.9858308434486389, 0.01058149989694357, 0.0035876280162483454], [0.989965558052063, 0.0051674372516572475, 0.004867012612521648], [0.9817286133766174, 0.002828239696100354, 0.015443138778209686], [0.9969170093536377, 0.0018498143181204796, 0.0012331801699474454], [0.3510236442089081, 0.20305748283863068, 0.44591882824897766], [0.9876986742019653, 0.009547211229801178, 0.00275416043587029], [0.9803028106689453, 0.006852603051811457, 0.012844557873904705], [0.23602186143398285, 0.7035477161407471, 0.06043042242527008], [0.8897960186004639, 0.09300177544355392, 0.017202211543917656]], "phq_pred_log1p": [0.9340894222259521, 1.5229488611221313, 2.192998170852661, 1.2113524675369263, 1.2577416896820068, 1.0983123779296875, 1.916755199432373, 1.530288577079773, 0.7966216802597046, 0.3411400616168976, 1.113599181175232, 1.0951545238494873, 1.4106391668319702, 1.6657567024230957, 1.1777085065841675, 1.0870450735092163, 1.441052794456482, 0.5840038061141968, 2.2815053462982178, 1.0506116151809692, 1.4382693767547607, 2.0588114261627197, 1.5341342687606812], "phq_true_log1p": [2.5649492740631104, 2.079441547393799, 1.0986123085021973, 2.079441547393799, 1.0986123085021973, 1.0986123085021973, 2.079441547393799, 1.0986123085021973, 1.0986123085021973, 2.079441547393799, 1.0986123085021973, 2.079441547393799, 1.0986123085021973, 1.0986123085021973, 2.079441547393799, 1.0986123085021973, 1.0986123085021973, 2.079441547393799, 1.0986123085021973, 2.079441547393799, 1.0986123085021973, 1.0986123085021973, 1.0986123085021973], "y_true": [2, 1, 0, 1, 0, 0, 1, 0, 0, 1, 0, 1, 0, 0, 1, 0, 0, 1, 0, 1, 0, 0, 0], "y_pred": [0, 0, 2, 0, 0, 0, 0, 1, 0, 0, 0, 0, 0, 1, 0, 0, 0, 0, 2, 0, 0, 1, 0]}