{"ckpt": "checkpoints/Track1/A-V-G+P/binary/pipeline__A_V_GpP__opensmile__openface__bilstm_mean__fold0_seed42/best_model_2026-05-16-00.12.50.pth", "track": "Track1", "task": "binary", "subtrack": "A-V-G+P", "audio_feature": "opensmile", "video_feature": "openface", "encoder_type": "bilstm_mean", "seed": 42, "experiment_name": "pipeline__A_V_GpP__opensmile__openface__bilstm_mean__fold0_seed42", "val": {"acc": 0.7222222222222222, "f1": 0.7142857142857142, "kappa": 0.4444444444444444, "ccc": 0.10942266024135472, "rmse": 0.927584165694875, "mae": 0.7261067032814026, "confusion_matrix": [[8, 4], [1, 5]], "selection_score": 0.7142857142857142, "r2": -0.26507519915058575, "cls_loss": 0.6427262756559584, "reg_loss": 0.8604123857286241, "loss": 1.5031386216481526}, "metric_split": "val", "test": {"acc": 0.43478260869565216, "f1": 0.43047619047619046, "kappa": -0.04181184668989535, "ccc": 0.01802515809212031, "rmse": 0.6529132010568631, "mae": 0.5688933652380238, "confusion_matrix": [[4, 10], [3, 6]], "selection_score": 0.43047619047619046, "r2": -0.6138471317372738}, "ids": [1, 6, 8, 13, 18, 24, 26, 32, 33, 35, 45, 48, 51, 59, 69, 70, 83, 86, 91, 92, 97, 106, 117], "probs": [[0.3625025749206543, 0.6374974250793457], [0.39825040102005005, 0.60174959897995], [0.4480489492416382, 0.5519510507583618], [0.3456815481185913, 0.6543184518814087], [0.44331875443458557, 0.5566812753677368], [0.6992290019989014, 0.30077096819877625], [0.6981989741325378, 0.30180105566978455], [0.6490999460220337, 0.3509001135826111], [0.36175158619880676, 0.6382483839988708], [0.49080929160118103, 0.5091906785964966], [0.44432759284973145, 0.5556723475456238], [0.7968523502349854, 0.20314763486385345], [0.31702134013175964, 0.682978630065918], [0.3416173458099365, 0.6583826541900635], [0.3592555522918701, 0.6407444477081299], [0.5514422059059143, 0.4485577642917633], [0.6160852313041687, 0.3839147090911865], [0.3904948830604553, 0.6095051169395447], [0.44307395815849304, 0.5569260120391846], [0.5025289058685303, 0.4974711239337921], [0.4941701889038086, 0.5058298110961914], [0.41538459062576294, 0.5846154093742371], [0.4119754433631897, 0.5880245566368103]], "phq_pred_log1p": [2.084329843521118, 1.9387767314910889, 1.897373080253601, 2.122251033782959, 1.8523539304733276, 1.2876569032669067, 1.3389426469802856, 1.4502743482589722, 1.9874542951583862, 1.737499475479126, 1.9318329095840454, 1.217175006866455, 2.1212680339813232, 1.9139083623886108, 2.0874671936035156, 1.7029634714126587, 1.5182569026947021, 2.05365252494812, 2.012052059173584, 1.7247666120529175, 1.8867214918136597, 1.9423598051071167, 1.9633532762527466], "phq_true_log1p": [2.5649492740631104, 2.079441547393799, 1.0986123085021973, 2.079441547393799, 1.0986123085021973, 1.0986123085021973, 2.079441547393799, 1.0986123085021973, 1.0986123085021973, 2.079441547393799, 1.0986123085021973, 2.079441547393799, 1.0986123085021973, 1.0986123085021973, 2.079441547393799, 1.0986123085021973, 1.0986123085021973, 2.079441547393799, 1.0986123085021973, 2.079441547393799, 1.0986123085021973, 1.0986123085021973, 1.0986123085021973], "y_true": [1, 1, 0, 1, 0, 0, 1, 0, 0, 1, 0, 1, 0, 0, 1, 0, 0, 1, 0, 1, 0, 0, 0], "y_pred": [1, 1, 1, 1, 1, 0, 0, 0, 1, 1, 1, 0, 1, 1, 1, 0, 0, 1, 1, 0, 1, 1, 1]}