{"ckpt": "checkpoints/Track1/A-V-P/binary/pipeline__A_VpP__mfcc__openface__bilstm_mean__frozen_val_seed3407/best_model_2026-05-15-21.19.54.pth", "track": "Track1", "task": "binary", "subtrack": "A-V+P", "audio_feature": "mfcc", "video_feature": "openface", "encoder_type": "bilstm_mean", "seed": 3407, "experiment_name": "pipeline__A_VpP__mfcc__openface__bilstm_mean__frozen_val_seed3407", "val": {"acc": 0.7777777777777778, "f1": 0.75, "kappa": 0.5, "ccc": 0.2826805831987868, "rmse": 0.6187023469569524, "mae": 0.5966701640023125, "confusion_matrix": [[5, 1], [1, 2]], "selection_score": 0.75, "r2": 0.13759697927382142, "cls_loss": 0.572367270787557, "reg_loss": 0.3827925953600142, "loss": 0.955159862836202}, "metric_split": "val", "test": {"acc": 0.4782608695652174, "f1": 0.46923076923076923, "kappa": -0.05343511450381677, "ccc": 0.08085765244968958, "rmse": 0.706545971446507, "mae": 0.5804933918559033, "confusion_matrix": [[7, 7], [5, 4]], "selection_score": 0.46923076923076923, "r2": -0.8898717995109724}, "ids": [1, 6, 8, 13, 18, 24, 26, 32, 33, 35, 45, 48, 51, 59, 69, 70, 83, 86, 91, 92, 97, 106, 117], "probs": [[0.059770774096250534, 0.9402292966842651], [0.2110568732023239, 0.7889431118965149], [0.1337001919746399, 0.8662998080253601], [0.3312215209007263, 0.6687784790992737], [0.13440576195716858, 0.8655942678451538], [0.526549756526947, 0.47345030307769775], [0.5640079975128174, 0.435992032289505], [0.819327712059021, 0.1806722730398178], [0.17859137058258057, 0.8214086294174194], [0.5405929684638977, 0.4594070017337799], [0.2703067362308502, 0.7296932935714722], [0.966285228729248, 0.03371480107307434], [0.4827428460121155, 0.5172571539878845], [0.7304036617279053, 0.2695963382720947], [0.10138056427240372, 0.8986194133758545], [0.5360946655273438, 0.4639052748680115], [0.950001060962677, 0.04999896138906479], [0.7877990007400513, 0.21220096945762634], [0.1632106453180313, 0.8367894291877747], [0.6808925867080688, 0.31910741329193115], [0.3208194673061371, 0.6791805624961853], [0.7564796805381775, 0.24352027475833893], [0.873143196105957, 0.12685678899288177]], "phq_pred_log1p": [2.4577927589416504, 2.0319390296936035, 2.1891772747039795, 1.9456405639648438, 2.1559436321258545, 1.727796196937561, 1.5879919528961182, 1.313428521156311, 2.096945285797119, 1.6808996200561523, 2.0455567836761475, 0.3962673246860504, 1.7496768236160278, 1.4713325500488281, 2.25207257270813, 1.6993343830108643, 0.6124389171600342, 1.4144673347473145, 2.074275016784668, 1.5823734998703003, 1.9017428159713745, 1.411224603652954, 1.0828229188919067], "phq_true_log1p": [2.5649492740631104, 2.079441547393799, 1.0986123085021973, 2.079441547393799, 1.0986123085021973, 1.0986123085021973, 2.079441547393799, 1.0986123085021973, 1.0986123085021973, 2.079441547393799, 1.0986123085021973, 2.079441547393799, 1.0986123085021973, 1.0986123085021973, 2.079441547393799, 1.0986123085021973, 1.0986123085021973, 2.079441547393799, 1.0986123085021973, 2.079441547393799, 1.0986123085021973, 1.0986123085021973, 1.0986123085021973], "y_true": [1, 1, 0, 1, 0, 0, 1, 0, 0, 1, 0, 1, 0, 0, 1, 0, 0, 1, 0, 1, 0, 0, 0], "y_pred": [1, 1, 1, 1, 1, 0, 0, 0, 1, 0, 1, 0, 1, 0, 1, 0, 0, 0, 1, 0, 1, 0, 0]}