{"ckpt": "checkpoints/Track1/A-V-P/ternary/pipeline__A_VpP__opensmile__openface__bilstm_mean__frozen_val_seed42/best_model_2026-05-15-22.36.00.pth", "track": "Track1", "task": "ternary", "subtrack": "A-V+P", "audio_feature": "opensmile", "video_feature": "openface", "encoder_type": "bilstm_mean", "seed": 42, "experiment_name": "pipeline__A_VpP__opensmile__openface__bilstm_mean__frozen_val_seed42", "val": {"acc": 0.6666666666666666, "f1": 0.4444444444444445, "kappa": 0.32500000000000007, "ccc": 0.4447898487363315, "rmse": 0.6649779444408586, "mae": 0.5160915851593018, "confusion_matrix": [[5, 1, 0], [0, 1, 1], [1, 0, 0]], "selection_score": 0.4444444444444445, "r2": 0.2571156467353821, "cls_loss": 1.2397512594858806, "reg_loss": 0.442195669023527, "loss": 1.681946939892239}, "metric_split": "val", "test": {"acc": 0.5652173913043478, "f1": 0.35488505747126436, "kappa": 0.0980392156862745, "ccc": 0.05635816916364914, "rmse": 0.6932493123345999, "mae": 0.5596280797668125, "confusion_matrix": [[10, 4, 0], [5, 3, 0], [0, 1, 0]], "selection_score": 0.35488505747126436, "r2": -0.8194092170033378}, "ids": [1, 6, 8, 13, 18, 24, 26, 32, 33, 35, 45, 48, 51, 59, 69, 70, 83, 86, 91, 92, 97, 106, 117], "probs": [[0.16142770648002625, 0.5291520357131958, 0.30942022800445557], [0.24212384223937988, 0.5571345090866089, 0.200741708278656], [0.31680378317832947, 0.4172823429107666, 0.26591384410858154], [0.30453187227249146, 0.38353246450424194, 0.311935693025589], [0.2422831952571869, 0.5065121054649353, 0.2512047588825226], [0.8168337345123291, 0.13153162598609924, 0.051634613424539566], [0.8331668376922607, 0.11158959567546844, 0.05524352192878723], [0.6812469363212585, 0.23903727531433105, 0.07971576601266861], [0.36740896105766296, 0.36484038829803467, 0.26775071024894714], [0.7326332330703735, 0.1830662488937378, 0.08430053293704987], [0.37652209401130676, 0.3638165593147278, 0.25966134667396545], [0.9268826842308044, 0.048189859837293625, 0.024927493184804916], [0.28557437658309937, 0.4901646375656128, 0.22426094114780426], [0.4177497327327728, 0.45802041888237, 0.12422989308834076], [0.37251681089401245, 0.368439257144928, 0.25904396176338196], [0.5451538562774658, 0.32828426361083984, 0.12656188011169434], [0.891122579574585, 0.0765429139137268, 0.032334502786397934], [0.5784477591514587, 0.2599352300167084, 0.16161704063415527], [0.5520423054695129, 0.18292850255966187, 0.2650291919708252], [0.41594401001930237, 0.4407845139503479, 0.1432715207338333], [0.5584312677383423, 0.2668350636959076, 0.1747337281703949], [0.5239042639732361, 0.3414500653743744, 0.13464568555355072], [0.6075770258903503, 0.24654299020767212, 0.14587999880313873]], "phq_pred_log1p": [2.2546935081481934, 1.8803893327713013, 1.919607162475586, 1.91848623752594, 1.9845197200775146, 0.9117212891578674, 0.6823515295982361, 1.1461440324783325, 1.6538604497909546, 1.0002033710479736, 1.8818291425704956, 0.33036160469055176, 1.7872298955917358, 1.3713548183441162, 1.9232696294784546, 1.4444825649261475, 0.47782188653945923, 1.506081223487854, 1.6292741298675537, 1.6406195163726807, 1.570493221282959, 1.4877206087112427, 1.3065706491470337], "phq_true_log1p": [2.5649492740631104, 2.079441547393799, 1.0986123085021973, 2.079441547393799, 1.0986123085021973, 1.0986123085021973, 2.079441547393799, 1.0986123085021973, 1.0986123085021973, 2.079441547393799, 1.0986123085021973, 2.079441547393799, 1.0986123085021973, 1.0986123085021973, 2.079441547393799, 1.0986123085021973, 1.0986123085021973, 2.079441547393799, 1.0986123085021973, 2.079441547393799, 1.0986123085021973, 1.0986123085021973, 1.0986123085021973], "y_true": [2, 1, 0, 1, 0, 0, 1, 0, 0, 1, 0, 1, 0, 0, 1, 0, 0, 1, 0, 1, 0, 0, 0], "y_pred": [1, 1, 1, 1, 1, 0, 0, 0, 0, 0, 0, 0, 1, 1, 0, 0, 0, 0, 0, 1, 0, 0, 0]}