{"ckpt": "checkpoints/Track2/A-V-G+P/binary/pipeline__A_V_GpP__opensmile__openface__bilstm_mean__fold4_seed42/best_model_2026-05-16-00.58.47.pth", "track": "Track2", "task": "binary", "subtrack": "A-V-G+P", "audio_feature": "opensmile", "video_feature": "openface", "encoder_type": "bilstm_mean", "seed": 42, "experiment_name": "pipeline__A_V_GpP__opensmile__openface__bilstm_mean__fold4_seed42", "val": {"acc": 0.5882352941176471, "f1": 0.5296442687747036, "kappa": 0.2119205298013246, "ccc": 0.06126339676275444, "rmse": 0.77073291780236, "mae": 0.5716424268834731, "confusion_matrix": [[2, 7], [0, 8]], "selection_score": 0.5296442687747036, "r2": -0.2782994599911046, "cls_loss": 0.7773852804127861, "reg_loss": 0.5940292299149886, "loss": 1.3714145316797144}, "metric_split": "val", "test": {"acc": 0.5, "f1": 0.4905263157894737, "kappa": 0.0, "ccc": 0.04030525020665581, "rmse": 0.6651621579180372, "mae": 0.5766342878341675, "confusion_matrix": [[4, 7], [4, 7]], "selection_score": 0.4905263157894737, "r2": -0.6032307639791148}, "ids": [1, 5, 7, 13, 15, 22, 28, 33, 34, 40, 42, 44, 47, 58, 74, 83, 85, 89, 90, 93, 105, 110], "probs": [[0.4515143930912018, 0.5484856367111206], [0.6025954484939575, 0.3974045515060425], [0.7374199032783508, 0.26258009672164917], [0.2728046178817749, 0.7271953821182251], [0.6023125648498535, 0.39768749475479126], [0.31302690505981445, 0.6869730949401855], [0.31952717900276184, 0.6804727911949158], [0.676790177822113, 0.3232097923755646], [0.7006570100784302, 0.2993429899215698], [0.367775559425354, 0.632224440574646], [0.46541425585746765, 0.5345857739448547], [0.22084902226924896, 0.7791509628295898], [0.26518094539642334, 0.7348191142082214], [0.32889869809150696, 0.6711013317108154], [0.36728519201278687, 0.6327148675918579], [0.3931857943534851, 0.6068142056465149], [0.2159489244222641, 0.7840510606765747], [0.21526114642620087, 0.7847388386726379], [0.4647733271121979, 0.5352266430854797], [0.7352419495582581, 0.26475799083709717], [0.6683070063591003, 0.33169305324554443], [0.5347467660903931, 0.4652532637119293]], "phq_pred_log1p": [1.6626760959625244, 1.2471184730529785, 0.7399280667304993, 2.0133328437805176, 1.3773168325424194, 1.906000018119812, 1.8682997226715088, 1.1535379886627197, 0.9783910512924194, 1.8242086172103882, 1.6377464532852173, 2.2013158798217773, 2.009190320968628, 1.8915454149246216, 1.7882691621780396, 1.6843663454055786, 2.1272451877593994, 2.2083687782287598, 1.622240424156189, 0.8973882794380188, 1.000830054283142, 1.4568642377853394], "phq_true_log1p": [2.4849066734313965, 1.945910096168518, 1.945910096168518, 1.945910096168518, 1.945910096168518, 1.0986123085021973, 1.0986123085021973, 1.0986123085021973, 1.945910096168518, 1.0986123085021973, 1.945910096168518, 1.0986123085021973, 1.0986123085021973, 1.0986123085021973, 2.4849066734313965, 1.0986123085021973, 2.4849066734313965, 1.945910096168518, 1.945910096168518, 1.0986123085021973, 1.0986123085021973, 1.0986123085021973], "y_true": [1, 1, 1, 1, 1, 0, 0, 0, 1, 0, 1, 0, 0, 0, 1, 0, 1, 1, 1, 0, 0, 0], "y_pred": [1, 0, 0, 1, 0, 1, 1, 0, 0, 1, 1, 1, 1, 1, 1, 1, 1, 1, 1, 0, 0, 0]}