{"ckpt": "checkpoints/Track1/A-V-P/binary/pipeline__A_VpP__wav2vec__resnet__bilstm_mean__frozen_val_seed42/best_model_2026-05-15-21.11.58.pth", "track": "Track1", "task": "binary", "subtrack": "A-V+P", "audio_feature": "wav2vec", "video_feature": "resnet", "encoder_type": "bilstm_mean", "seed": 42, "experiment_name": "pipeline__A_VpP__wav2vec__resnet__bilstm_mean__frozen_val_seed42", "val": {"acc": 0.6666666666666666, "f1": 0.4, "kappa": 0.0, "ccc": -0.018924343613296375, "rmse": 0.6978868705933831, "mae": 0.5454045666588677, "confusion_matrix": [[6, 0], [3, 0]], "selection_score": 0.4, "r2": -0.09727831896929273, "cls_loss": 0.6805007060368856, "reg_loss": 0.48704610930548775, "loss": 1.1675467888514202}, "metric_split": "val", "test": {"acc": 0.6086956521739131, "f1": 0.3783783783783784, "kappa": 0.0, "ccc": -0.007196737820536176, "rmse": 0.5824481558485696, "mae": 0.4367009453151537, "confusion_matrix": [[14, 0], [9, 0]], "selection_score": 0.3783783783783784, "r2": -0.28429870503993904}, "ids": [1, 6, 8, 13, 18, 24, 26, 32, 33, 35, 45, 48, 51, 59, 69, 70, 83, 86, 91, 92, 97, 106, 117], "probs": [[0.5572301149368286, 0.4427699148654938], [0.5635708570480347, 0.43642914295196533], [0.5615757703781128, 0.4384241998195648], [0.5600802302360535, 0.43991976976394653], [0.5613943934440613, 0.43860557675361633], [0.5593158006668091, 0.4406842291355133], [0.5659304857254028, 0.43406951427459717], [0.5673269033432007, 0.4326731264591217], [0.5727409720420837, 0.42725899815559387], [0.5586938261985779, 0.4413061738014221], [0.5557491183280945, 0.4442509114742279], [0.5587040185928345, 0.44129595160484314], [0.5616903305053711, 0.4383096992969513], [0.5640276670455933, 0.43597233295440674], [0.5566594004631042, 0.44334062933921814], [0.5598029494285583, 0.44019702076911926], [0.5606957077980042, 0.4393042325973511], [0.5603156685829163, 0.43968436121940613], [0.5576304197311401, 0.44236958026885986], [0.5607230067253113, 0.4392770230770111], [0.5622654557228088, 0.43773454427719116], [0.5637307167053223, 0.43626928329467773], [0.5599023103713989, 0.4400976300239563]], "phq_pred_log1p": [1.2295244932174683, 1.24553382396698, 1.2241096496582031, 1.2322258949279785, 1.2236326932907104, 1.217727780342102, 1.231157660484314, 1.2600470781326294, 1.2878530025482178, 1.2553342580795288, 1.2201241254806519, 1.2253990173339844, 1.2353254556655884, 1.243270754814148, 1.2044934034347534, 1.220033049583435, 1.234942078590393, 1.2364258766174316, 1.231118083000183, 1.2239643335342407, 1.2382632493972778, 1.2395447492599487, 1.2322794198989868], "phq_true_log1p": [2.5649492740631104, 2.079441547393799, 1.0986123085021973, 2.079441547393799, 1.0986123085021973, 1.0986123085021973, 2.079441547393799, 1.0986123085021973, 1.0986123085021973, 2.079441547393799, 1.0986123085021973, 2.079441547393799, 1.0986123085021973, 1.0986123085021973, 2.079441547393799, 1.0986123085021973, 1.0986123085021973, 2.079441547393799, 1.0986123085021973, 2.079441547393799, 1.0986123085021973, 1.0986123085021973, 1.0986123085021973], "y_true": [1, 1, 0, 1, 0, 0, 1, 0, 0, 1, 0, 1, 0, 0, 1, 0, 0, 1, 0, 1, 0, 0, 0], "y_pred": [0, 0, 0, 0, 0, 0, 0, 0, 0, 0, 0, 0, 0, 0, 0, 0, 0, 0, 0, 0, 0, 0, 0]}