{"ckpt": "checkpoints/Track2/A-V-G+P/binary/pipeline__A_V_GpP__mfcc__resnet__bilstm_mean__fold1_seed42/best_model_2026-05-16-00.50.37.pth", "track": "Track2", "task": "binary", "subtrack": "A-V-G+P", "audio_feature": "mfcc", "video_feature": "resnet", "encoder_type": "bilstm_mean", "seed": 42, "experiment_name": "pipeline__A_V_GpP__mfcc__resnet__bilstm_mean__fold1_seed42", "val": {"acc": 0.6111111111111112, "f1": 0.5418181818181818, "kappa": 0.2222222222222222, "ccc": 0.0034554805467111845, "rmse": 0.8365548704156193, "mae": 0.7165655493736267, "confusion_matrix": [[9, 0], [7, 2]], "selection_score": 0.5418181818181818, "r2": -0.02271855814700574, "cls_loss": 0.6955000228352017, "reg_loss": 0.6998240682813857, "loss": 1.3953240977393255}, "metric_split": "val", "test": {"acc": 0.5, "f1": 0.39950372208436724, "kappa": 0.0, "ccc": 0.006480530542976473, "rmse": 0.5248010936541726, "mae": 0.4965351765806025, "confusion_matrix": [[10, 1], [10, 1]], "selection_score": 0.39950372208436724, "r2": 0.0020002477019156473}, "ids": [1, 5, 7, 13, 15, 22, 28, 33, 34, 40, 42, 44, 47, 58, 74, 83, 85, 89, 90, 93, 105, 110], "probs": [[0.4794566035270691, 0.5205433964729309], [0.5034835934638977, 0.4965164065361023], [0.5162111520767212, 0.48378878831863403], [0.5075846314430237, 0.4924153685569763], [0.5182007551193237, 0.4817992150783539], [0.49851882457733154, 0.5014811158180237], [0.5115174055099487, 0.4884825646877289], [0.5097026824951172, 0.4902973771095276], [0.5199759006500244, 0.4800240695476532], [0.5110068917274475, 0.4889931082725525], [0.5184040665626526, 0.4815959632396698], [0.517636239528656, 0.482363760471344], [0.5092149376869202, 0.49078506231307983], [0.5125826597213745, 0.4874173700809479], [0.5157021284103394, 0.48429784178733826], [0.5134572982788086, 0.4865427017211914], [0.5032063126564026, 0.4967937171459198], [0.5086756348609924, 0.49132436513900757], [0.5233676433563232, 0.47663238644599915], [0.5189551711082458, 0.48104485869407654], [0.5050469636917114, 0.49495306611061096], [0.5042825937271118, 0.4957174062728882]], "phq_pred_log1p": [1.5990796089172363, 1.5726765394210815, 1.5250698328018188, 1.573515772819519, 1.58763587474823, 1.5983675718307495, 1.5480291843414307, 1.5814765691757202, 1.5596522092819214, 1.553604006767273, 1.56195068359375, 1.5709753036499023, 1.5602954626083374, 1.5594899654388428, 1.5695470571517944, 1.5262057781219482, 1.5597981214523315, 1.6032172441482544, 1.5366109609603882, 1.5688198804855347, 1.584525465965271, 1.5834732055664062], "phq_true_log1p": [2.4849066734313965, 1.945910096168518, 1.945910096168518, 1.945910096168518, 1.945910096168518, 1.0986123085021973, 1.0986123085021973, 1.0986123085021973, 1.945910096168518, 1.0986123085021973, 1.945910096168518, 1.0986123085021973, 1.0986123085021973, 1.0986123085021973, 2.4849066734313965, 1.0986123085021973, 2.4849066734313965, 1.945910096168518, 1.945910096168518, 1.0986123085021973, 1.0986123085021973, 1.0986123085021973], "y_true": [1, 1, 1, 1, 1, 0, 0, 0, 1, 0, 1, 0, 0, 0, 1, 0, 1, 1, 1, 0, 0, 0], "y_pred": [1, 0, 0, 0, 0, 1, 0, 0, 0, 0, 0, 0, 0, 0, 0, 0, 0, 0, 0, 0, 0, 0]}