{"ckpt": "checkpoints/Track2/A-V-G+P/binary/pipeline__A_V_GpP__opensmile__resnet__bilstm_mean__fold3_seed42/best_model_2026-05-16-00.57.43.pth", "track": "Track2", "task": "binary", "subtrack": "A-V-G+P", "audio_feature": "opensmile", "video_feature": "resnet", "encoder_type": "bilstm_mean", "seed": 42, "experiment_name": "pipeline__A_V_GpP__opensmile__resnet__bilstm_mean__fold3_seed42", "val": {"acc": 0.6470588235294118, "f1": 0.6458333333333333, "kappa": 0.3013698630136986, "ccc": -0.005696477262999132, "rmse": 0.6914624066249663, "mae": 0.5292726053911097, "confusion_matrix": [[5, 4], [2, 6]], "selection_score": 0.6458333333333333, "r2": -0.013450043960599789, "cls_loss": 0.6942604043904472, "reg_loss": 0.47812024021849914, "loss": 1.1723806577570297}, "metric_split": "val", "test": {"acc": 0.5454545454545454, "f1": 0.5089285714285714, "kappa": 0.09090909090909094, "ccc": 0.01817054469156522, "rmse": 0.521951640782398, "mae": 0.4937055002559315, "confusion_matrix": [[3, 8], [2, 9]], "selection_score": 0.5089285714285714, "r2": 0.012808277991944506}, "ids": [1, 5, 7, 13, 15, 22, 28, 33, 34, 40, 42, 44, 47, 58, 74, 83, 85, 89, 90, 93, 105, 110], "probs": [[0.48790115118026733, 0.5120988488197327], [0.479190856218338, 0.5208091139793396], [0.5011052489280701, 0.4988947808742523], [0.49213773012161255, 0.5078622698783875], [0.49756795167922974, 0.5024320483207703], [0.48935896158218384, 0.5106410384178162], [0.49752944707870483, 0.5024705529212952], [0.49488645792007446, 0.5051136016845703], [0.49711644649505615, 0.5028834939002991], [0.489012211561203, 0.5109877586364746], [0.4929395318031311, 0.5070604085922241], [0.5060181021690369, 0.4939819276332855], [0.4924487769603729, 0.5075511932373047], [0.4963497519493103, 0.5036502480506897], [0.4883818030357361, 0.5116181373596191], [0.4920584559440613, 0.5079415440559387], [0.4905632436275482, 0.5094367861747742], [0.49951353669166565, 0.500486433506012], [0.5041754841804504, 0.4958244860172272], [0.505771279335022, 0.4942287504673004], [0.4982536733150482, 0.5017462968826294], [0.506060779094696, 0.49393922090530396]], "phq_pred_log1p": [1.5975315570831299, 1.5618488788604736, 1.5665867328643799, 1.5493645668029785, 1.5596261024475098, 1.5446043014526367, 1.5450224876403809, 1.5473382472991943, 1.553502082824707, 1.5655148029327393, 1.5712931156158447, 1.5531113147735596, 1.5464531183242798, 1.5515857934951782, 1.569570779800415, 1.5543322563171387, 1.5528993606567383, 1.5522699356079102, 1.5510601997375488, 1.575108289718628, 1.5617916584014893, 1.5649466514587402], "phq_true_log1p": [2.4849066734313965, 1.945910096168518, 1.945910096168518, 1.945910096168518, 1.945910096168518, 1.0986123085021973, 1.0986123085021973, 1.0986123085021973, 1.945910096168518, 1.0986123085021973, 1.945910096168518, 1.0986123085021973, 1.0986123085021973, 1.0986123085021973, 2.4849066734313965, 1.0986123085021973, 2.4849066734313965, 1.945910096168518, 1.945910096168518, 1.0986123085021973, 1.0986123085021973, 1.0986123085021973], "y_true": [1, 1, 1, 1, 1, 0, 0, 0, 1, 0, 1, 0, 0, 0, 1, 0, 1, 1, 1, 0, 0, 0], "y_pred": [1, 1, 0, 1, 1, 1, 1, 1, 1, 1, 1, 0, 1, 1, 1, 1, 1, 1, 0, 0, 1, 0]}