{"ckpt": "checkpoints/Track1/A-V-G+P/binary/pipeline__A_V_GpP__opensmile__resnet__bilstm_mean__fold4_seed42/best_model_2026-05-16-00.24.06.pth", "track": "Track1", "task": "binary", "subtrack": "A-V-G+P", "audio_feature": "opensmile", "video_feature": "resnet", "encoder_type": "bilstm_mean", "seed": 42, "experiment_name": "pipeline__A_V_GpP__opensmile__resnet__bilstm_mean__fold4_seed42", "val": {"acc": 0.5294117647058824, "f1": 0.43333333333333335, "kappa": -0.1333333333333333, "ccc": -0.1142845168358309, "rmse": 0.7677454524061867, "mae": 0.5470214626368355, "confusion_matrix": [[8, 4], [4, 1]], "selection_score": 0.43333333333333335, "r2": -0.5863061589699741, "cls_loss": 0.6764118496109458, "reg_loss": 0.5894330985405866, "loss": 1.2658449481515324}, "metric_split": "val", "test": {"acc": 0.5217391304347826, "f1": 0.4559139784946237, "kappa": -0.06751054852320659, "ccc": -0.2551232582190952, "rmse": 0.7385793285004247, "mae": 0.6513385202573694, "confusion_matrix": [[10, 4], [7, 2]], "selection_score": 0.4559139784946237, "r2": -1.065122375676777}, "ids": [1, 6, 8, 13, 18, 24, 26, 32, 33, 35, 45, 48, 51, 59, 69, 70, 83, 86, 91, 92, 97, 106, 117], "probs": [[0.5019930601119995, 0.4980069100856781], [0.6337689757347107, 0.3662310540676117], [0.6491755843162537, 0.35082438588142395], [0.5258005261421204, 0.474199503660202], [0.6004734635353088, 0.3995265066623688], [0.6478891968727112, 0.3521108329296112], [0.4219309389591217, 0.5780690312385559], [0.44477179646492004, 0.5552281737327576], [0.5990229845046997, 0.4009769558906555], [0.8110249638557434, 0.1889750063419342], [0.5700886249542236, 0.42991140484809875], [0.6107752919197083, 0.38922473788261414], [0.5526561737060547, 0.4473438560962677], [0.35137099027633667, 0.6486290097236633], [0.4869769811630249, 0.5130230188369751], [0.6354490518569946, 0.36455094814300537], [0.609925389289856, 0.39007464051246643], [0.8344680070877075, 0.16553203761577606], [0.45083993673324585, 0.5491600632667542], [0.6052328944206238, 0.3947671055793762], [0.47570449113845825, 0.5242955088615417], [0.525688111782074, 0.4743119180202484], [0.5229591727256775, 0.4770407974720001]], "phq_pred_log1p": [1.863848328590393, 1.4633893966674805, 1.4123995304107666, 1.827000379562378, 1.6407197713851929, 1.4803612232208252, 2.0517845153808594, 2.088181257247925, 1.6910098791122437, 0.8403539657592773, 1.715911626815796, 1.5547268390655518, 1.7868068218231201, 2.3134400844573975, 1.927735686302185, 1.4173250198364258, 1.647169589996338, 0.5975120067596436, 2.04681134223938, 1.5522799491882324, 2.015019178390503, 1.815293550491333, 1.7690588235855103], "phq_true_log1p": [2.5649492740631104, 2.079441547393799, 1.0986123085021973, 2.079441547393799, 1.0986123085021973, 1.0986123085021973, 2.079441547393799, 1.0986123085021973, 1.0986123085021973, 2.079441547393799, 1.0986123085021973, 2.079441547393799, 1.0986123085021973, 1.0986123085021973, 2.079441547393799, 1.0986123085021973, 1.0986123085021973, 2.079441547393799, 1.0986123085021973, 2.079441547393799, 1.0986123085021973, 1.0986123085021973, 1.0986123085021973], "y_true": [1, 1, 0, 1, 0, 0, 1, 0, 0, 1, 0, 1, 0, 0, 1, 0, 0, 1, 0, 1, 0, 0, 0], "y_pred": [0, 0, 0, 0, 0, 0, 1, 1, 0, 0, 0, 0, 0, 1, 1, 0, 0, 0, 1, 0, 1, 0, 0]}