{"ckpt": "checkpoints/Track2/A-V-P/binary/pipeline__A_VpP__mfcc__openface__bilstm_mean__frozen_val_seed42/best_model_2026-05-15-21.38.58.pth", "track": "Track2", "task": "binary", "subtrack": "A-V+P", "audio_feature": "mfcc", "video_feature": "openface", "encoder_type": "bilstm_mean", "seed": 42, "experiment_name": "pipeline__A_VpP__mfcc__openface__bilstm_mean__frozen_val_seed42", "val": {"acc": 0.6666666666666666, "f1": 0.6666666666666666, "kappa": 0.3414634146341463, "ccc": -0.013398502462628081, "rmse": 0.7654409682338327, "mae": 0.5885176526175605, "confusion_matrix": [[3, 2], [1, 3]], "selection_score": 0.6666666666666666, "r2": -0.06715308295455835, "cls_loss": 0.6890800992647806, "reg_loss": 0.5858998669880546, "loss": 1.274979955620236}, "metric_split": "val", "test": {"acc": 0.6818181818181818, "f1": 0.6644880174291938, "kappa": 0.36363636363636365, "ccc": 0.006976630925353607, "rmse": 0.5348097457556318, "mae": 0.49719514088197186, "confusion_matrix": [[5, 6], [1, 10]], "selection_score": 0.6644880174291938, "r2": -0.03642909501685976}, "ids": [1, 5, 7, 13, 15, 22, 28, 33, 34, 40, 42, 44, 47, 58, 74, 83, 85, 89, 90, 93, 105, 110], "probs": [[0.49707695841789246, 0.5029230713844299], [0.5024294853210449, 0.4975705146789551], [0.4985470175743103, 0.5014529824256897], [0.49927178025245667, 0.5007282495498657], [0.49471718072891235, 0.5052828788757324], [0.5000236630439758, 0.4999763071537018], [0.5010347962379456, 0.49896517395973206], [0.500113844871521, 0.4998861253261566], [0.48952019214630127, 0.5104798078536987], [0.4981354773044586, 0.501864492893219], [0.4911805987358093, 0.5088194012641907], [0.4848659634590149, 0.5151340961456299], [0.4880059063434601, 0.5119941234588623], [0.4958757758140564, 0.5041242241859436], [0.49515092372894287, 0.5048490762710571], [0.49757423996925354, 0.5024257302284241], [0.4945145547389984, 0.505485475063324], [0.49868348240852356, 0.501316487789154], [0.4905812442302704, 0.509418785572052], [0.5041038990020752, 0.4958961308002472], [0.5018960237503052, 0.4981040060520172], [0.48661014437675476, 0.5133898854255676]], "phq_pred_log1p": [1.701460599899292, 1.674997091293335, 1.6953344345092773, 1.7193920612335205, 1.6891357898712158, 1.7093687057495117, 1.7155728340148926, 1.6946508884429932, 1.697852611541748, 1.687648892402649, 1.6887153387069702, 1.7148871421813965, 1.730424404144287, 1.6908152103424072, 1.7364037036895752, 1.7012172937393188, 1.7169318199157715, 1.7347288131713867, 1.6921205520629883, 1.6878244876861572, 1.6951992511749268, 1.7204914093017578], "phq_true_log1p": [2.4849066734313965, 1.945910096168518, 1.945910096168518, 1.945910096168518, 1.945910096168518, 1.0986123085021973, 1.0986123085021973, 1.0986123085021973, 1.945910096168518, 1.0986123085021973, 1.945910096168518, 1.0986123085021973, 1.0986123085021973, 1.0986123085021973, 2.4849066734313965, 1.0986123085021973, 2.4849066734313965, 1.945910096168518, 1.945910096168518, 1.0986123085021973, 1.0986123085021973, 1.0986123085021973], "y_true": [1, 1, 1, 1, 1, 0, 0, 0, 1, 0, 1, 0, 0, 0, 1, 0, 1, 1, 1, 0, 0, 0], "y_pred": [1, 0, 1, 1, 1, 0, 0, 0, 1, 1, 1, 1, 1, 1, 1, 1, 1, 1, 1, 0, 0, 1]}