{"ckpt": "checkpoints/Track1/A-V-P/binary/pipeline__A_VpP__wav2vec__resnet__bilstm_mean__fold1_seed42/best_model_2026-05-16-00.12.50.pth", "track": "Track1", "task": "binary", "subtrack": "A-V+P", "audio_feature": "wav2vec", "video_feature": "resnet", "encoder_type": "bilstm_mean", "seed": 42, "experiment_name": "pipeline__A_VpP__wav2vec__resnet__bilstm_mean__fold1_seed42", "val": {"acc": 0.7222222222222222, "f1": 0.6296296296296295, "kappa": 0.2622950819672131, "ccc": 0.000845488555358858, "rmse": 0.910123398183341, "mae": 0.7497903638415866, "confusion_matrix": [[11, 2], [3, 2]], "selection_score": 0.6296296296296295, "r2": -0.20311010736662816, "cls_loss": 1.1561178233888414, "reg_loss": 0.8283245960871378, "loss": 1.9844424459669325}, "metric_split": "val", "test": {"acc": 0.391304347826087, "f1": 0.3611111111111111, "kappa": -0.2777777777777777, "ccc": -0.32804500183186747, "rmse": 0.6867925568568097, "mae": 0.6358678833298061, "confusion_matrix": [[7, 7], [7, 2]], "selection_score": 0.3611111111111111, "r2": -0.785675973760291}, "ids": [1, 6, 8, 13, 18, 24, 26, 32, 33, 35, 45, 48, 51, 59, 69, 70, 83, 86, 91, 92, 97, 106, 117], "probs": [[0.9161501526832581, 0.08384984731674194], [0.31283313035964966, 0.6871668696403503], [0.3285563588142395, 0.6714435815811157], [0.8883684873580933, 0.11163146048784256], [0.9976535439491272, 0.0023464630357921124], [0.9771618247032166, 0.02283817157149315], [0.25190386176109314, 0.7480961680412292], [0.6502852439880371, 0.3497147262096405], [0.31519660353660583, 0.6848034262657166], [0.998175859451294, 0.0018241353100165725], [0.4720512330532074, 0.5279487371444702], [0.9537153840065002, 0.04628460854291916], [0.8531272411346436, 0.14687275886535645], [0.23145221173763275, 0.768547773361206], [0.9484087228775024, 0.05159124359488487], [0.9871330261230469, 0.012866927310824394], [0.9379931688308716, 0.06200685724616051], [0.9985847473144531, 0.001415278180502355], [0.23534861207008362, 0.764651358127594], [0.945779025554657, 0.054220978170633316], [0.8428088426589966, 0.1571911871433258], [0.399772584438324, 0.600227415561676], [0.27230942249298096, 0.727690577507019]], "phq_pred_log1p": [1.547443151473999, 1.7800369262695312, 1.9171183109283447, 1.5624703168869019, 1.0193859338760376, 1.5316097736358643, 1.7181390523910522, 1.539628267288208, 1.6825072765350342, 1.0233347415924072, 1.7867162227630615, 1.5321729183197021, 1.687367558479309, 1.824291467666626, 1.398194670677185, 1.3296754360198975, 1.686546802520752, 0.9285927414894104, 2.0268003940582275, 1.4901565313339233, 1.8363847732543945, 1.83062744140625, 1.928480625152588], "phq_true_log1p": [2.5649492740631104, 2.079441547393799, 1.0986123085021973, 2.079441547393799, 1.0986123085021973, 1.0986123085021973, 2.079441547393799, 1.0986123085021973, 1.0986123085021973, 2.079441547393799, 1.0986123085021973, 2.079441547393799, 1.0986123085021973, 1.0986123085021973, 2.079441547393799, 1.0986123085021973, 1.0986123085021973, 2.079441547393799, 1.0986123085021973, 2.079441547393799, 1.0986123085021973, 1.0986123085021973, 1.0986123085021973], "y_true": [1, 1, 0, 1, 0, 0, 1, 0, 0, 1, 0, 1, 0, 0, 1, 0, 0, 1, 0, 1, 0, 0, 0], "y_pred": [0, 1, 1, 0, 0, 0, 1, 0, 1, 0, 1, 0, 0, 1, 0, 0, 0, 0, 1, 0, 0, 1, 1]}