{"ckpt": "checkpoints/Track1/A-V-P/binary/pipeline__A_VpP__wav2vec__resnet__bilstm_mean__fold3_seed42/best_model_2026-05-16-00.10.07.pth", "track": "Track1", "task": "binary", "subtrack": "A-V+P", "audio_feature": "wav2vec", "video_feature": "resnet", "encoder_type": "bilstm_mean", "seed": 42, "experiment_name": "pipeline__A_VpP__wav2vec__resnet__bilstm_mean__fold3_seed42", "val": {"acc": 0.7058823529411765, "f1": 0.41379310344827586, "kappa": 0.0, "ccc": 0.00012878413160622316, "rmse": 0.9510106430291885, "mae": 0.7977445476195392, "confusion_matrix": [[12, 0], [5, 0]], "selection_score": 0.41379310344827586, "r2": -0.015669688926017278, "cls_loss": 0.6843798125491423, "reg_loss": 0.9044212698936462, "loss": 1.5888010964674109}, "metric_split": "val", "test": {"acc": 0.6086956521739131, "f1": 0.3783783783783784, "kappa": 0.0, "ccc": -0.0060862615622914555, "rmse": 0.5616711649574568, "mae": 0.4465719513271166, "confusion_matrix": [[14, 0], [9, 0]], "selection_score": 0.3783783783783784, "r2": -0.1943063816175412}, "ids": [1, 6, 8, 13, 18, 24, 26, 32, 33, 35, 45, 48, 51, 59, 69, 70, 83, 86, 91, 92, 97, 106, 117], "probs": [[0.5577544569969177, 0.4422455430030823], [0.564811646938324, 0.435188353061676], [0.5630891919136047, 0.43691083788871765], [0.5606966018676758, 0.4393033981323242], [0.5616255402565002, 0.43837445974349976], [0.5601578950881958, 0.4398421049118042], [0.5651167631149292, 0.4348832666873932], [0.5698337554931641, 0.43016624450683594], [0.5707356929779053, 0.4292643368244171], [0.5600008368492126, 0.43999916315078735], [0.5571458339691162, 0.44285422563552856], [0.5610449910163879, 0.43895500898361206], [0.562711775302887, 0.4372882544994354], [0.5642368197441101, 0.4357632100582123], [0.5584638714790344, 0.4415361285209656], [0.5606743097305298, 0.439325749874115], [0.5623633861541748, 0.4376365840435028], [0.5614332556724548, 0.43856677412986755], [0.5592055916786194, 0.440794438123703], [0.5623166561126709, 0.4376833438873291], [0.5661197900772095, 0.4338802397251129], [0.5630138516426086, 0.43698617815971375], [0.5601557493209839, 0.4398442506790161]], "phq_pred_log1p": [1.2799369096755981, 1.2882944345474243, 1.2694722414016724, 1.280922770500183, 1.2722891569137573, 1.2685314416885376, 1.2765401601791382, 1.2965584993362427, 1.319953441619873, 1.3021429777145386, 1.2674133777618408, 1.2768713235855103, 1.2820500135421753, 1.2877910137176514, 1.2536050081253052, 1.2692818641662598, 1.2840496301651, 1.2874608039855957, 1.2831037044525146, 1.2674038410186768, 1.2913020849227905, 1.2896698713302612, 1.2829574346542358], "phq_true_log1p": [2.5649492740631104, 2.079441547393799, 1.0986123085021973, 2.079441547393799, 1.0986123085021973, 1.0986123085021973, 2.079441547393799, 1.0986123085021973, 1.0986123085021973, 2.079441547393799, 1.0986123085021973, 2.079441547393799, 1.0986123085021973, 1.0986123085021973, 2.079441547393799, 1.0986123085021973, 1.0986123085021973, 2.079441547393799, 1.0986123085021973, 2.079441547393799, 1.0986123085021973, 1.0986123085021973, 1.0986123085021973], "y_true": [1, 1, 0, 1, 0, 0, 1, 0, 0, 1, 0, 1, 0, 0, 1, 0, 0, 1, 0, 1, 0, 0, 0], "y_pred": [0, 0, 0, 0, 0, 0, 0, 0, 0, 0, 0, 0, 0, 0, 0, 0, 0, 0, 0, 0, 0, 0, 0]}