{"ckpt": "checkpoints/Track2/A-V-G+P/ternary/pipeline__A_V_GpP__opensmile__openface__bilstm_mean__frozen_val_seed3407/best_model_2026-05-15-23.22.43.pth", "track": "Track2", "task": "ternary", "subtrack": "A-V-G+P", "audio_feature": "opensmile", "video_feature": "openface", "encoder_type": "bilstm_mean", "seed": 3407, "experiment_name": "pipeline__A_V_GpP__opensmile__openface__bilstm_mean__frozen_val_seed3407", "val": {"acc": 0.6666666666666666, "f1": 0.4646464646464647, "kappa": 0.3571428571428572, "ccc": 0.35168129124914604, "rmse": 0.4410922885944838, "mae": 0.37815218501620823, "confusion_matrix": [[4, 1, 0], [1, 2, 0], [1, 0, 0]], "selection_score": 0.4646464646464647, "r2": 0.20785709709083033, "cls_loss": 1.1002145144674513, "reg_loss": 0.19456240255385637, "loss": 1.2947768767674763}, "metric_split": "val", "test": {"acc": 0.2727272727272727, "f1": 0.19138755980861244, "kappa": -0.28, "ccc": -0.05159696309110067, "rmse": 0.7012800426144761, "mae": 0.6165475628592751, "confusion_matrix": [[4, 7, 0], [6, 2, 0], [1, 2, 0]], "selection_score": 0.19138755980861244, "r2": -0.7820665978133825}, "ids": [1, 5, 7, 13, 15, 22, 28, 33, 34, 40, 42, 44, 47, 58, 74, 83, 85, 89, 90, 93, 105, 110], "probs": [[0.3304462134838104, 0.3842604160308838, 0.2852934002876282], [0.6147430539131165, 0.1937333047389984, 0.19152367115020752], [0.7036556601524353, 0.14748620986938477, 0.14885814487934113], [0.30005159974098206, 0.5171034932136536, 0.18284490704536438], [0.5604179501533508, 0.2401643544435501, 0.19941768050193787], [0.2922663688659668, 0.498590886592865, 0.20914283394813538], [0.38461628556251526, 0.4205447733402252, 0.19483889639377594], [0.5372722744941711, 0.22645334899425507, 0.23627443611621857], [0.6342962384223938, 0.16283868253231049, 0.20286506414413452], [0.36564868688583374, 0.4511103332042694, 0.18324093520641327], [0.5526487827301025, 0.27693939208984375, 0.1704118400812149], [0.233791321516037, 0.5358933806419373, 0.23031526803970337], [0.30635756254196167, 0.45736947655677795, 0.23627299070358276], [0.33197537064552307, 0.47128933668136597, 0.19673527777194977], [0.44775187969207764, 0.35197895765304565, 0.20026911795139313], [0.28805777430534363, 0.4633844494819641, 0.24855780601501465], [0.26785731315612793, 0.5011167526245117, 0.23102594912052155], [0.24545012414455414, 0.5338690876960754, 0.22068077325820923], [0.38229480385780334, 0.3727934956550598, 0.24491170048713684], [0.6882338523864746, 0.1646740734577179, 0.14709199965000153], [0.6231393814086914, 0.21257367730140686, 0.16428688168525696], [0.400497168302536, 0.29729342460632324, 0.30220937728881836]], "phq_pred_log1p": [1.95624840259552, 1.1658045053482056, 0.651495099067688, 1.8866149187088013, 1.3115803003311157, 1.9265023469924927, 1.6115458011627197, 1.476381778717041, 1.0387316942214966, 1.736282229423523, 1.2407933473587036, 2.2277305126190186, 1.9209705591201782, 1.828919768333435, 1.5581997632980347, 2.0546510219573975, 2.066636800765991, 2.129514455795288, 1.8068796396255493, 0.7866277694702148, 1.0876063108444214, 1.7688720226287842], "phq_true_log1p": [2.4849066734313965, 1.945910096168518, 1.945910096168518, 1.945910096168518, 1.945910096168518, 1.0986123085021973, 1.0986123085021973, 1.0986123085021973, 1.945910096168518, 1.0986123085021973, 1.945910096168518, 1.0986123085021973, 1.0986123085021973, 1.0986123085021973, 2.4849066734313965, 1.0986123085021973, 2.4849066734313965, 1.945910096168518, 1.945910096168518, 1.0986123085021973, 1.0986123085021973, 1.0986123085021973], "y_true": [2, 1, 1, 1, 1, 0, 0, 0, 1, 0, 1, 0, 0, 0, 2, 0, 2, 1, 1, 0, 0, 0], "y_pred": [1, 0, 0, 1, 0, 1, 1, 0, 0, 1, 0, 1, 1, 1, 0, 1, 1, 1, 0, 0, 0, 0]}