{"ckpt": "checkpoints/Track1/A-V-G+P/ternary/pipeline__A_V_GpP__mfcc__openface__bilstm_mean__fold1_seed42/best_model_2026-05-16-00.40.25.pth", "track": "Track1", "task": "ternary", "subtrack": "A-V-G+P", "audio_feature": "mfcc", "video_feature": "openface", "encoder_type": "bilstm_mean", "seed": 42, "experiment_name": "pipeline__A_V_GpP__mfcc__openface__bilstm_mean__fold1_seed42", "val": {"acc": 0.7777777777777778, "f1": 0.5079365079365079, "kappa": 0.3999999999999999, "ccc": 0.09434634944184, "rmse": 0.9977893443864708, "mae": 0.8479415840572782, "confusion_matrix": [[12, 1, 0], [1, 2, 0], [2, 0, 0]], "selection_score": 0.5079365079365079, "r2": -0.26452048024508334, "cls_loss": 1.4488018420007494, "reg_loss": 0.9955835739771525, "loss": 2.444385369618734}, "metric_split": "val", "test": {"acc": 0.4782608695652174, "f1": 0.2976190476190476, "kappa": -0.02985074626865658, "ccc": -0.008843045910807288, "rmse": 0.8215984636696758, "mae": 0.6719761451949244, "confusion_matrix": [[9, 5, 0], [5, 2, 1], [0, 1, 0]], "selection_score": 0.2976190476190476, "r2": -1.5554696801884993}, "ids": [1, 6, 8, 13, 18, 24, 26, 32, 33, 35, 45, 48, 51, 59, 69, 70, 83, 86, 91, 92, 97, 106, 117], "probs": [[0.005245489999651909, 0.9177147150039673, 0.07703980803489685], [0.014524878934025764, 0.7435067892074585, 0.2419682890176773], [0.017444239929318428, 0.8544363379478455, 0.12811948359012604], [0.27529600262641907, 0.29782432317733765, 0.4268796741962433], [0.007327669765800238, 0.8609052896499634, 0.13176698982715607], [0.9453428983688354, 0.03396209329366684, 0.0206949170678854], [0.4080955386161804, 0.2250961810350418, 0.36680832505226135], [0.983169674873352, 0.004807642661035061, 0.012022674083709717], [0.0582905188202858, 0.5597218871116638, 0.3819875419139862], [0.9628746509552002, 0.008491181768476963, 0.02863410674035549], [0.05966004729270935, 0.5552384257316589, 0.3851015269756317], [0.9942008256912231, 0.0011082509299740195, 0.00469095166772604], [0.05527373403310776, 0.5514363050460815, 0.3932899236679077], [0.9854743480682373, 0.00329720345325768, 0.011228397488594055], [0.05290224403142929, 0.5125027894973755, 0.43459492921829224], [0.7058958411216736, 0.10227292776107788, 0.19183124601840973], [0.9945728182792664, 0.0013283981243148446, 0.004098850768059492], [0.9930585622787476, 0.0015315560158342123, 0.005409914534538984], [0.7213718295097351, 0.039019256830215454, 0.23960888385772705], [0.9916847944259644, 0.0024296960327774286, 0.005885497201234102], [0.8953636288642883, 0.021136756986379623, 0.08349967747926712], [0.980426549911499, 0.0053240773268043995, 0.014249437488615513], [0.9912841320037842, 0.0019146279664710164, 0.006801245268434286]], "phq_pred_log1p": [2.1646347045898438, 2.2607007026672363, 2.2740445137023926, 1.9713127613067627, 2.1742196083068848, 1.278498649597168, 1.9308397769927979, 1.3004610538482666, 2.0824389457702637, 1.3179447650909424, 2.351837635040283, 0.37666982412338257, 2.31412410736084, 1.1369056701660156, 2.317079544067383, 1.8991889953613281, 0.4121478497982025, 0.8105874061584473, 2.0154411792755127, 1.0423915386199951, 1.7011160850524902, 1.2441813945770264, 0.7648504972457886], "phq_true_log1p": [2.5649492740631104, 2.079441547393799, 1.0986123085021973, 2.079441547393799, 1.0986123085021973, 1.0986123085021973, 2.079441547393799, 1.0986123085021973, 1.0986123085021973, 2.079441547393799, 1.0986123085021973, 2.079441547393799, 1.0986123085021973, 1.0986123085021973, 2.079441547393799, 1.0986123085021973, 1.0986123085021973, 2.079441547393799, 1.0986123085021973, 2.079441547393799, 1.0986123085021973, 1.0986123085021973, 1.0986123085021973], "y_true": [2, 1, 0, 1, 0, 0, 1, 0, 0, 1, 0, 1, 0, 0, 1, 0, 0, 1, 0, 1, 0, 0, 0], "y_pred": [1, 1, 1, 2, 1, 0, 0, 0, 1, 0, 1, 0, 1, 0, 1, 0, 0, 0, 0, 0, 0, 0, 0]}