{"ckpt": "checkpoints/Track2/A-V-P/binary/pipeline__A_VpP__wav2vec__resnet__bilstm_mean__fold1_seed42/best_model_2026-05-16-00.50.37.pth", "track": "Track2", "task": "binary", "subtrack": "A-V+P", "audio_feature": "wav2vec", "video_feature": "resnet", "encoder_type": "bilstm_mean", "seed": 42, "experiment_name": "pipeline__A_VpP__wav2vec__resnet__bilstm_mean__fold1_seed42", "val": {"acc": 0.6111111111111112, "f1": 0.5418181818181818, "kappa": 0.2222222222222222, "ccc": -0.00019981501760923053, "rmse": 0.8497617269276557, "mae": 0.7219578822453817, "confusion_matrix": [[9, 0], [7, 2]], "selection_score": 0.5418181818181818, "r2": -0.055265174644546056, "cls_loss": 0.6969952450858222, "reg_loss": 0.72209499279658, "loss": 1.4190902180141873}, "metric_split": "val", "test": {"acc": 0.5454545454545454, "f1": 0.4270833333333333, "kappa": 0.09090909090909094, "ccc": 0.02151895065967374, "rmse": 0.5222935194373542, "mae": 0.493710149418224, "confusion_matrix": [[11, 0], [10, 1]], "selection_score": 0.4270833333333333, "r2": 0.011514632056156104}, "ids": [1, 5, 7, 13, 15, 22, 28, 33, 34, 40, 42, 44, 47, 58, 74, 83, 85, 89, 90, 93, 105, 110], "probs": [[0.4726526141166687, 0.5273473858833313], [0.5108837485313416, 0.48911628127098083], [0.5102267861366272, 0.4897732138633728], [0.5196455717086792, 0.4803544580936432], [0.5173141360282898, 0.4826858341693878], [0.511918306350708, 0.488081693649292], [0.514109194278717, 0.48589080572128296], [0.5075501799583435, 0.4924497604370117], [0.5216123461723328, 0.478387713432312], [0.5195934772491455, 0.4804065525531769], [0.5122241973876953, 0.4877758026123047], [0.5218172669410706, 0.47818276286125183], [0.5039905309677124, 0.49600949883461], [0.5197858810424805, 0.48021408915519714], [0.5161333680152893, 0.48386669158935547], [0.5066937804222107, 0.4933062195777893], [0.5159741044044495, 0.4840259253978729], [0.5037845373153687, 0.49621543288230896], [0.5164267420768738, 0.4835732877254486], [0.5157249569892883, 0.4842750132083893], [0.5081861019134521, 0.49181389808654785], [0.5229772925376892, 0.4770226776599884]], "phq_pred_log1p": [1.7285078763961792, 1.6439493894577026, 1.6421343088150024, 1.6284931898117065, 1.6234877109527588, 1.657377004623413, 1.6413928270339966, 1.6423354148864746, 1.6099779605865479, 1.6281296014785767, 1.6527031660079956, 1.5977648496627808, 1.6581729650497437, 1.6176108121871948, 1.635587215423584, 1.6215473413467407, 1.6236686706542969, 1.6772243976593018, 1.6296262741088867, 1.6389729976654053, 1.6774905920028687, 1.6389236450195312], "phq_true_log1p": [2.4849066734313965, 1.945910096168518, 1.945910096168518, 1.945910096168518, 1.945910096168518, 1.0986123085021973, 1.0986123085021973, 1.0986123085021973, 1.945910096168518, 1.0986123085021973, 1.945910096168518, 1.0986123085021973, 1.0986123085021973, 1.0986123085021973, 2.4849066734313965, 1.0986123085021973, 2.4849066734313965, 1.945910096168518, 1.945910096168518, 1.0986123085021973, 1.0986123085021973, 1.0986123085021973], "y_true": [1, 1, 1, 1, 1, 0, 0, 0, 1, 0, 1, 0, 0, 0, 1, 0, 1, 1, 1, 0, 0, 0], "y_pred": [1, 0, 0, 0, 0, 0, 0, 0, 0, 0, 0, 0, 0, 0, 0, 0, 0, 0, 0, 0, 0, 0]}