{"ckpt": "checkpoints/Track2/A-V-G+P/binary/pipeline__A_V_GpP__opensmile__openface__bilstm_mean__fold2_seed42/best_model_2026-05-16-00.50.37.pth", "track": "Track2", "task": "binary", "subtrack": "A-V-G+P", "audio_feature": "opensmile", "video_feature": "openface", "encoder_type": "bilstm_mean", "seed": 42, "experiment_name": "pipeline__A_V_GpP__opensmile__openface__bilstm_mean__fold2_seed42", "val": {"acc": 0.7777777777777778, "f1": 0.7777777777777778, "kappa": 0.5555555555555556, "ccc": 0.10390099331608803, "rmse": 0.7834781964265629, "mae": 0.5978164275487264, "confusion_matrix": [[7, 2], [2, 7]], "selection_score": 0.7777777777777778, "r2": -0.47031097214910966, "cls_loss": 1.159560653898451, "reg_loss": 0.6138380939761797, "loss": 1.773398747874631}, "metric_split": "val", "test": {"acc": 0.45454545454545453, "f1": 0.45, "kappa": -0.09090909090909083, "ccc": 0.058529745898557334, "rmse": 0.7593431902299224, "mae": 0.6841175068508495, "confusion_matrix": [[6, 5], [7, 4]], "selection_score": 0.45, "r2": -1.0893787614607118}, "ids": [1, 5, 7, 13, 15, 22, 28, 33, 34, 40, 42, 44, 47, 58, 74, 83, 85, 89, 90, 93, 105, 110], "probs": [[0.004574891645461321, 0.9954251646995544], [0.9903906583786011, 0.009609384462237358], [0.9975084066390991, 0.0024916077964007854], [0.9927135109901428, 0.007286469452083111], [0.995608389377594, 0.004391566850244999], [0.9949454665184021, 0.005054501350969076], [0.9956210255622864, 0.004378975834697485], [0.7614617943763733, 0.2385382354259491], [0.9940671920776367, 0.005932817701250315], [0.0989568755030632, 0.9010431170463562], [0.4701143205165863, 0.5298856496810913], [0.0016587205464020371, 0.9983413219451904], [0.9638458490371704, 0.03615410625934601], [0.003259853459894657, 0.9967401623725891], [0.9635521769523621, 0.03644785284996033], [0.002809717785567045, 0.9971902966499329], [0.00267277704551816, 0.9973272085189819], [0.003676412394270301, 0.9963235855102539], [0.9705973863601685, 0.029402663931250572], [0.9980873465538025, 0.001912590116262436], [0.996253252029419, 0.0037466930225491524], [0.015133279375731945, 0.9848666787147522]], "phq_pred_log1p": [2.190901517868042, 1.1818736791610718, 0.5667502284049988, 1.0528810024261475, 1.0193569660186768, 1.0006150007247925, 0.6820799112319946, 2.0945894718170166, 1.1703214645385742, 1.835369348526001, 1.5641154050827026, 2.134728193283081, 1.661211371421814, 1.987503170967102, 1.5840100049972534, 2.240150213241577, 2.133033514022827, 2.350295305252075, 1.5856506824493408, 0.6184610724449158, 0.8225802183151245, 2.0850250720977783], "phq_true_log1p": [2.4849066734313965, 1.945910096168518, 1.945910096168518, 1.945910096168518, 1.945910096168518, 1.0986123085021973, 1.0986123085021973, 1.0986123085021973, 1.945910096168518, 1.0986123085021973, 1.945910096168518, 1.0986123085021973, 1.0986123085021973, 1.0986123085021973, 2.4849066734313965, 1.0986123085021973, 2.4849066734313965, 1.945910096168518, 1.945910096168518, 1.0986123085021973, 1.0986123085021973, 1.0986123085021973], "y_true": [1, 1, 1, 1, 1, 0, 0, 0, 1, 0, 1, 0, 0, 0, 1, 0, 1, 1, 1, 0, 0, 0], "y_pred": [1, 0, 0, 0, 0, 0, 0, 0, 0, 1, 1, 1, 0, 1, 0, 1, 1, 1, 0, 0, 0, 1]}