{"ckpt": "checkpoints/Track2/A-V-G+P/ternary/pipeline__A_V_GpP__opensmile__openface__bilstm_mean__fold0_seed42/best_model_2026-05-16-02.04.57.pth", "track": "Track2", "task": "ternary", "subtrack": "A-V-G+P", "audio_feature": "opensmile", "video_feature": "openface", "encoder_type": "bilstm_mean", "seed": 42, "experiment_name": "pipeline__A_V_GpP__opensmile__openface__bilstm_mean__fold0_seed42", "val": {"acc": 0.5555555555555556, "f1": 0.39999999999999997, "kappa": 0.2216216216216217, "ccc": 0.4574609139971626, "rmse": 0.590105404040087, "mae": 0.5246471530861325, "confusion_matrix": [[6, 2, 1], [3, 4, 0], [0, 2, 0]], "selection_score": 0.39999999999999997, "r2": 0.03712555021114761, "cls_loss": 1.9618743260701497, "reg_loss": 0.3482243816057841, "loss": 2.310098754035102}, "metric_split": "val", "test": {"acc": 0.36363636363636365, "f1": 0.2450980392156863, "kappa": -0.14498141263940534, "ccc": -0.020221755150544918, "rmse": 0.8107562125606698, "mae": 0.7151727513833479, "confusion_matrix": [[6, 5, 0], [6, 2, 0], [1, 2, 0]], "selection_score": 0.2450980392156863, "r2": -1.3818891224694956}, "ids": [1, 5, 7, 13, 15, 22, 28, 33, 34, 40, 42, 44, 47, 58, 74, 83, 85, 89, 90, 93, 105, 110], "probs": [[0.019476424902677536, 0.5252813100814819, 0.45524224638938904], [0.9611969590187073, 0.009700095281004906, 0.02910301461815834], [0.9846256971359253, 0.007522737141698599, 0.007851568050682545], [0.9872320890426636, 0.008975451812148094, 0.003792491275817156], [0.9868122935295105, 0.006336148828268051, 0.006851529702544212], [0.9864327311515808, 0.007271209731698036, 0.006296146661043167], [0.8704819083213806, 0.12256982177495956, 0.006948338355869055], [0.7931703925132751, 0.025596406310796738, 0.18123319745063782], [0.9669753909111023, 0.008166818879544735, 0.02485775388777256], [0.017267853021621704, 0.9322395920753479, 0.05049256235361099], [0.18604665994644165, 0.8009894490242004, 0.012963905930519104], [0.007619251497089863, 0.9157308340072632, 0.07664996385574341], [0.9568037986755371, 0.03457105532288551, 0.008625086396932602], [0.008794042281806469, 0.9548237919807434, 0.03638215363025665], [0.9293410778045654, 0.06323038041591644, 0.007428519893437624], [0.1888853907585144, 0.48659828305244446, 0.32451629638671875], [0.012872880324721336, 0.9370526671409607, 0.05007448047399521], [0.019084377214312553, 0.8954265713691711, 0.08548904210329056], [0.8365196585655212, 0.14474697411060333, 0.018733367323875427], [0.9903227686882019, 0.00485301623120904, 0.00482421088963747], [0.9909855127334595, 0.006183938588947058, 0.0028304627630859613], [0.023435350507497787, 0.5108181238174438, 0.46574652194976807]], "phq_pred_log1p": [2.1467764377593994, 1.1595652103424072, 0.6915165781974792, 0.8614880442619324, 0.9974834322929382, 0.9565603137016296, 1.121306300163269, 1.6567747592926025, 0.9197967052459717, 2.065385580062866, 1.3661551475524902, 2.1405539512634277, 1.0143814086914062, 2.109707832336426, 1.0305885076522827, 2.0329432487487793, 2.0712015628814697, 2.3596487045288086, 1.0393526554107666, 0.7474820613861084, 0.5158828496932983, 1.9313673973083496], "phq_true_log1p": [2.4849066734313965, 1.945910096168518, 1.945910096168518, 1.945910096168518, 1.945910096168518, 1.0986123085021973, 1.0986123085021973, 1.0986123085021973, 1.945910096168518, 1.0986123085021973, 1.945910096168518, 1.0986123085021973, 1.0986123085021973, 1.0986123085021973, 2.4849066734313965, 1.0986123085021973, 2.4849066734313965, 1.945910096168518, 1.945910096168518, 1.0986123085021973, 1.0986123085021973, 1.0986123085021973], "y_true": [2, 1, 1, 1, 1, 0, 0, 0, 1, 0, 1, 0, 0, 0, 2, 0, 2, 1, 1, 0, 0, 0], "y_pred": [1, 0, 0, 0, 0, 0, 0, 0, 0, 1, 1, 1, 0, 1, 0, 1, 1, 1, 0, 0, 0, 1]}