{"ckpt": "checkpoints/Track2/A-V-G+P/binary/pipeline__A_V_GpP__opensmile__resnet__bilstm_mean__frozen_val_seed3407/best_model_2026-05-15-21.59.50.pth", "track": "Track2", "task": "binary", "subtrack": "A-V-G+P", "audio_feature": "opensmile", "video_feature": "resnet", "encoder_type": "bilstm_mean", "seed": 3407, "experiment_name": "pipeline__A_V_GpP__opensmile__resnet__bilstm_mean__frozen_val_seed3407", "val": {"acc": 0.6666666666666666, "f1": 0.6493506493506493, "kappa": 0.37209302325581395, "ccc": -0.09031334172740106, "rmse": 0.8587779786150865, "mae": 0.6135749949349297, "confusion_matrix": [[2, 3], [0, 4]], "selection_score": 0.6493506493506493, "r2": -0.3432755696369556, "cls_loss": 0.8772923813925849, "reg_loss": 0.7374995762947947, "loss": 1.6147919297218323}, "metric_split": "val", "test": {"acc": 0.4090909090909091, "f1": 0.4078674948240165, "kappa": -0.18181818181818188, "ccc": 0.059797058447605224, "rmse": 0.553446257261465, "mae": 0.492874107577584, "confusion_matrix": [[4, 7], [6, 5]], "selection_score": 0.4078674948240165, "r2": -0.10992051925393209}, "ids": [1, 5, 7, 13, 15, 22, 28, 33, 34, 40, 42, 44, 47, 58, 74, 83, 85, 89, 90, 93, 105, 110], "probs": [[0.054562099277973175, 0.9454379677772522], [0.6833151578903198, 0.3166848123073578], [0.550054132938385, 0.4499458372592926], [0.20725707709789276, 0.7927429676055908], [0.3635503947734833, 0.6364495754241943], [0.24662011861801147, 0.7533798813819885], [0.300571471452713, 0.6994285583496094], [0.5933548808097839, 0.4066450893878937], [0.783787727355957, 0.21621227264404297], [0.3611255884170532, 0.6388744711875916], [0.6654108762741089, 0.3345891237258911], [0.8311811089515686, 0.16881892085075378], [0.2887146472930908, 0.7112853527069092], [0.7978404760360718, 0.2021595537662506], [0.32605308294296265, 0.6739469170570374], [0.49364033341407776, 0.5063596963882446], [0.6960942149162292, 0.30390575528144836], [0.5995969176292419, 0.40040308237075806], [0.4668098986148834, 0.533190131187439], [0.5831132531166077, 0.4168867766857147], [0.4324330687522888, 0.5675669312477112], [0.35781368613243103, 0.6421863436698914]], "phq_pred_log1p": [2.1279990673065186, 1.5889750719070435, 1.6880213022232056, 1.9375946521759033, 1.8209155797958374, 1.9079612493515015, 1.8506295680999756, 1.6728689670562744, 1.4488667249679565, 1.8604586124420166, 1.5897579193115234, 1.3982813358306885, 1.8516254425048828, 1.455148458480835, 1.8438668251037598, 1.7404983043670654, 1.5600247383117676, 1.7214577198028564, 1.816380262374878, 1.683413028717041, 1.7962305545806885, 1.8327093124389648], "phq_true_log1p": [2.4849066734313965, 1.945910096168518, 1.945910096168518, 1.945910096168518, 1.945910096168518, 1.0986123085021973, 1.0986123085021973, 1.0986123085021973, 1.945910096168518, 1.0986123085021973, 1.945910096168518, 1.0986123085021973, 1.0986123085021973, 1.0986123085021973, 2.4849066734313965, 1.0986123085021973, 2.4849066734313965, 1.945910096168518, 1.945910096168518, 1.0986123085021973, 1.0986123085021973, 1.0986123085021973], "y_true": [1, 1, 1, 1, 1, 0, 0, 0, 1, 0, 1, 0, 0, 0, 1, 0, 1, 1, 1, 0, 0, 0], "y_pred": [1, 0, 0, 1, 1, 1, 1, 0, 0, 1, 0, 0, 1, 0, 1, 1, 0, 0, 1, 0, 1, 1]}