{"ckpt": "checkpoints/Track2/A-V-P/ternary/pipeline__A_VpP__opensmile__densenet__bilstm_mean__frozen_val_seed42/best_model_2026-05-15-22.57.35.pth", "track": "Track2", "task": "ternary", "subtrack": "A-V+P", "audio_feature": "opensmile", "video_feature": "densenet", "encoder_type": "bilstm_mean", "seed": 42, "experiment_name": "pipeline__A_VpP__opensmile__densenet__bilstm_mean__frozen_val_seed42", "val": {"acc": 0.6666666666666666, "f1": 0.47222222222222215, "kappa": 0.4130434782608695, "ccc": 0.029999976810477856, "rmse": 0.4926497137556759, "mae": 0.40080352624257404, "confusion_matrix": [[3, 2, 0], [0, 3, 0], [1, 0, 0]], "selection_score": 0.47222222222222215, "r2": 0.011854096455168883, "cls_loss": 1.095008545451694, "reg_loss": 0.24270373086134592, "loss": 1.3377123143937852}, "metric_split": "val", "test": {"acc": 0.5, "f1": 0.3383333333333334, "kappa": 0.174061433447099, "ccc": -0.015453539819277108, "rmse": 0.5298029576776331, "mae": 0.49980960109017114, "confusion_matrix": [[3, 8, 0], [0, 8, 0], [2, 1, 0]], "selection_score": 0.3383333333333334, "r2": -0.017114223472527446}, "ids": [1, 5, 7, 13, 15, 22, 28, 33, 34, 40, 42, 44, 47, 58, 74, 83, 85, 89, 90, 93, 105, 110], "probs": [[0.4035031199455261, 0.40124014019966125, 0.19525673985481262], [0.3933052122592926, 0.40389731526374817, 0.20279748737812042], [0.40056195855140686, 0.4058936834335327, 0.19354431331157684], [0.3964858651161194, 0.4086325168609619, 0.19488157331943512], [0.3999609053134918, 0.40157562494277954, 0.19846348464488983], [0.39520394802093506, 0.3991227149963379, 0.20567330718040466], [0.3907109498977661, 0.40568819642066956, 0.20360079407691956], [0.40005454421043396, 0.39673909544944763, 0.20320628583431244], [0.3899717330932617, 0.40477779507637024, 0.20525048673152924], [0.40375417470932007, 0.39760005474090576, 0.1986457109451294], [0.39330944418907166, 0.4032956659793854, 0.20339488983154297], [0.39671048521995544, 0.40471333265304565, 0.1985761672258377], [0.40008634328842163, 0.4025302529335022, 0.19738343358039856], [0.40233728289604187, 0.40247243642807007, 0.19519031047821045], [0.39935410022735596, 0.39882534742355347, 0.20182055234909058], [0.3823431134223938, 0.4072476625442505, 0.21040919423103333], [0.40190720558166504, 0.4048047363758087, 0.19328810274600983], [0.40071773529052734, 0.4036862850189209, 0.19559597969055176], [0.3988414704799652, 0.399641215801239, 0.20151732861995697], [0.40800678730010986, 0.3986785113811493, 0.19331474602222443], [0.3974642753601074, 0.40944769978523254, 0.19308800995349884], [0.39887428283691406, 0.40581807494163513, 0.1953076422214508]], "phq_pred_log1p": [1.573657751083374, 1.5883114337921143, 1.5601056814193726, 1.592446208000183, 1.57821786403656, 1.6137787103652954, 1.6005427837371826, 1.6045286655426025, 1.5738606452941895, 1.575850009918213, 1.5957297086715698, 1.5770878791809082, 1.5913524627685547, 1.5598692893981934, 1.5794048309326172, 1.5941767692565918, 1.5517576932907104, 1.6004488468170166, 1.5787160396575928, 1.589277982711792, 1.5672388076782227, 1.5574991703033447], "phq_true_log1p": [2.4849066734313965, 1.945910096168518, 1.945910096168518, 1.945910096168518, 1.945910096168518, 1.0986123085021973, 1.0986123085021973, 1.0986123085021973, 1.945910096168518, 1.0986123085021973, 1.945910096168518, 1.0986123085021973, 1.0986123085021973, 1.0986123085021973, 2.4849066734313965, 1.0986123085021973, 2.4849066734313965, 1.945910096168518, 1.945910096168518, 1.0986123085021973, 1.0986123085021973, 1.0986123085021973], "y_true": [2, 1, 1, 1, 1, 0, 0, 0, 1, 0, 1, 0, 0, 0, 2, 0, 2, 1, 1, 0, 0, 0], "y_pred": [0, 1, 1, 1, 1, 1, 1, 0, 1, 0, 1, 1, 1, 1, 0, 1, 1, 1, 1, 0, 1, 1]}