{"ckpt": "checkpoints/Track1/A-V-G+P/ternary/pipeline__A_V_GpP__wav2vec__openface__bilstm_mean__fold0_seed42/best_model_2026-05-16-00.27.07.pth", "track": "Track1", "task": "ternary", "subtrack": "A-V-G+P", "audio_feature": "wav2vec", "video_feature": "openface", "encoder_type": "bilstm_mean", "seed": 42, "experiment_name": "pipeline__A_V_GpP__wav2vec__openface__bilstm_mean__fold0_seed42", "val": {"acc": 0.6111111111111112, "f1": 0.5066666666666667, "kappa": 0.18181818181818177, "ccc": 0.06842952019341063, "rmse": 0.7876604691944954, "mae": 0.6531377567185296, "confusion_matrix": [[9, 2, 1], [4, 0, 0], [0, 0, 2]], "selection_score": 0.5066666666666667, "r2": -0.20831561929626075, "cls_loss": 1.3136032157474093, "reg_loss": 0.6204090192914009, "loss": 1.9340122408337064}, "metric_split": "val", "test": {"acc": 0.5217391304347826, "f1": 0.35555555555555557, "kappa": 0.12152777777777768, "ccc": 0.22302369945614997, "rmse": 0.6415299137746038, "mae": 0.5129620134830475, "confusion_matrix": [[9, 3, 2], [4, 3, 1], [0, 1, 0]], "selection_score": 0.35555555555555557, "r2": -0.5580640938546828}, "ids": [1, 6, 8, 13, 18, 24, 26, 32, 33, 35, 45, 48, 51, 59, 69, 70, 83, 86, 91, 92, 97, 106, 117], "probs": [[0.11888570338487625, 0.6295748949050903, 0.2515394687652588], [0.07106705009937286, 0.6334014534950256, 0.2955315113067627], [0.2861093580722809, 0.5679298043251038, 0.14596083760261536], [0.10760398209095001, 0.40036746859550476, 0.4920285642147064], [0.35088419914245605, 0.4985743463039398, 0.1505414843559265], [0.9256503582000732, 0.048864759504795074, 0.025484921410679817], [0.7720240354537964, 0.1269495040178299, 0.10102641582489014], [0.8851850032806396, 0.06496407091617584, 0.04985092952847481], [0.12778665125370026, 0.4237464368343353, 0.44846683740615845], [0.4815705418586731, 0.30025723576545715, 0.21817219257354736], [0.5203328728675842, 0.31771838665008545, 0.16194868087768555], [0.9648109674453735, 0.01530169416218996, 0.019887208938598633], [0.09693849086761475, 0.5167281627655029, 0.3863334059715271], [0.3408431112766266, 0.3339872360229492, 0.3251696228981018], [0.06772641092538834, 0.5974528789520264, 0.3348207473754883], [0.9436184167861938, 0.03052552044391632, 0.02585601806640625], [0.9288814067840576, 0.04105009511113167, 0.03006858006119728], [0.12195553630590439, 0.4659726917743683, 0.41207173466682434], [0.2514181435108185, 0.2474716305732727, 0.5011101961135864], [0.9320348501205444, 0.03382335603237152, 0.03414182364940643], [0.8194988369941711, 0.08207201212644577, 0.09842915832996368], [0.826036810874939, 0.10776354372501373, 0.0661996379494667], [0.559572160243988, 0.20429494976997375, 0.23613294959068298]], "phq_pred_log1p": [1.997243046760559, 2.1398890018463135, 1.7705343961715698, 1.9445165395736694, 1.7062283754348755, 0.903832197189331, 1.237130880355835, 0.9242432117462158, 1.827929139137268, 1.4640365839004517, 1.617019534111023, 0.47468462586402893, 2.086911678314209, 1.6140351295471191, 2.2704153060913086, 0.7349257469177246, 0.8320097923278809, 2.197340250015259, 2.0384581089019775, 0.9578357934951782, 1.3510438203811646, 1.1675639152526855, 1.3490575551986694], "phq_true_log1p": [2.5649492740631104, 2.079441547393799, 1.0986123085021973, 2.079441547393799, 1.0986123085021973, 1.0986123085021973, 2.079441547393799, 1.0986123085021973, 1.0986123085021973, 2.079441547393799, 1.0986123085021973, 2.079441547393799, 1.0986123085021973, 1.0986123085021973, 2.079441547393799, 1.0986123085021973, 1.0986123085021973, 2.079441547393799, 1.0986123085021973, 2.079441547393799, 1.0986123085021973, 1.0986123085021973, 1.0986123085021973], "y_true": [2, 1, 0, 1, 0, 0, 1, 0, 0, 1, 0, 1, 0, 0, 1, 0, 0, 1, 0, 1, 0, 0, 0], "y_pred": [1, 1, 1, 2, 1, 0, 0, 0, 2, 0, 0, 0, 1, 0, 1, 0, 0, 1, 2, 0, 0, 0, 0]}