{"ckpt": "checkpoints/Track1/G-P/ternary/pipeline__GpP__mfcc__resnet__bilstm_mean__fold2_seed42/best_model_2026-05-16-00.40.25.pth", "track": "Track1", "task": "ternary", "subtrack": "G+P", "audio_feature": "mfcc", "video_feature": "resnet", "encoder_type": "bilstm_mean", "seed": 42, "experiment_name": "pipeline__GpP__mfcc__resnet__bilstm_mean__fold2_seed42", "val": {"acc": 0.7058823529411765, "f1": 0.27586206896551724, "kappa": 0.0, "ccc": 0.009789634453138336, "rmse": 0.8637216273177861, "mae": 0.6905269202064065, "confusion_matrix": [[12, 0, 0], [3, 0, 0], [2, 0, 0]], "selection_score": 0.27586206896551724, "r2": -0.0683572684364313, "cls_loss": 1.0956201342975391, "reg_loss": 0.7460150334107525, "loss": 1.8416351395494797}, "metric_split": "val", "test": {"acc": 0.6086956521739131, "f1": 0.2522522522522523, "kappa": 0.0, "ccc": -0.010450045700355882, "rmse": 0.7252575747356451, "mae": 0.5060852221820665, "confusion_matrix": [[14, 0, 0], [8, 0, 0], [1, 0, 0]], "selection_score": 0.2522522522522523, "r2": -0.9912970130112895}, "ids": [1, 6, 8, 13, 18, 24, 26, 32, 33, 35, 45, 48, 51, 59, 69, 70, 83, 86, 91, 92, 97, 106, 117], "probs": [[0.3897863030433655, 0.28195610642433167, 0.32825759053230286], [0.39291346073150635, 0.2857959568500519, 0.32129067182540894], [0.38895532488822937, 0.2863215506076813, 0.32472312450408936], [0.3956095278263092, 0.2887337803840637, 0.31565672159194946], [0.38828834891319275, 0.2904756963253021, 0.32123586535453796], [0.3891541063785553, 0.28316816687583923, 0.32767772674560547], [0.39003074169158936, 0.2825320363044739, 0.32743725180625916], [0.38542553782463074, 0.28924086689949036, 0.3253336548805237], [0.3890509605407715, 0.2880077064037323, 0.32294127345085144], [0.39411661028862, 0.28063762187957764, 0.32524573802948], [0.38797658681869507, 0.28739914298057556, 0.32462430000305176], [0.39925137162208557, 0.2822555899620056, 0.3184930384159088], [0.3816225230693817, 0.2909763753414154, 0.3274011015892029], [0.38793474435806274, 0.2839624881744385, 0.3281027376651764], [0.3851187229156494, 0.2870108485221863, 0.3278704881668091], [0.39512962102890015, 0.28361231088638306, 0.3212580382823944], [0.3862092196941376, 0.286133736371994, 0.32765698432922363], [0.3898056447505951, 0.29276275634765625, 0.31743159890174866], [0.38641101121902466, 0.28696343302726746, 0.3266255855560303], [0.3855734169483185, 0.2863928973674774, 0.3280337154865265], [0.391426682472229, 0.28101828694343567, 0.3275550305843353], [0.3858168423175812, 0.29120132327079773, 0.3229818344116211], [0.3877238631248474, 0.2875465452671051, 0.3247295916080475]], "phq_pred_log1p": [0.9852637052536011, 0.9828262329101562, 0.9832922220230103, 0.988537609577179, 1.0062439441680908, 1.0259511470794678, 0.9949858784675598, 1.019027590751648, 1.002561092376709, 0.9993764758110046, 1.014594316482544, 1.0006407499313354, 0.9820771813392639, 0.9804928302764893, 0.9997690320014954, 0.9952090978622437, 1.007354497909546, 0.9592669010162354, 1.0257036685943604, 1.008528709411621, 0.9816547632217407, 1.0213983058929443, 0.9763379096984863], "phq_true_log1p": [2.5649492740631104, 2.079441547393799, 1.0986123085021973, 2.079441547393799, 1.0986123085021973, 1.0986123085021973, 2.079441547393799, 1.0986123085021973, 1.0986123085021973, 2.079441547393799, 1.0986123085021973, 2.079441547393799, 1.0986123085021973, 1.0986123085021973, 2.079441547393799, 1.0986123085021973, 1.0986123085021973, 2.079441547393799, 1.0986123085021973, 2.079441547393799, 1.0986123085021973, 1.0986123085021973, 1.0986123085021973], "y_true": [2, 1, 0, 1, 0, 0, 1, 0, 0, 1, 0, 1, 0, 0, 1, 0, 0, 1, 0, 1, 0, 0, 0], "y_pred": [0, 0, 0, 0, 0, 0, 0, 0, 0, 0, 0, 0, 0, 0, 0, 0, 0, 0, 0, 0, 0, 0, 0]}