{"ckpt": "checkpoints/Track2/G-P/binary/pipeline__GpP__mfcc__resnet__bilstm_mean__frozen_val_seed3407/best_model_2026-05-15-21.38.58.pth", "track": "Track2", "task": "binary", "subtrack": "G+P", "audio_feature": "mfcc", "video_feature": "resnet", "encoder_type": "bilstm_mean", "seed": 3407, "experiment_name": "pipeline__GpP__mfcc__resnet__bilstm_mean__frozen_val_seed3407", "val": {"acc": 0.7777777777777778, "f1": 0.75, "kappa": 0.5263157894736843, "ccc": 0.008740190585711924, "rmse": 0.7382678817612649, "mae": 0.5849168433083428, "confusion_matrix": [[5, 0], [2, 2]], "selection_score": 0.75, "r2": 0.007269723656298632, "cls_loss": 0.6920094887415568, "reg_loss": 0.5450394541710719, "loss": 1.2370489438374836}, "metric_split": "val", "test": {"acc": 0.5909090909090909, "f1": 0.5448275862068965, "kappa": 0.18181818181818177, "ccc": -0.001564511283723072, "rmse": 0.5310880685596422, "mae": 0.4957526271993464, "confusion_matrix": [[10, 1], [8, 3]], "selection_score": 0.5448275862068965, "r2": -0.02205451238547207}, "ids": [1, 5, 7, 13, 15, 22, 28, 33, 34, 40, 42, 44, 47, 58, 74, 83, 85, 89, 90, 93, 105, 110], "probs": [[0.5422554016113281, 0.4577445685863495], [0.5341634750366211, 0.4658365547657013], [0.491161584854126, 0.508838415145874], [0.4919920265674591, 0.5080079436302185], [0.49876806139945984, 0.5012319087982178], [0.5255985260009766, 0.47440144419670105], [0.5175459980964661, 0.48245400190353394], [0.4984363913536072, 0.5015636086463928], [0.5145639181137085, 0.4854360818862915], [0.511505663394928, 0.4884943664073944], [0.5019147992134094, 0.49808526039123535], [0.5093722939491272, 0.4906277358531952], [0.5170997381210327, 0.4829002320766449], [0.5169894099235535, 0.4830106198787689], [0.5253398418426514, 0.47466012835502625], [0.5162885785102844, 0.4837114214897156], [0.5296775102615356, 0.47032248973846436], [0.511999785900116, 0.48800021409988403], [0.5258854031562805, 0.4741145968437195], [0.5032070279121399, 0.4967929422855377], [0.5266018509864807, 0.4733981490135193], [0.5217018723487854, 0.4782981276512146]], "phq_pred_log1p": [1.4789026975631714, 1.4269202947616577, 1.5800098180770874, 1.5532606840133667, 1.5585520267486572, 1.4625307321548462, 1.519113302230835, 1.5357457399368286, 1.5114041566848755, 1.5336250066757202, 1.559332013130188, 1.5750136375427246, 1.5305533409118652, 1.530739188194275, 1.5442802906036377, 1.5138819217681885, 1.5328844785690308, 1.547655463218689, 1.5492007732391357, 1.5724570751190186, 1.5241175889968872, 1.5139175653457642], "phq_true_log1p": [2.4849066734313965, 1.945910096168518, 1.945910096168518, 1.945910096168518, 1.945910096168518, 1.0986123085021973, 1.0986123085021973, 1.0986123085021973, 1.945910096168518, 1.0986123085021973, 1.945910096168518, 1.0986123085021973, 1.0986123085021973, 1.0986123085021973, 2.4849066734313965, 1.0986123085021973, 2.4849066734313965, 1.945910096168518, 1.945910096168518, 1.0986123085021973, 1.0986123085021973, 1.0986123085021973], "y_true": [1, 1, 1, 1, 1, 0, 0, 0, 1, 0, 1, 0, 0, 0, 1, 0, 1, 1, 1, 0, 0, 0], "y_pred": [0, 0, 1, 1, 1, 0, 0, 1, 0, 0, 0, 0, 0, 0, 0, 0, 0, 0, 0, 0, 0, 0]}