{"ckpt": "checkpoints/Track1/G-P/binary/pipeline__GpP__mfcc__resnet__bilstm_mean__fold0_seed42/best_model_2026-05-16-00.20.48.pth", "track": "Track1", "task": "binary", "subtrack": "G+P", "audio_feature": "mfcc", "video_feature": "resnet", "encoder_type": "bilstm_mean", "seed": 42, "experiment_name": "pipeline__GpP__mfcc__resnet__bilstm_mean__fold0_seed42", "val": {"acc": 0.6666666666666666, "f1": 0.4, "kappa": 0.0, "ccc": 0.0005717764846302074, "rmse": 1.1599450924820505, "mae": 0.9289579209354188, "confusion_matrix": [[12, 0], [6, 0]], "selection_score": 0.4, "r2": -0.9782653880794039, "cls_loss": 0.7030448383755155, "reg_loss": 1.3454725742340088, "loss": 2.048517359627618}, "metric_split": "val", "test": {"acc": 0.6086956521739131, "f1": 0.3783783783783784, "kappa": 0.0, "ccc": -0.00031315027951932814, "rmse": 1.1111550902973175, "mae": 0.984861855921538, "confusion_matrix": [[14, 0], [9, 0]], "selection_score": 0.3783783783783784, "r2": -3.674130740059927}, "ids": [1, 6, 8, 13, 18, 24, 26, 32, 33, 35, 45, 48, 51, 59, 69, 70, 83, 86, 91, 92, 97, 106, 117], "probs": [[0.5786566734313965, 0.4213433265686035], [0.5788669586181641, 0.42113301157951355], [0.5756700038909912, 0.4243299663066864], [0.5777475833892822, 0.4222524166107178], [0.5746313333511353, 0.42536866664886475], [0.5822639465332031, 0.41773608326911926], [0.5768622756004333, 0.42313775420188904], [0.57489413022995, 0.42510589957237244], [0.573671281337738, 0.4263286888599396], [0.5860182046890259, 0.4139818251132965], [0.5773584842681885, 0.42264145612716675], [0.5822803378105164, 0.41771966218948364], [0.5724231600761414, 0.4275768995285034], [0.5797983407974243, 0.4202016592025757], [0.5768694877624512, 0.4231305420398712], [0.582301139831543, 0.41769886016845703], [0.5796068906784058, 0.42039307951927185], [0.5711986422538757, 0.42880135774612427], [0.5731402635574341, 0.42685970664024353], [0.581457257270813, 0.4185427129268646], [0.5823224782943726, 0.41767755150794983], [0.5706350207328796, 0.42936497926712036], [0.5753268003463745, 0.4246732294559479]], "phq_pred_log1p": [0.5177208781242371, 0.5076990723609924, 0.5126567482948303, 0.5026242733001709, 0.5149217247962952, 0.5220561623573303, 0.5385662317276001, 0.5164698362350464, 0.5361477732658386, 0.5183436870574951, 0.4992910325527191, 0.5001792311668396, 0.5365002751350403, 0.5326730608940125, 0.5425645709037781, 0.5063665509223938, 0.499047189950943, 0.5211775302886963, 0.512730598449707, 0.5150187611579895, 0.5414896011352539, 0.5143921375274658, 0.5205943584442139], "phq_true_log1p": [2.5649492740631104, 2.079441547393799, 1.0986123085021973, 2.079441547393799, 1.0986123085021973, 1.0986123085021973, 2.079441547393799, 1.0986123085021973, 1.0986123085021973, 2.079441547393799, 1.0986123085021973, 2.079441547393799, 1.0986123085021973, 1.0986123085021973, 2.079441547393799, 1.0986123085021973, 1.0986123085021973, 2.079441547393799, 1.0986123085021973, 2.079441547393799, 1.0986123085021973, 1.0986123085021973, 1.0986123085021973], "y_true": [1, 1, 0, 1, 0, 0, 1, 0, 0, 1, 0, 1, 0, 0, 1, 0, 0, 1, 0, 1, 0, 0, 0], "y_pred": [0, 0, 0, 0, 0, 0, 0, 0, 0, 0, 0, 0, 0, 0, 0, 0, 0, 0, 0, 0, 0, 0, 0]}