{"ckpt": "checkpoints/Track2/A-V-G+P/ternary/pipeline__A_V_GpP__opensmile__openface__bilstm_mean__frozen_val_seed2026/best_model_2026-05-15-23.23.01.pth", "track": "Track2", "task": "ternary", "subtrack": "A-V-G+P", "audio_feature": "opensmile", "video_feature": "openface", "encoder_type": "bilstm_mean", "seed": 2026, "experiment_name": "pipeline__A_V_GpP__opensmile__openface__bilstm_mean__frozen_val_seed2026", "val": {"acc": 0.6666666666666666, "f1": 0.4646464646464647, "kappa": 0.3571428571428572, "ccc": 0.031131651059277243, "rmse": 0.4948054561457668, "mae": 0.4049632019466824, "confusion_matrix": [[4, 1, 0], [1, 2, 0], [1, 0, 0]], "selection_score": 0.4646464646464647, "r2": 0.0031872948592727157, "cls_loss": 1.0947014821900263, "reg_loss": 0.2448324312766393, "loss": 1.3395339250564575}, "metric_split": "val", "test": {"acc": 0.2727272727272727, "f1": 0.19138755980861244, "kappa": -0.28, "ccc": 0.0028777322046049814, "rmse": 0.5290634804043244, "mae": 0.5001283396374095, "confusion_matrix": [[4, 7, 0], [6, 2, 0], [1, 2, 0]], "selection_score": 0.19138755980861244, "r2": -0.014276912190637425}, "ids": [1, 5, 7, 13, 15, 22, 28, 33, 34, 40, 42, 44, 47, 58, 74, 83, 85, 89, 90, 93, 105, 110], "probs": [[0.4111695885658264, 0.3751598596572876, 0.2136704921722412], [0.4282964766025543, 0.35902830958366394, 0.2126752734184265], [0.43340936303138733, 0.3658583164215088, 0.20073235034942627], [0.37378132343292236, 0.4507094621658325, 0.17550918459892273], [0.41328394412994385, 0.37942400574684143, 0.20729206502437592], [0.37553834915161133, 0.436204195022583, 0.18825747072696686], [0.39751723408699036, 0.4095841646194458, 0.1928986757993698], [0.4301382601261139, 0.3543902039527893, 0.21547158062458038], [0.43016305565834045, 0.36076635122299194, 0.20907062292099], [0.4012301564216614, 0.40710172057151794, 0.19166815280914307], [0.40446892380714417, 0.40388816595077515, 0.1916428506374359], [0.3917979598045349, 0.4167815148830414, 0.1914205402135849], [0.3830426335334778, 0.42514708638191223, 0.1918102651834488], [0.3999243378639221, 0.4101950228214264, 0.1898806095123291], [0.40580564737319946, 0.4078316390514374, 0.18636274337768555], [0.3954384922981262, 0.4034659266471863, 0.2010955512523651], [0.3833734095096588, 0.4333152174949646, 0.183311328291893], [0.3854588270187378, 0.42913299798965454, 0.18540813028812408], [0.4037778377532959, 0.397908478975296, 0.19831371307373047], [0.42920318245887756, 0.37974080443382263, 0.191056028008461], [0.42465347051620483, 0.3789597153663635, 0.19638678431510925], [0.4168817400932312, 0.36760586500167847, 0.21551242470741272]], "phq_pred_log1p": [1.6035979986190796, 1.4902198314666748, 1.4259262084960938, 1.6099995374679565, 1.5828373432159424, 1.621591567993164, 1.5649080276489258, 1.5491822957992554, 1.5165764093399048, 1.546027660369873, 1.5256237983703613, 1.6235473155975342, 1.6206235885620117, 1.5820930004119873, 1.5183005332946777, 1.5920491218566895, 1.6245760917663574, 1.638669490814209, 1.5852468013763428, 1.458647608757019, 1.4688482284545898, 1.5596137046813965], "phq_true_log1p": [2.4849066734313965, 1.945910096168518, 1.945910096168518, 1.945910096168518, 1.945910096168518, 1.0986123085021973, 1.0986123085021973, 1.0986123085021973, 1.945910096168518, 1.0986123085021973, 1.945910096168518, 1.0986123085021973, 1.0986123085021973, 1.0986123085021973, 2.4849066734313965, 1.0986123085021973, 2.4849066734313965, 1.945910096168518, 1.945910096168518, 1.0986123085021973, 1.0986123085021973, 1.0986123085021973], "y_true": [2, 1, 1, 1, 1, 0, 0, 0, 1, 0, 1, 0, 0, 0, 2, 0, 2, 1, 1, 0, 0, 0], "y_pred": [0, 0, 0, 1, 0, 1, 1, 0, 0, 1, 0, 1, 1, 1, 1, 1, 1, 1, 0, 0, 0, 0]}