{"ckpt": "checkpoints/Track2/A-V-P/ternary/pipeline__A_VpP__mfcc__openface__bilstm_mean__fold4_seed42/best_model_2026-05-16-01.35.16.pth", "track": "Track2", "task": "ternary", "subtrack": "A-V+P", "audio_feature": "mfcc", "video_feature": "openface", "encoder_type": "bilstm_mean", "seed": 42, "experiment_name": "pipeline__A_VpP__mfcc__openface__bilstm_mean__fold4_seed42", "val": {"acc": 0.47058823529411764, "f1": 0.5087719298245613, "kappa": 0.0496894409937888, "ccc": -0.06521863222026533, "rmse": 0.8935905376213031, "mae": 0.6812485281158897, "confusion_matrix": [[5, 4, 0], [4, 2, 0], [1, 0, 1]], "selection_score": 0.5087719298245613, "r2": -0.2831266840984594, "cls_loss": 1.2371843842899097, "reg_loss": 0.7985040861017564, "loss": 2.035688463379355}, "metric_split": "val", "test": {"acc": 0.3181818181818182, "f1": 0.3329768270944741, "kappa": -0.1578947368421053, "ccc": -0.04413332423326894, "rmse": 0.7873306255116815, "mae": 0.6975114751945842, "confusion_matrix": [[4, 6, 1], [6, 2, 0], [1, 1, 1]], "selection_score": 0.3329768270944741, "r2": -1.2462353647720192}, "ids": [1, 5, 7, 13, 15, 22, 28, 33, 34, 40, 42, 44, 47, 58, 74, 83, 85, 89, 90, 93, 105, 110], "probs": [[0.26545414328575134, 0.34088560938835144, 0.393660306930542], [0.7161647081375122, 0.1114635244011879, 0.1723717451095581], [0.8311754465103149, 0.06499861925840378, 0.10382595658302307], [0.29292961955070496, 0.5466336607933044, 0.1604367196559906], [0.6765916347503662, 0.12626001238822937, 0.19714830815792084], [0.2740173935890198, 0.4856101870536804, 0.24037237465381622], [0.27864426374435425, 0.5376670956611633, 0.1836886703968048], [0.6731998920440674, 0.0883597880601883, 0.23844031989574432], [0.7387677431106567, 0.07518405467271805, 0.18604817986488342], [0.2894066274166107, 0.5305323004722595, 0.18006110191345215], [0.6388315558433533, 0.21462005376815796, 0.14654843509197235], [0.07862692326307297, 0.6505550146102905, 0.27081799507141113], [0.2941947877407074, 0.4712486267089844, 0.23455661535263062], [0.19573955237865448, 0.6080791354179382, 0.1961812824010849], [0.6514721512794495, 0.1977841556072235, 0.15074364840984344], [0.45602062344551086, 0.27380093932151794, 0.2701783776283264], [0.14832793176174164, 0.5924389958381653, 0.2592330873012543], [0.14262525737285614, 0.6214224696159363, 0.23595231771469116], [0.4423670768737793, 0.2522227168083191, 0.30541014671325684], [0.8264561891555786, 0.06575200706720352, 0.10779181867837906], [0.8223990201950073, 0.07593461126089096, 0.10166638344526291], [0.31020936369895935, 0.20566290616989136, 0.48412778973579407]], "phq_pred_log1p": [1.8571151494979858, 1.0619815587997437, 0.3845522403717041, 1.5283058881759644, 1.0823255777359009, 1.711713433265686, 1.691107988357544, 1.0313388109207153, 0.7319250702857971, 1.7241203784942627, 1.0864988565444946, 2.2153358459472656, 1.6816250085830688, 1.88752019405365, 1.125712513923645, 1.4366012811660767, 1.9707432985305786, 1.972690224647522, 1.4894031286239624, 0.46580269932746887, 0.4837723672389984, 1.6868962049484253], "phq_true_log1p": [2.4849066734313965, 1.945910096168518, 1.945910096168518, 1.945910096168518, 1.945910096168518, 1.0986123085021973, 1.0986123085021973, 1.0986123085021973, 1.945910096168518, 1.0986123085021973, 1.945910096168518, 1.0986123085021973, 1.0986123085021973, 1.0986123085021973, 2.4849066734313965, 1.0986123085021973, 2.4849066734313965, 1.945910096168518, 1.945910096168518, 1.0986123085021973, 1.0986123085021973, 1.0986123085021973], "y_true": [2, 1, 1, 1, 1, 0, 0, 0, 1, 0, 1, 0, 0, 0, 2, 0, 2, 1, 1, 0, 0, 0], "y_pred": [2, 0, 0, 1, 0, 1, 1, 0, 0, 1, 0, 1, 1, 1, 0, 0, 1, 1, 0, 0, 0, 2]}