{"ckpt": "checkpoints/Track2/G-P/binary/pipeline__GpP__mfcc__resnet__bilstm_mean__frozen_val_seed2026/best_model_2026-05-15-21.38.58.pth", "track": "Track2", "task": "binary", "subtrack": "G+P", "audio_feature": "mfcc", "video_feature": "resnet", "encoder_type": "bilstm_mean", "seed": 2026, "experiment_name": "pipeline__GpP__mfcc__resnet__bilstm_mean__frozen_val_seed2026", "val": {"acc": 0.6666666666666666, "f1": 0.6666666666666666, "kappa": 0.3414634146341463, "ccc": 0.01562573049248017, "rmse": 0.7397491033047788, "mae": 0.5761735836664835, "confusion_matrix": [[3, 2], [1, 3]], "selection_score": 0.6666666666666666, "r2": 0.0032822046851159747, "cls_loss": 0.6901910636160109, "reg_loss": 0.5472287578247941, "loss": 1.2374198370509677}, "metric_split": "val", "test": {"acc": 0.5909090909090909, "f1": 0.5448275862068965, "kappa": 0.18181818181818177, "ccc": -0.0021149064018809467, "rmse": 0.5285881568495917, "mae": 0.4929647716608914, "confusion_matrix": [[10, 1], [8, 3]], "selection_score": 0.5448275862068965, "r2": -0.012455228571694787}, "ids": [1, 5, 7, 13, 15, 22, 28, 33, 34, 40, 42, 44, 47, 58, 74, 83, 85, 89, 90, 93, 105, 110], "probs": [[0.5673092603683472, 0.43269070982933044], [0.5683432817459106, 0.43165671825408936], [0.47990986704826355, 0.5200901031494141], [0.449571818113327, 0.5504281520843506], [0.4887830317020416, 0.5112169981002808], [0.5506249666213989, 0.44937509298324585], [0.5272566676139832, 0.4727433919906616], [0.49781548976898193, 0.5021845102310181], [0.5242895483970642, 0.4757104516029358], [0.5182458162307739, 0.4817541837692261], [0.5054827928543091, 0.4945172071456909], [0.5134120583534241, 0.48658791184425354], [0.5336593389511108, 0.46634072065353394], [0.5211203098297119, 0.4788796901702881], [0.5446677803993225, 0.4553321897983551], [0.5316685438156128, 0.4683314561843872], [0.5482208132743835, 0.45177921652793884], [0.5264174938201904, 0.4735824763774872], [0.557059645652771, 0.442940354347229], [0.5103806257247925, 0.48961934447288513], [0.5605542063713074, 0.4394457936286926], [0.5405001640319824, 0.4594998061656952]], "phq_pred_log1p": [1.499852180480957, 1.469179630279541, 1.6491551399230957, 1.6601430177688599, 1.6044515371322632, 1.4861241579055786, 1.5955950021743774, 1.5930143594741821, 1.5624598264694214, 1.5889146327972412, 1.5975133180618286, 1.611636757850647, 1.5635462999343872, 1.5951526165008545, 1.5748627185821533, 1.5823971033096313, 1.5626181364059448, 1.6262298822402954, 1.5524934530258179, 1.6037061214447021, 1.5438138246536255, 1.503017544746399], "phq_true_log1p": [2.4849066734313965, 1.945910096168518, 1.945910096168518, 1.945910096168518, 1.945910096168518, 1.0986123085021973, 1.0986123085021973, 1.0986123085021973, 1.945910096168518, 1.0986123085021973, 1.945910096168518, 1.0986123085021973, 1.0986123085021973, 1.0986123085021973, 2.4849066734313965, 1.0986123085021973, 2.4849066734313965, 1.945910096168518, 1.945910096168518, 1.0986123085021973, 1.0986123085021973, 1.0986123085021973], "y_true": [1, 1, 1, 1, 1, 0, 0, 0, 1, 0, 1, 0, 0, 0, 1, 0, 1, 1, 1, 0, 0, 0], "y_pred": [0, 0, 1, 1, 1, 0, 0, 1, 0, 0, 0, 0, 0, 0, 0, 0, 0, 0, 0, 0, 0, 0]}