{"ckpt": "checkpoints/Track1/A-V-P/ternary/pipeline__A_VpP__wav2vec__openface__bilstm_mean__fold2_seed42/best_model_2026-05-16-00.27.07.pth", "track": "Track1", "task": "ternary", "subtrack": "A-V+P", "audio_feature": "wav2vec", "video_feature": "openface", "encoder_type": "bilstm_mean", "seed": 42, "experiment_name": "pipeline__A_VpP__wav2vec__openface__bilstm_mean__fold2_seed42", "val": {"acc": 0.7058823529411765, "f1": 0.45714285714285713, "kappa": 0.2975206611570248, "ccc": 0.039105741701650314, "rmse": 0.9119393562278503, "mae": 0.6813120561487535, "confusion_matrix": [[10, 2, 0], [1, 2, 0], [2, 0, 0]], "selection_score": 0.45714285714285713, "r2": -0.19097004394133887, "cls_loss": 1.0942124128341675, "reg_loss": 0.8316333697122686, "loss": 1.9258457983241362}, "metric_split": "val", "test": {"acc": 0.43478260869565216, "f1": 0.20833333333333334, "kappa": -0.22540983606557363, "ccc": 0.03724193674092395, "rmse": 0.5656890328607445, "mae": 0.531704446543818, "confusion_matrix": [[10, 3, 1], [8, 0, 0], [0, 1, 0]], "selection_score": 0.20833333333333334, "r2": -0.21145423839350475}, "ids": [1, 6, 8, 13, 18, 24, 26, 32, 33, 35, 45, 48, 51, 59, 69, 70, 83, 86, 91, 92, 97, 106, 117], "probs": [[0.3008195757865906, 0.35836002230644226, 0.34082040190696716], [0.4463268220424652, 0.35558009147644043, 0.19809305667877197], [0.35477691888809204, 0.3620029091835022, 0.28322017192840576], [0.3674890995025635, 0.35770419239997864, 0.2748067080974579], [0.4104996919631958, 0.3635258078575134, 0.22597448527812958], [0.44503018260002136, 0.3537321984767914, 0.20123761892318726], [0.48027896881103516, 0.330535888671875, 0.18918511271476746], [0.42817428708076477, 0.37415510416030884, 0.19767065346240997], [0.2693521976470947, 0.32727324962615967, 0.4033746123313904], [0.4226970374584198, 0.3459472954273224, 0.23135563731193542], [0.35477980971336365, 0.34637337923049927, 0.2988467812538147], [0.46162956953048706, 0.3461872935295105, 0.19218315184116364], [0.41759926080703735, 0.3647196292877197, 0.2176811397075653], [0.328530877828598, 0.368070513010025, 0.30339863896369934], [0.36304518580436707, 0.34748438000679016, 0.28947046399116516], [0.4302115738391876, 0.3630058467388153, 0.20678262412548065], [0.46190881729125977, 0.3420116603374481, 0.19607959687709808], [0.37296053767204285, 0.3539428412914276, 0.27309665083885193], [0.33149173855781555, 0.3450188934803009, 0.32348936796188354], [0.4135527014732361, 0.3778679370880127, 0.20857930183410645], [0.38546285033226013, 0.361223965883255, 0.2533131539821625], [0.4214717149734497, 0.3615487813949585, 0.2169794738292694], [0.4421502351760864, 0.3583672344684601, 0.19948247075080872]], "phq_pred_log1p": [2.0764448642730713, 1.5388833284378052, 1.8407752513885498, 1.8011761903762817, 1.629003643989563, 1.5216175317764282, 1.257714867591858, 1.4447028636932373, 2.0598506927490234, 1.595923662185669, 1.8048110008239746, 1.365163803100586, 1.5796754360198975, 1.963028907775879, 1.7903242111206055, 1.5031781196594238, 1.4697463512420654, 1.7880585193634033, 1.7859541177749634, 1.635204792022705, 1.6734299659729004, 1.596256971359253, 1.3861563205718994], "phq_true_log1p": [2.5649492740631104, 2.079441547393799, 1.0986123085021973, 2.079441547393799, 1.0986123085021973, 1.0986123085021973, 2.079441547393799, 1.0986123085021973, 1.0986123085021973, 2.079441547393799, 1.0986123085021973, 2.079441547393799, 1.0986123085021973, 1.0986123085021973, 2.079441547393799, 1.0986123085021973, 1.0986123085021973, 2.079441547393799, 1.0986123085021973, 2.079441547393799, 1.0986123085021973, 1.0986123085021973, 1.0986123085021973], "y_true": [2, 1, 0, 1, 0, 0, 1, 0, 0, 1, 0, 1, 0, 0, 1, 0, 0, 1, 0, 1, 0, 0, 0], "y_pred": [1, 0, 1, 0, 0, 0, 0, 0, 2, 0, 0, 0, 0, 1, 0, 0, 0, 0, 1, 0, 0, 0, 0]}