{"ckpt": "checkpoints/Track1/A-V-P/binary/pipeline__A_VpP__mfcc__openface__bilstm_mean__frozen_val_seed2026/best_model_2026-05-15-21.11.30.pth", "track": "Track1", "task": "binary", "subtrack": "A-V+P", "audio_feature": "mfcc", "video_feature": "openface", "encoder_type": "bilstm_mean", "seed": 2026, "experiment_name": "pipeline__A_VpP__mfcc__openface__bilstm_mean__frozen_val_seed2026", "val": {"acc": 0.6666666666666666, "f1": 0.4, "kappa": 0.0, "ccc": 0.002026155846477247, "rmse": 0.7286272498102893, "mae": 0.5040290885501437, "confusion_matrix": [[6, 0], [3, 0]], "selection_score": 0.4, "r2": -0.19607265293590892, "cls_loss": 0.678982330693139, "reg_loss": 0.5308976570765177, "loss": 1.2098800076378717}, "metric_split": "val", "test": {"acc": 0.6086956521739131, "f1": 0.3783783783783784, "kappa": 0.0, "ccc": -0.002237811269588597, "rmse": 0.6455118926792592, "mae": 0.4113208470137223, "confusion_matrix": [[14, 0], [9, 0]], "selection_score": 0.3783783783783784, "r2": -0.5774659421580133}, "ids": [1, 6, 8, 13, 18, 24, 26, 32, 33, 35, 45, 48, 51, 59, 69, 70, 83, 86, 91, 92, 97, 106, 117], "probs": [[0.5916451811790466, 0.408354789018631], [0.5832611918449402, 0.4167387783527374], [0.5815864205360413, 0.4184136390686035], [0.581823468208313, 0.418176531791687], [0.5891541838645935, 0.4108458459377289], [0.5864545106887817, 0.4135454297065735], [0.5913422703742981, 0.4086576998233795], [0.6010589003562927, 0.3989410698413849], [0.5945824980735779, 0.40541744232177734], [0.5865857601165771, 0.41341421008110046], [0.5905687212944031, 0.4094312787055969], [0.6047508716583252, 0.3952490985393524], [0.5904036164283752, 0.40959635376930237], [0.5902655124664307, 0.4097345173358917], [0.5748400688171387, 0.42515993118286133], [0.5880821943283081, 0.4119178354740143], [0.5899770855903625, 0.41002294421195984], [0.5901068449020386, 0.4098931849002838], [0.5935717225074768, 0.4064282774925232], [0.5843960046768188, 0.41560402512550354], [0.5879675149917603, 0.41203242540359497], [0.5784689784049988, 0.42153096199035645], [0.587801456451416, 0.412198543548584]], "phq_pred_log1p": [1.0956029891967773, 1.1169021129608154, 1.1093406677246094, 1.1303974390029907, 1.122278094291687, 1.0829745531082153, 1.1119425296783447, 1.127801775932312, 1.1522216796875, 1.1024285554885864, 1.1316392421722412, 1.1508004665374756, 1.1214741468429565, 1.1049962043762207, 1.1058869361877441, 1.1131961345672607, 1.0818772315979004, 1.0998177528381348, 1.1084694862365723, 1.1154398918151855, 1.1109716892242432, 1.1168299913406372, 1.1208722591400146], "phq_true_log1p": [2.5649492740631104, 2.079441547393799, 1.0986123085021973, 2.079441547393799, 1.0986123085021973, 1.0986123085021973, 2.079441547393799, 1.0986123085021973, 1.0986123085021973, 2.079441547393799, 1.0986123085021973, 2.079441547393799, 1.0986123085021973, 1.0986123085021973, 2.079441547393799, 1.0986123085021973, 1.0986123085021973, 2.079441547393799, 1.0986123085021973, 2.079441547393799, 1.0986123085021973, 1.0986123085021973, 1.0986123085021973], "y_true": [1, 1, 0, 1, 0, 0, 1, 0, 0, 1, 0, 1, 0, 0, 1, 0, 0, 1, 0, 1, 0, 0, 0], "y_pred": [0, 0, 0, 0, 0, 0, 0, 0, 0, 0, 0, 0, 0, 0, 0, 0, 0, 0, 0, 0, 0, 0, 0]}