{"ckpt": "checkpoints/Track2/A-V-G+P/binary/pipeline__A_V_GpP__opensmile__openface__bilstm_mean__frozen_val_seed3407/best_model_2026-05-15-22.04.49.pth", "track": "Track2", "task": "binary", "subtrack": "A-V-G+P", "audio_feature": "opensmile", "video_feature": "openface", "encoder_type": "bilstm_mean", "seed": 3407, "experiment_name": "pipeline__A_V_GpP__opensmile__openface__bilstm_mean__frozen_val_seed3407", "val": {"acc": 0.6666666666666666, "f1": 0.6666666666666666, "kappa": 0.3414634146341463, "ccc": -0.08327012138799542, "rmse": 0.8987896577302156, "mae": 0.7054445544878641, "confusion_matrix": [[3, 2], [1, 3]], "selection_score": 0.6666666666666666, "r2": -0.4713617106881429, "cls_loss": 1.1246249940660265, "reg_loss": 0.8078228708149658, "loss": 1.9324479169315762}, "metric_split": "val", "test": {"acc": 0.5, "f1": 0.4989648033126294, "kappa": 0.0, "ccc": 0.029315006900518092, "rmse": 0.7987417514675603, "mae": 0.6945896744728088, "confusion_matrix": [[5, 6], [5, 6]], "selection_score": 0.4989648033126294, "r2": -1.3118185448315196}, "ids": [1, 5, 7, 13, 15, 22, 28, 33, 34, 40, 42, 44, 47, 58, 74, 83, 85, 89, 90, 93, 105, 110], "probs": [[0.06447446346282959, 0.9355255961418152], [0.9937169551849365, 0.006282985210418701], [0.9984470009803772, 0.001553061418235302], [0.1439404934644699, 0.8560594916343689], [0.9961103796958923, 0.0038895942270755768], [0.16190388798713684, 0.8380961418151855], [0.7496188879013062, 0.25038111209869385], [0.9551854729652405, 0.04481453821063042], [0.99783855676651, 0.0021614611614495516], [0.01721237227320671, 0.9827876091003418], [0.19070933759212494, 0.8092907071113586], [0.0064049893990159035, 0.9935950636863708], [0.2880582809448242, 0.7119417190551758], [0.010420064441859722, 0.989579975605011], [0.3293789029121399, 0.6706211566925049], [0.010148091241717339, 0.9898518919944763], [0.008028100244700909, 0.9919718503952026], [0.008837913163006306, 0.9911620616912842], [0.5825740098953247, 0.4174259305000305], [0.9984259605407715, 0.0015740516828373075], [0.99730384349823, 0.0026961122639477253], [0.9931195974349976, 0.0068803876638412476]], "phq_pred_log1p": [2.015364170074463, 0.9533085823059082, 0.3839752972126007, 1.6922781467437744, 0.8168145418167114, 1.7496795654296875, 1.3696684837341309, 1.464906930923462, 0.6587733626365662, 2.1212151050567627, 1.635158658027649, 2.2643704414367676, 1.7147151231765747, 2.1635830402374268, 1.6601592302322388, 2.1438324451446533, 2.1556639671325684, 2.187655210494995, 1.5771830081939697, 0.44736745953559875, 0.6430745124816895, 0.8966516256332397], "phq_true_log1p": [2.4849066734313965, 1.945910096168518, 1.945910096168518, 1.945910096168518, 1.945910096168518, 1.0986123085021973, 1.0986123085021973, 1.0986123085021973, 1.945910096168518, 1.0986123085021973, 1.945910096168518, 1.0986123085021973, 1.0986123085021973, 1.0986123085021973, 2.4849066734313965, 1.0986123085021973, 2.4849066734313965, 1.945910096168518, 1.945910096168518, 1.0986123085021973, 1.0986123085021973, 1.0986123085021973], "y_true": [1, 1, 1, 1, 1, 0, 0, 0, 1, 0, 1, 0, 0, 0, 1, 0, 1, 1, 1, 0, 0, 0], "y_pred": [1, 0, 0, 1, 0, 1, 0, 0, 0, 1, 1, 1, 1, 1, 1, 1, 1, 1, 0, 0, 0, 0]}