{"ckpt": "checkpoints/Track1/A-V-G+P/ternary/pipeline__A_V_GpP__mfcc__openface__bilstm_mean__frozen_val_seed2026/best_model_2026-05-15-22.41.51.pth", "track": "Track1", "task": "ternary", "subtrack": "A-V-G+P", "audio_feature": "mfcc", "video_feature": "openface", "encoder_type": "bilstm_mean", "seed": 2026, "experiment_name": "pipeline__A_V_GpP__mfcc__openface__bilstm_mean__frozen_val_seed2026", "val": {"acc": 0.6666666666666666, "f1": 0.43636363636363634, "kappa": 0.38636363636363635, "ccc": 0.556339085339462, "rmse": 0.5997659647204774, "mae": 0.4789108435312907, "confusion_matrix": [[5, 1, 0], [0, 1, 1], [0, 1, 0]], "selection_score": 0.43636363636363634, "r2": 0.3956752752752123, "cls_loss": 1.1545559565226238, "reg_loss": 0.3597192042507231, "loss": 1.5142752197053697}, "metric_split": "val", "test": {"acc": 0.43478260869565216, "f1": 0.24761904761904763, "kappa": -0.16796875, "ccc": 0.036821252251950286, "rmse": 0.6983926144920033, "mae": 0.5633641727592634, "confusion_matrix": [[9, 4, 1], [7, 1, 0], [0, 1, 0]], "selection_score": 0.24761904761904763, "r2": -0.8465062062504787}, "ids": [1, 6, 8, 13, 18, 24, 26, 32, 33, 35, 45, 48, 51, 59, 69, 70, 83, 86, 91, 92, 97, 106, 117], "probs": [[0.14479567110538483, 0.4988016188144684, 0.3564026951789856], [0.4419551193714142, 0.4143514037132263, 0.14369343221187592], [0.3152090311050415, 0.4283643662929535, 0.2564265727996826], [0.4067462682723999, 0.34925928711891174, 0.24399445950984955], [0.21357578039169312, 0.53293377161026, 0.2534904479980469], [0.6920174956321716, 0.21438616514205933, 0.09359633177518845], [0.7530055642127991, 0.1377994865179062, 0.10919498652219772], [0.7741609215736389, 0.16730159521102905, 0.058537475764751434], [0.17827273905277252, 0.4388977587223053, 0.3828295171260834], [0.504692792892456, 0.35780736804008484, 0.1374998390674591], [0.5669059157371521, 0.2616679072380066, 0.1714261770248413], [0.949367880821228, 0.03267432004213333, 0.01795783080160618], [0.3309587836265564, 0.4628365635871887, 0.20620465278625488], [0.5081113576889038, 0.3763745427131653, 0.11551406234502792], [0.3043724298477173, 0.43412908911705017, 0.26149848103523254], [0.7636959552764893, 0.1663026213645935, 0.07000145316123962], [0.8603955507278442, 0.10412091761827469, 0.03548349067568779], [0.5343272686004639, 0.3103843629360199, 0.15528839826583862], [0.28035929799079895, 0.2495102882385254, 0.4701305031776428], [0.7495713829994202, 0.18875503540039062, 0.06167352572083473], [0.4806526005268097, 0.2970353960990906, 0.22231201827526093], [0.6701430678367615, 0.23059219121932983, 0.09926477074623108], [0.8655617237091064, 0.09101569652557373, 0.0434226393699646]], "phq_pred_log1p": [2.1891376972198486, 1.4496113061904907, 1.812584400177002, 1.6347821950912476, 1.9429641962051392, 1.072111964225769, 0.8946436643600464, 0.9196881055831909, 1.9839099645614624, 1.352716326713562, 1.4676426649093628, 0.27550753951072693, 1.626792073249817, 1.2388509511947632, 1.8093310594558716, 0.9748256206512451, 0.7533013820648193, 1.4033793210983276, 1.887478232383728, 0.9421755075454712, 1.4621063470840454, 1.1759601831436157, 0.7757337689399719], "phq_true_log1p": [2.5649492740631104, 2.079441547393799, 1.0986123085021973, 2.079441547393799, 1.0986123085021973, 1.0986123085021973, 2.079441547393799, 1.0986123085021973, 1.0986123085021973, 2.079441547393799, 1.0986123085021973, 2.079441547393799, 1.0986123085021973, 1.0986123085021973, 2.079441547393799, 1.0986123085021973, 1.0986123085021973, 2.079441547393799, 1.0986123085021973, 2.079441547393799, 1.0986123085021973, 1.0986123085021973, 1.0986123085021973], "y_true": [2, 1, 0, 1, 0, 0, 1, 0, 0, 1, 0, 1, 0, 0, 1, 0, 0, 1, 0, 1, 0, 0, 0], "y_pred": [1, 0, 1, 0, 1, 0, 0, 0, 1, 0, 0, 0, 1, 0, 1, 0, 0, 0, 2, 0, 0, 0, 0]}