{"ckpt": "checkpoints/Track1/A-V-P/ternary/pipeline__A_VpP__mfcc__openface__bilstm_mean__fold3_seed42/best_model_2026-05-16-00.23.46.pth", "track": "Track1", "task": "ternary", "subtrack": "A-V+P", "audio_feature": "mfcc", "video_feature": "openface", "encoder_type": "bilstm_mean", "seed": 42, "experiment_name": "pipeline__A_VpP__mfcc__openface__bilstm_mean__fold3_seed42", "val": {"acc": 0.5882352941176471, "f1": 0.3352380952380953, "kappa": 0.016528925619834767, "ccc": -0.28818235401623205, "rmse": 0.9462917153726524, "mae": 0.7045483343741473, "confusion_matrix": [[9, 3, 0], [2, 1, 0], [2, 0, 0]], "selection_score": 0.3352380952380953, "r2": -0.564160710119826, "cls_loss": 1.1425101231126225, "reg_loss": 0.8954680287553107, "loss": 2.037978165289935}, "metric_split": "val", "test": {"acc": 0.5652173913043478, "f1": 0.29590017825311943, "kappa": -0.022222222222222143, "ccc": -0.1853012811621359, "rmse": 0.6966399824624558, "mae": 0.5736572250075962, "confusion_matrix": [[12, 2, 0], [7, 1, 0], [1, 0, 0]], "selection_score": 0.29590017825311943, "r2": -0.8372501369946688}, "ids": [1, 6, 8, 13, 18, 24, 26, 32, 33, 35, 45, 48, 51, 59, 69, 70, 83, 86, 91, 92, 97, 106, 117], "probs": [[0.40643271803855896, 0.39833131432533264, 0.19523592293262482], [0.40872782468795776, 0.3953421115875244, 0.19593003392219543], [0.4701032042503357, 0.36369749903678894, 0.16619926691055298], [0.4465307891368866, 0.3538219928741455, 0.1996472179889679], [0.40876850485801697, 0.3989270329475403, 0.19230447709560394], [0.5609848499298096, 0.30961132049560547, 0.12940388917922974], [0.6089717745780945, 0.2700701057910919, 0.12095817923545837], [0.42914465069770813, 0.3863040804862976, 0.18455129861831665], [0.5201067924499512, 0.3267982006072998, 0.1530950367450714], [0.5640700459480286, 0.30279740691185, 0.13313251733779907], [0.43538689613342285, 0.36458221077919006, 0.20003090798854828], [0.6245152950286865, 0.25679823756217957, 0.11868645995855331], [0.38430291414260864, 0.4012618362903595, 0.21443526446819305], [0.42966949939727783, 0.4024953544139862, 0.16783513128757477], [0.3451867997646332, 0.39160123467445374, 0.26321202516555786], [0.4233279824256897, 0.3899455964565277, 0.186726376414299], [0.5116979479789734, 0.3443836569786072, 0.1439184844493866], [0.4897913336753845, 0.3459230065345764, 0.16428565979003906], [0.3722432851791382, 0.34534087777137756, 0.28241586685180664], [0.4844951927661896, 0.36530300974845886, 0.15020185708999634], [0.39498934149742126, 0.3836061954498291, 0.2214045226573944], [0.48291125893592834, 0.34922242164611816, 0.16786633431911469], [0.3269251883029938, 0.4045615494251251, 0.26851320266723633]], "phq_pred_log1p": [1.5993931293487549, 1.4951058626174927, 1.288230538368225, 1.447767734527588, 1.519568681716919, 0.9483934640884399, 0.6231235265731812, 1.4724501371383667, 1.0007126331329346, 0.9101276397705078, 1.493354082107544, 0.6333665251731873, 1.6342109441757202, 1.270071268081665, 1.824420690536499, 1.4493197202682495, 1.010472059249878, 1.213022232055664, 1.8198553323745728, 1.2147178649902344, 1.5991222858428955, 1.3261189460754395, 1.8308544158935547], "phq_true_log1p": [2.5649492740631104, 2.079441547393799, 1.0986123085021973, 2.079441547393799, 1.0986123085021973, 1.0986123085021973, 2.079441547393799, 1.0986123085021973, 1.0986123085021973, 2.079441547393799, 1.0986123085021973, 2.079441547393799, 1.0986123085021973, 1.0986123085021973, 2.079441547393799, 1.0986123085021973, 1.0986123085021973, 2.079441547393799, 1.0986123085021973, 2.079441547393799, 1.0986123085021973, 1.0986123085021973, 1.0986123085021973], "y_true": [2, 1, 0, 1, 0, 0, 1, 0, 0, 1, 0, 1, 0, 0, 1, 0, 0, 1, 0, 1, 0, 0, 0], "y_pred": [0, 0, 0, 0, 0, 0, 0, 0, 0, 0, 0, 0, 1, 0, 1, 0, 0, 0, 0, 0, 0, 0, 1]}