{"ckpt": "checkpoints/Track1/A-V-G+P/binary/pipeline__A_V_GpP__opensmile__resnet__bilstm_mean__fold1_seed42/best_model_2026-05-16-00.20.48.pth", "track": "Track1", "task": "binary", "subtrack": "A-V-G+P", "audio_feature": "opensmile", "video_feature": "resnet", "encoder_type": "bilstm_mean", "seed": 42, "experiment_name": "pipeline__A_V_GpP__opensmile__resnet__bilstm_mean__fold1_seed42", "val": {"acc": 0.7222222222222222, "f1": 0.5566502463054187, "kappa": 0.15094339622641517, "ccc": 0.029398981784380943, "rmse": 0.8682385027491173, "mae": 0.7434516615337796, "confusion_matrix": [[12, 1], [4, 1]], "selection_score": 0.5566502463054187, "r2": -0.09492128411340928, "cls_loss": 0.8938821223047044, "reg_loss": 0.7538381086455451, "loss": 1.6477202309502497}, "metric_split": "val", "test": {"acc": 0.4782608695652174, "f1": 0.3839285714285714, "kappa": -0.18965517241379315, "ccc": -0.3779676648052841, "rmse": 0.7121066155102717, "mae": 0.611592621906944, "confusion_matrix": [[10, 4], [8, 1]], "selection_score": 0.3839285714285714, "r2": -0.9197361206305912}, "ids": [1, 6, 8, 13, 18, 24, 26, 32, 33, 35, 45, 48, 51, 59, 69, 70, 83, 86, 91, 92, 97, 106, 117], "probs": [[0.8836244344711304, 0.11637559533119202], [0.663692057132721, 0.33630791306495667], [0.2506190240383148, 0.7493809461593628], [0.9432717561721802, 0.056728314608335495], [0.9628423452377319, 0.03715767711400986], [0.9691146612167358, 0.030885381624102592], [0.43943560123443604, 0.5605643391609192], [0.834851861000061, 0.16514821350574493], [0.7161611914634705, 0.28383883833885193], [0.9829005599021912, 0.017099473625421524], [0.8633472323417664, 0.13665275275707245], [0.9191251397132874, 0.08087481558322906], [0.8505171537399292, 0.1494828313589096], [0.3806922733783722, 0.6193076968193054], [0.8686779141426086, 0.13132208585739136], [0.9372119903564453, 0.06278792768716812], [0.9306133389472961, 0.06938662379980087], [0.9904048442840576, 0.009595227427780628], [0.41786158084869385, 0.5821384191513062], [0.9366159439086914, 0.06338406354188919], [0.6478420495986938, 0.35215795040130615], [0.6449742317199707, 0.3550257384777069], [0.4031243622303009, 0.5968756079673767]], "phq_pred_log1p": [1.3281868696212769, 1.5051910877227783, 1.852210283279419, 1.129642367362976, 1.2079415321350098, 1.0679728984832764, 1.6659976243972778, 1.4287961721420288, 1.611234426498413, 0.9975542426109314, 1.302392840385437, 1.2635422945022583, 1.5078716278076172, 1.8233370780944824, 1.3102409839630127, 1.1605743169784546, 1.3233176469802856, 0.6022316217422485, 1.7729871273040771, 1.1899689435958862, 1.7982525825500488, 1.5810737609863281, 1.740035891532898], "phq_true_log1p": [2.5649492740631104, 2.079441547393799, 1.0986123085021973, 2.079441547393799, 1.0986123085021973, 1.0986123085021973, 2.079441547393799, 1.0986123085021973, 1.0986123085021973, 2.079441547393799, 1.0986123085021973, 2.079441547393799, 1.0986123085021973, 1.0986123085021973, 2.079441547393799, 1.0986123085021973, 1.0986123085021973, 2.079441547393799, 1.0986123085021973, 2.079441547393799, 1.0986123085021973, 1.0986123085021973, 1.0986123085021973], "y_true": [1, 1, 0, 1, 0, 0, 1, 0, 0, 1, 0, 1, 0, 0, 1, 0, 0, 1, 0, 1, 0, 0, 0], "y_pred": [0, 0, 1, 0, 0, 0, 1, 0, 0, 0, 0, 0, 0, 1, 0, 0, 0, 0, 1, 0, 0, 0, 1]}