{"ckpt": "checkpoints/Track1/A-V-P/ternary/pipeline__A_VpP__opensmile__openface__bilstm_mean__frozen_val_seed3407/best_model_2026-05-15-22.36.21.pth", "track": "Track1", "task": "ternary", "subtrack": "A-V+P", "audio_feature": "opensmile", "video_feature": "openface", "encoder_type": "bilstm_mean", "seed": 3407, "experiment_name": "pipeline__A_VpP__opensmile__openface__bilstm_mean__frozen_val_seed3407", "val": {"acc": 0.6666666666666666, "f1": 0.45714285714285713, "kappa": 0.42553191489361697, "ccc": 0.10309648264121117, "rmse": 0.9015351890774864, "mae": 0.714826848771837, "confusion_matrix": [[4, 2, 0], [0, 2, 0], [0, 1, 0]], "selection_score": 0.45714285714285713, "r2": -0.3654383452726935, "cls_loss": 1.1942395634121366, "reg_loss": 0.8127656678358713, "loss": 2.0070052411821155}, "metric_split": "val", "test": {"acc": 0.6086956521739131, "f1": 0.41269841269841273, "kappa": 0.27368421052631575, "ccc": -0.002267991669414912, "rmse": 0.7054419315502779, "mae": 0.6021499115487804, "confusion_matrix": [[8, 6, 0], [2, 6, 0], [0, 1, 0]], "selection_score": 0.41269841269841273, "r2": -0.8839702339085422}, "ids": [1, 6, 8, 13, 18, 24, 26, 32, 33, 35, 45, 48, 51, 59, 69, 70, 83, 86, 91, 92, 97, 106, 117], "probs": [[0.23667122423648834, 0.4839465320110321, 0.27938225865364075], [0.31115421652793884, 0.48279869556427, 0.20604702830314636], [0.33409565687179565, 0.44137898087501526, 0.2245253622531891], [0.3147861063480377, 0.39345917105674744, 0.29175472259521484], [0.2991194725036621, 0.4796718657016754, 0.22120867669582367], [0.501806378364563, 0.3528306782245636, 0.1453629583120346], [0.5983368158340454, 0.2582603096961975, 0.1434028595685959], [0.4466775059700012, 0.4176732301712036, 0.1356492042541504], [0.24585504829883575, 0.4781366288661957, 0.276008278131485], [0.3831549286842346, 0.41204625368118286, 0.20479881763458252], [0.4495333135128021, 0.3159496486186981, 0.23451700806617737], [0.8418631553649902, 0.1004265621304512, 0.05771034210920334], [0.28334107995033264, 0.4561290740966797, 0.26052987575531006], [0.2681865096092224, 0.5195304751396179, 0.21228298544883728], [0.36067599058151245, 0.3614751398563385, 0.27784886956214905], [0.4656134247779846, 0.3541933000087738, 0.18019326031208038], [0.5958937406539917, 0.27029529213905334, 0.13381093740463257], [0.35972127318382263, 0.39345496892929077, 0.24682369828224182], [0.44321149587631226, 0.2700125575065613, 0.28677594661712646], [0.3993242084980011, 0.434364378452301, 0.1663113832473755], [0.41134071350097656, 0.35994622111320496, 0.2287130206823349], [0.3633803427219391, 0.41848453879356384, 0.2181350737810135], [0.5116609930992126, 0.2812325656414032, 0.20710647106170654]], "phq_pred_log1p": [2.3201096057891846, 2.005511522293091, 1.992836594581604, 2.152475118637085, 2.079460859298706, 1.6016374826431274, 1.4618760347366333, 1.5358669757843018, 2.091632604598999, 1.8270972967147827, 1.9055477380752563, 0.6743710041046143, 2.117936849594116, 1.9673136472702026, 2.148890256881714, 1.7236148118972778, 1.480546236038208, 2.048635959625244, 1.9420578479766846, 1.7716655731201172, 1.8839688301086426, 2.006770610809326, 1.8260153532028198], "phq_true_log1p": [2.5649492740631104, 2.079441547393799, 1.0986123085021973, 2.079441547393799, 1.0986123085021973, 1.0986123085021973, 2.079441547393799, 1.0986123085021973, 1.0986123085021973, 2.079441547393799, 1.0986123085021973, 2.079441547393799, 1.0986123085021973, 1.0986123085021973, 2.079441547393799, 1.0986123085021973, 1.0986123085021973, 2.079441547393799, 1.0986123085021973, 2.079441547393799, 1.0986123085021973, 1.0986123085021973, 1.0986123085021973], "y_true": [2, 1, 0, 1, 0, 0, 1, 0, 0, 1, 0, 1, 0, 0, 1, 0, 0, 1, 0, 1, 0, 0, 0], "y_pred": [1, 1, 1, 1, 1, 0, 0, 0, 1, 1, 0, 0, 1, 1, 1, 0, 0, 1, 0, 1, 0, 1, 0]}