{"ckpt": "checkpoints/Track2/A-V-G+P/ternary/pipeline__A_V_GpP__opensmile__openface__bilstm_mean__fold3_seed42/best_model_2026-05-16-02.09.18.pth", "track": "Track2", "task": "ternary", "subtrack": "A-V-G+P", "audio_feature": "opensmile", "video_feature": "openface", "encoder_type": "bilstm_mean", "seed": 42, "experiment_name": "pipeline__A_V_GpP__opensmile__openface__bilstm_mean__fold3_seed42", "val": {"acc": 0.6470588235294118, "f1": 0.6479925303454714, "kappa": 0.3892215568862276, "ccc": 0.4336785922371832, "rmse": 0.6362183135343027, "mae": 0.4984956278520472, "confusion_matrix": [[6, 3, 0], [2, 4, 0], [0, 1, 1]], "selection_score": 0.6479925303454714, "r2": 0.2353520748179707, "cls_loss": 1.1206287531291736, "reg_loss": 0.4047737529720454, "loss": 1.5254025424227995}, "metric_split": "val", "test": {"acc": 0.3181818181818182, "f1": 0.2333333333333333, "kappa": -0.15384615384615374, "ccc": 0.024027635051596864, "rmse": 0.7832455962086752, "mae": 0.6889197569001805, "confusion_matrix": [[4, 6, 1], [5, 3, 0], [0, 3, 0]], "selection_score": 0.2333333333333333, "r2": -1.222986852590708}, "ids": [1, 5, 7, 13, 15, 22, 28, 33, 34, 40, 42, 44, 47, 58, 74, 83, 85, 89, 90, 93, 105, 110], "probs": [[0.17115207016468048, 0.42421290278434753, 0.4046350121498108], [0.856568455696106, 0.06449171900749207, 0.07893980294466019], [0.9199998378753662, 0.03824226185679436, 0.04175791144371033], [0.36518487334251404, 0.583567202091217, 0.051247939467430115], [0.8842384815216064, 0.052509114146232605, 0.06325236707925797], [0.2151462286710739, 0.7368568778038025, 0.04799691587686539], [0.6575630307197571, 0.2910451591014862, 0.05139179900288582], [0.5099279284477234, 0.13049834966659546, 0.35957372188568115], [0.8520572185516357, 0.05097324028611183, 0.09696954488754272], [0.0858701765537262, 0.825268566608429, 0.08886128664016724], [0.43012237548828125, 0.45663392543792725, 0.1132437065243721], [0.05539349839091301, 0.6996840834617615, 0.2449224293231964], [0.20473554730415344, 0.72406005859375, 0.07120436429977417], [0.08907807618379593, 0.8146819472312927, 0.09623995423316956], [0.0991865023970604, 0.7397492527961731, 0.1610642373561859], [0.18224523961544037, 0.47416433691978455, 0.3435903787612915], [0.060897987335920334, 0.816058874130249, 0.12304314225912094], [0.06006333604454994, 0.8195670247077942, 0.12036965787410736], [0.7343882918357849, 0.10443082451820374, 0.16118089854717255], [0.9356036186218262, 0.03353579714894295, 0.030860597267746925], [0.9096590876579285, 0.046900343149900436, 0.04344053193926811], [0.16701604425907135, 0.3534663915634155, 0.47951754927635193]], "phq_pred_log1p": [2.0655694007873535, 0.9606860876083374, 0.4790123999118805, 1.2609925270080566, 1.016606092453003, 1.3957816362380981, 1.1513844728469849, 1.7799545526504517, 0.7780528664588928, 2.046525239944458, 1.579962134361267, 2.4469738006591797, 1.5555036067962646, 2.0441665649414062, 2.0633363723754883, 2.2184362411499023, 2.17637300491333, 2.1920223236083984, 1.392299771308899, 0.5396901369094849, 0.6848025321960449, 1.8829751014709473], "phq_true_log1p": [2.4849066734313965, 1.945910096168518, 1.945910096168518, 1.945910096168518, 1.945910096168518, 1.0986123085021973, 1.0986123085021973, 1.0986123085021973, 1.945910096168518, 1.0986123085021973, 1.945910096168518, 1.0986123085021973, 1.0986123085021973, 1.0986123085021973, 2.4849066734313965, 1.0986123085021973, 2.4849066734313965, 1.945910096168518, 1.945910096168518, 1.0986123085021973, 1.0986123085021973, 1.0986123085021973], "y_true": [2, 1, 1, 1, 1, 0, 0, 0, 1, 0, 1, 0, 0, 0, 2, 0, 2, 1, 1, 0, 0, 0], "y_pred": [1, 0, 0, 1, 0, 1, 0, 0, 0, 1, 1, 1, 1, 1, 1, 1, 1, 1, 0, 0, 0, 2]}