{"ckpt": "checkpoints/Track1/A-V-G+P/binary/pipeline__A_V_GpP__opensmile__resnet__bilstm_mean__fold2_seed42/best_model_2026-05-16-00.20.48.pth", "track": "Track1", "task": "binary", "subtrack": "A-V-G+P", "audio_feature": "opensmile", "video_feature": "resnet", "encoder_type": "bilstm_mean", "seed": 42, "experiment_name": "pipeline__A_V_GpP__opensmile__resnet__bilstm_mean__fold2_seed42", "val": {"acc": 0.8235294117647058, "f1": 0.7301587301587301, "kappa": 0.48484848484848486, "ccc": 0.07687636948478987, "rmse": 0.6816169521826326, "mae": 0.5288935549118939, "confusion_matrix": [[12, 0], [3, 2]], "selection_score": 0.7301587301587301, "r2": -0.14048775338312725, "cls_loss": 0.6129228157155654, "reg_loss": 0.46460169553756714, "loss": 1.0775245428085327}, "metric_split": "val", "test": {"acc": 0.391304347826087, "f1": 0.38076923076923075, "kappa": -0.2290076335877862, "ccc": -0.312566408975279, "rmse": 0.8442414495290325, "mae": 0.7496019083520641, "confusion_matrix": [[6, 8], [6, 3]], "selection_score": 0.38076923076923075, "r2": -1.6982664733369437}, "ids": [1, 6, 8, 13, 18, 24, 26, 32, 33, 35, 45, 48, 51, 59, 69, 70, 83, 86, 91, 92, 97, 106, 117], "probs": [[0.31162187457084656, 0.6883781552314758], [0.48990440368652344, 0.5100955963134766], [0.4652658700942993, 0.5347340703010559], [0.585056722164154, 0.41494327783584595], [0.5475085973739624, 0.45249143242836], [0.8592818975448608, 0.14071808755397797], [0.10360140353441238, 0.8963985443115234], [0.14748477935791016, 0.8525152206420898], [0.2721615731716156, 0.727838397026062], [0.987027645111084, 0.012972371652722359], [0.8738367557525635, 0.1261633187532425], [0.9221383929252625, 0.07786158472299576], [0.34615951776504517, 0.6538405418395996], [0.077761210501194, 0.9222387671470642], [0.7818256616592407, 0.2181742787361145], [0.8978472352027893, 0.1021527573466301], [0.6327152252197266, 0.36728474497795105], [0.9789711236953735, 0.021028833463788033], [0.12763242423534393, 0.8723675608634949], [0.7056251764297485, 0.29437488317489624], [0.1917017102241516, 0.8082982897758484], [0.26249000430107117, 0.7375099658966064], [0.745485782623291, 0.2545141875743866]], "phq_pred_log1p": [2.0780086517333984, 1.8354004621505737, 1.8947246074676514, 1.7577271461486816, 1.9699922800064087, 1.4790980815887451, 2.155637741088867, 2.254657506942749, 2.179558038711548, 0.7499600052833557, 1.452836513519287, 1.2702628374099731, 2.0972836017608643, 2.4160921573638916, 1.6197764873504639, 1.3409204483032227, 1.9453468322753906, 0.9580590128898621, 2.3170645236968994, 1.6789318323135376, 2.329007863998413, 2.1099636554718018, 1.585760235786438], "phq_true_log1p": [2.5649492740631104, 2.079441547393799, 1.0986123085021973, 2.079441547393799, 1.0986123085021973, 1.0986123085021973, 2.079441547393799, 1.0986123085021973, 1.0986123085021973, 2.079441547393799, 1.0986123085021973, 2.079441547393799, 1.0986123085021973, 1.0986123085021973, 2.079441547393799, 1.0986123085021973, 1.0986123085021973, 2.079441547393799, 1.0986123085021973, 2.079441547393799, 1.0986123085021973, 1.0986123085021973, 1.0986123085021973], "y_true": [1, 1, 0, 1, 0, 0, 1, 0, 0, 1, 0, 1, 0, 0, 1, 0, 0, 1, 0, 1, 0, 0, 0], "y_pred": [1, 1, 1, 0, 0, 0, 1, 1, 1, 0, 0, 0, 1, 1, 0, 0, 0, 0, 1, 0, 1, 1, 0]}