{"ckpt": "checkpoints/Track2/A-V-P/ternary/pipeline__A_VpP__mfcc__openface__bilstm_mean__fold2_seed42/best_model_2026-05-16-01.29.33.pth", "track": "Track2", "task": "ternary", "subtrack": "A-V+P", "audio_feature": "mfcc", "video_feature": "openface", "encoder_type": "bilstm_mean", "seed": 42, "experiment_name": "pipeline__A_VpP__mfcc__openface__bilstm_mean__fold2_seed42", "val": {"acc": 0.6666666666666666, "f1": 0.47222222222222215, "kappa": 0.4, "ccc": -0.10190289090080644, "rmse": 0.6723821148740041, "mae": 0.5164089732699924, "confusion_matrix": [[6, 3, 0], [1, 6, 0], [2, 0, 0]], "selection_score": 0.47222222222222215, "r2": -0.184938082433028, "cls_loss": 1.0260156724188063, "reg_loss": 0.45209771891434986, "loss": 1.4781133863661025}, "metric_split": "val", "test": {"acc": 0.3181818181818182, "f1": 0.22698412698412698, "kappa": -0.18705035971223016, "ccc": -0.03442229051086545, "rmse": 0.685471528782989, "mae": 0.5864530639214949, "confusion_matrix": [[4, 7, 0], [5, 3, 0], [1, 2, 0]], "selection_score": 0.22698412698412698, "r2": -0.7026281625819248}, "ids": [1, 5, 7, 13, 15, 22, 28, 33, 34, 40, 42, 44, 47, 58, 74, 83, 85, 89, 90, 93, 105, 110], "probs": [[0.37488454580307007, 0.3664304316043854, 0.25868499279022217], [0.5980347990989685, 0.20955142378807068, 0.19241373240947723], [0.6227930784225464, 0.19421420991420746, 0.18299268186092377], [0.22066161036491394, 0.5642943382263184, 0.2150440514087677], [0.5436014533042908, 0.24254651367664337, 0.21385198831558228], [0.24462679028511047, 0.5237665176391602, 0.23160670697689056], [0.2968396842479706, 0.49047398567199707, 0.21268630027770996], [0.5704783201217651, 0.20518384873867035, 0.22433780133724213], [0.591451108455658, 0.195394366979599, 0.21315453946590424], [0.3119843900203705, 0.46711310744285583, 0.22090241312980652], [0.4456203579902649, 0.3502552807331085, 0.2041243612766266], [0.2187415063381195, 0.5375387668609619, 0.24371972680091858], [0.2692321836948395, 0.493502676486969, 0.2372651994228363], [0.3193375766277313, 0.4592101275920868, 0.22145232558250427], [0.34131309390068054, 0.4318870007991791, 0.22679990530014038], [0.26755207777023315, 0.49033424258232117, 0.2421136498451233], [0.22099658846855164, 0.5357577204704285, 0.2432456761598587], [0.22713114321231842, 0.5302926301956177, 0.24257618188858032], [0.36823928356170654, 0.3814980089664459, 0.25026267766952515], [0.600348711013794, 0.2137892097234726, 0.1858619898557663], [0.48385870456695557, 0.30690997838974, 0.20923131704330444], [0.5347253084182739, 0.22433654963970184, 0.24093815684318542]], "phq_pred_log1p": [1.721144199371338, 0.9740804433822632, 0.6579529047012329, 1.9299591779708862, 1.1069825887680054, 1.947506308555603, 1.7557685375213623, 1.0953660011291504, 0.9050724506378174, 1.735486626625061, 1.3741836547851562, 1.9701225757598877, 1.8722126483917236, 1.7512305974960327, 1.677611231803894, 1.8726658821105957, 1.9893728494644165, 1.9702472686767578, 1.6657956838607788, 0.8762704133987427, 1.321089267730713, 1.239534854888916], "phq_true_log1p": [2.4849066734313965, 1.945910096168518, 1.945910096168518, 1.945910096168518, 1.945910096168518, 1.0986123085021973, 1.0986123085021973, 1.0986123085021973, 1.945910096168518, 1.0986123085021973, 1.945910096168518, 1.0986123085021973, 1.0986123085021973, 1.0986123085021973, 2.4849066734313965, 1.0986123085021973, 2.4849066734313965, 1.945910096168518, 1.945910096168518, 1.0986123085021973, 1.0986123085021973, 1.0986123085021973], "y_true": [2, 1, 1, 1, 1, 0, 0, 0, 1, 0, 1, 0, 0, 0, 2, 0, 2, 1, 1, 0, 0, 0], "y_pred": [0, 0, 0, 1, 0, 1, 1, 0, 0, 1, 0, 1, 1, 1, 1, 1, 1, 1, 1, 0, 0, 0]}