{"ckpt": "checkpoints/Track1/G-P/binary/pipeline__GpP__mfcc__resnet__bilstm_mean__fold4_seed42/best_model_2026-05-16-00.20.59.pth", "track": "Track1", "task": "binary", "subtrack": "G+P", "audio_feature": "mfcc", "video_feature": "resnet", "encoder_type": "bilstm_mean", "seed": 42, "experiment_name": "pipeline__GpP__mfcc__resnet__bilstm_mean__fold4_seed42", "val": {"acc": 0.7058823529411765, "f1": 0.41379310344827586, "kappa": 0.0, "ccc": -0.002365506752753342, "rmse": 1.1204371752918514, "mae": 0.9995031426934635, "confusion_matrix": [[12, 0], [5, 0]], "selection_score": 0.41379310344827586, "r2": -2.3785280192932565, "cls_loss": 0.6850118987700519, "reg_loss": 1.255379395230728, "loss": 1.9403912950964535}, "metric_split": "val", "test": {"acc": 0.6086956521739131, "f1": 0.3783783783783784, "kappa": 0.0, "ccc": 0.00021660329978475336, "rmse": 1.114872521081836, "mae": 0.9894080136133276, "confusion_matrix": [[14, 0], [9, 0]], "selection_score": 0.3783783783783784, "r2": -3.7054581819888055}, "ids": [1, 6, 8, 13, 18, 24, 26, 32, 33, 35, 45, 48, 51, 59, 69, 70, 83, 86, 91, 92, 97, 106, 117], "probs": [[0.5876169204711914, 0.4123830497264862], [0.5865541696548462, 0.4134458005428314], [0.5838340520858765, 0.4161660075187683], [0.5835384130477905, 0.4164615869522095], [0.5839311480522156, 0.4160688817501068], [0.5906796455383301, 0.40932032465934753], [0.5881606936454773, 0.4118392765522003], [0.583543062210083, 0.4164568781852722], [0.5824927091598511, 0.4175072908401489], [0.5949857234954834, 0.4050142765045166], [0.5862382650375366, 0.413761705160141], [0.5904162526130676, 0.40958380699157715], [0.5808798670768738, 0.4191201329231262], [0.5911634564399719, 0.4088365137577057], [0.5872041583061218, 0.4127958416938782], [0.5891876816749573, 0.4108123183250427], [0.5881058573722839, 0.41189414262771606], [0.5820825099945068, 0.4179174602031708], [0.5840322971343994, 0.4159676730632782], [0.5915835499763489, 0.4084164500236511], [0.5933415293693542, 0.40665844082832336], [0.5799738764762878, 0.4200260639190674], [0.585814893245697, 0.41418513655662537]], "phq_pred_log1p": [0.5133750438690186, 0.511709451675415, 0.5060015320777893, 0.5010780692100525, 0.5160236954689026, 0.5158464908599854, 0.5290437936782837, 0.5120047926902771, 0.5274596810340881, 0.5122451782226562, 0.4960740804672241, 0.50232994556427, 0.5284981727600098, 0.5234507918357849, 0.5340335965156555, 0.5082626342773438, 0.49579399824142456, 0.5198174118995667, 0.5056542158126831, 0.506936252117157, 0.5401605367660522, 0.5089371204376221, 0.5099331736564636], "phq_true_log1p": [2.5649492740631104, 2.079441547393799, 1.0986123085021973, 2.079441547393799, 1.0986123085021973, 1.0986123085021973, 2.079441547393799, 1.0986123085021973, 1.0986123085021973, 2.079441547393799, 1.0986123085021973, 2.079441547393799, 1.0986123085021973, 1.0986123085021973, 2.079441547393799, 1.0986123085021973, 1.0986123085021973, 2.079441547393799, 1.0986123085021973, 2.079441547393799, 1.0986123085021973, 1.0986123085021973, 1.0986123085021973], "y_true": [1, 1, 0, 1, 0, 0, 1, 0, 0, 1, 0, 1, 0, 0, 1, 0, 0, 1, 0, 1, 0, 0, 0], "y_pred": [0, 0, 0, 0, 0, 0, 0, 0, 0, 0, 0, 0, 0, 0, 0, 0, 0, 0, 0, 0, 0, 0, 0]}