{"ckpt": "checkpoints/Track2/A-V-G+P/binary/pipeline__A_V_GpP__opensmile__openface__bilstm_mean__fold0_seed42/best_model_2026-05-16-00.50.37.pth", "track": "Track2", "task": "binary", "subtrack": "A-V-G+P", "audio_feature": "opensmile", "video_feature": "openface", "encoder_type": "bilstm_mean", "seed": 42, "experiment_name": "pipeline__A_V_GpP__opensmile__openface__bilstm_mean__fold0_seed42", "val": {"acc": 0.7222222222222222, "f1": 0.7213622291021672, "kappa": 0.4444444444444444, "ccc": 0.11541729692809023, "rmse": 0.7183775635651589, "mae": 0.5773069924778409, "confusion_matrix": [[6, 3], [2, 7]], "selection_score": 0.7213622291021672, "r2": -0.4945072555929848, "cls_loss": 1.4300522522793875, "reg_loss": 0.5160663194126553, "loss": 1.9461185534795125}, "metric_split": "val", "test": {"acc": 0.4090909090909091, "f1": 0.4078674948240165, "kappa": -0.18181818181818188, "ccc": 0.0498018138584168, "rmse": 0.8479388384648306, "mae": 0.7373954152519052, "confusion_matrix": [[5, 6], [7, 4]], "selection_score": 0.4078674948240165, "r2": -1.6053737095174676}, "ids": [1, 5, 7, 13, 15, 22, 28, 33, 34, 40, 42, 44, 47, 58, 74, 83, 85, 89, 90, 93, 105, 110], "probs": [[0.0034839606378227472, 0.9965159893035889], [0.9985538125038147, 0.0014461943646892905], [0.9987931251525879, 0.0012068115174770355], [0.627930223941803, 0.37206971645355225], [0.9991410970687866, 0.0008588318014517426], [0.9949820637702942, 0.0050179059617221355], [0.9372559785842896, 0.06274405121803284], [0.9940756559371948, 0.005924303084611893], [0.9981749057769775, 0.0018251037690788507], [0.005789290647953749, 0.9942107200622559], [0.8472850918769836, 0.15271493792533875], [0.0008453090558759868, 0.9991546869277954], [0.37122398614883423, 0.6287760138511658], [0.0016806705389171839, 0.9983193278312683], [0.06793282181024551, 0.9320671558380127], [0.0038852421566843987, 0.9961147308349609], [0.0013456969754770398, 0.9986542463302612], [0.001330703147687018, 0.9986692667007446], [0.9918525815010071, 0.008147384971380234], [0.9992750287055969, 0.000724965997505933], [0.9986086487770081, 0.0013913254952058196], [0.14124035835266113, 0.8587596416473389]], "phq_pred_log1p": [2.1742122173309326, 0.5632498264312744, 0.30130481719970703, 1.1810567378997803, 0.5148196220397949, 1.0211080312728882, 1.2585880756378174, 1.3868329524993896, 0.7268786430358887, 2.127009391784668, 1.2884855270385742, 2.073037624359131, 1.5791599750518799, 2.112727165222168, 2.016817092895508, 1.8399221897125244, 2.040804386138916, 2.180001974105835, 1.0702060461044312, 0.33742228150367737, 0.4116384983062744, 1.6763044595718384], "phq_true_log1p": [2.4849066734313965, 1.945910096168518, 1.945910096168518, 1.945910096168518, 1.945910096168518, 1.0986123085021973, 1.0986123085021973, 1.0986123085021973, 1.945910096168518, 1.0986123085021973, 1.945910096168518, 1.0986123085021973, 1.0986123085021973, 1.0986123085021973, 2.4849066734313965, 1.0986123085021973, 2.4849066734313965, 1.945910096168518, 1.945910096168518, 1.0986123085021973, 1.0986123085021973, 1.0986123085021973], "y_true": [1, 1, 1, 1, 1, 0, 0, 0, 1, 0, 1, 0, 0, 0, 1, 0, 1, 1, 1, 0, 0, 0], "y_pred": [1, 0, 0, 0, 0, 0, 0, 0, 0, 1, 0, 1, 1, 1, 1, 1, 1, 1, 0, 0, 0, 1]}