{"ckpt": "checkpoints/Track1/A-V-G+P/ternary/pipeline__A_V_GpP__wav2vec__openface__bilstm_mean__fold2_seed42/best_model_2026-05-16-00.27.07.pth", "track": "Track1", "task": "ternary", "subtrack": "A-V-G+P", "audio_feature": "wav2vec", "video_feature": "openface", "encoder_type": "bilstm_mean", "seed": 42, "experiment_name": "pipeline__A_V_GpP__wav2vec__openface__bilstm_mean__fold2_seed42", "val": {"acc": 0.8235294117647058, "f1": 0.562962962962963, "kappa": 0.5048543689320388, "ccc": 0.023996656870135365, "rmse": 0.9085006520225645, "mae": 0.6865397551480461, "confusion_matrix": [[12, 0, 0], [1, 2, 0], [2, 0, 0]], "selection_score": 0.562962962962963, "r2": -0.18200525412779234, "cls_loss": 1.520600495969548, "reg_loss": 0.8253733708988875, "loss": 2.3459738387781033}, "metric_split": "val", "test": {"acc": 0.5217391304347826, "f1": 0.2897727272727273, "kappa": -0.007968127490039612, "ccc": 0.1179187560763159, "rmse": 0.6991143267513047, "mae": 0.5551530355992524, "confusion_matrix": [[11, 1, 2], [7, 1, 0], [0, 1, 0]], "selection_score": 0.2897727272727273, "r2": -0.8503245018915586}, "ids": [1, 6, 8, 13, 18, 24, 26, 32, 33, 35, 45, 48, 51, 59, 69, 70, 83, 86, 91, 92, 97, 106, 117], "probs": [[0.1882372498512268, 0.49053099751472473, 0.32123175263404846], [0.5152909159660339, 0.3796306252479553, 0.10507851094007492], [0.2762693762779236, 0.45389285683631897, 0.2698378264904022], [0.6389614343643188, 0.21876408159732819, 0.14227457344532013], [0.5332912802696228, 0.37520506978034973, 0.09150370210409164], [0.7511823177337646, 0.20643867552280426, 0.04237901046872139], [0.6714525818824768, 0.2608546018600464, 0.06769280880689621], [0.8524736166000366, 0.11311144381761551, 0.03441493213176727], [0.12563399970531464, 0.3152965307235718, 0.5590694546699524], [0.5958258509635925, 0.2976331114768982, 0.10654111951589584], [0.5579186677932739, 0.306797593832016, 0.13528373837471008], [0.9152780175209045, 0.0617445670068264, 0.02297736331820488], [0.7377811670303345, 0.2113899439573288, 0.050828881561756134], [0.5341123938560486, 0.3632040321826935, 0.10268355906009674], [0.24503609538078308, 0.3966319262981415, 0.3583320081233978], [0.8496527671813965, 0.12266087532043457, 0.0276863444596529], [0.8858521580696106, 0.08556521683931351, 0.028582554310560226], [0.8718205094337463, 0.09806425124406815, 0.030115189030766487], [0.33062493801116943, 0.33407333493232727, 0.33530178666114807], [0.8615210652351379, 0.11408805102109909, 0.024390945211052895], [0.7896889448165894, 0.166672483086586, 0.04363856092095375], [0.8682664036750793, 0.09856933355331421, 0.033164314925670624], [0.8891097903251648, 0.07600613683462143, 0.034883998334407806]], "phq_pred_log1p": [2.1944193840026855, 1.6950314044952393, 2.0767664909362793, 1.5856213569641113, 1.5600152015686035, 1.214751958847046, 1.2410192489624023, 0.9049074053764343, 2.140623092651367, 1.4877493381500244, 1.8027217388153076, 0.5836572051048279, 1.177119255065918, 1.3589074611663818, 2.273380756378174, 0.8024865984916687, 0.7996142506599426, 0.8621806502342224, 2.059582471847534, 0.7315349578857422, 1.1113612651824951, 0.9721338152885437, 0.7935035824775696], "phq_true_log1p": [2.5649492740631104, 2.079441547393799, 1.0986123085021973, 2.079441547393799, 1.0986123085021973, 1.0986123085021973, 2.079441547393799, 1.0986123085021973, 1.0986123085021973, 2.079441547393799, 1.0986123085021973, 2.079441547393799, 1.0986123085021973, 1.0986123085021973, 2.079441547393799, 1.0986123085021973, 1.0986123085021973, 2.079441547393799, 1.0986123085021973, 2.079441547393799, 1.0986123085021973, 1.0986123085021973, 1.0986123085021973], "y_true": [2, 1, 0, 1, 0, 0, 1, 0, 0, 1, 0, 1, 0, 0, 1, 0, 0, 1, 0, 1, 0, 0, 0], "y_pred": [1, 0, 1, 0, 0, 0, 0, 0, 2, 0, 0, 0, 0, 0, 1, 0, 0, 0, 2, 0, 0, 0, 0]}