{"ckpt": "checkpoints/Track1/G-P/binary/pipeline__GpP__mfcc__resnet__bilstm_mean__fold3_seed42/best_model_2026-05-16-00.20.58.pth", "track": "Track1", "task": "binary", "subtrack": "G+P", "audio_feature": "mfcc", "video_feature": "resnet", "encoder_type": "bilstm_mean", "seed": 42, "experiment_name": "pipeline__GpP__mfcc__resnet__bilstm_mean__fold3_seed42", "val": {"acc": 0.7058823529411765, "f1": 0.41379310344827586, "kappa": 0.0, "ccc": -0.0015818882209477822, "rmse": 1.145206739350101, "mae": 0.9513958937981549, "confusion_matrix": [[12, 0], [5, 0]], "selection_score": 0.41379310344827586, "r2": -0.472819506483521, "cls_loss": 0.6845178919679978, "reg_loss": 1.3114984736723059, "loss": 1.9960163340849035}, "metric_split": "val", "test": {"acc": 0.6086956521739131, "f1": 0.3783783783783784, "kappa": 0.0, "ccc": -8.59004123747181e-05, "rmse": 1.1125374499850194, "mae": 0.9865551785282467, "confusion_matrix": [[14, 0], [9, 0]], "selection_score": 0.3783783783783784, "r2": -3.685767907822332}, "ids": [1, 6, 8, 13, 18, 24, 26, 32, 33, 35, 45, 48, 51, 59, 69, 70, 83, 86, 91, 92, 97, 106, 117], "probs": [[0.6039741635322571, 0.3960258662700653], [0.6031703352928162, 0.3968296945095062], [0.6010763049125671, 0.3989236354827881], [0.6009278893470764, 0.39907214045524597], [0.5984758138656616, 0.401524156332016], [0.6049007773399353, 0.3950992226600647], [0.602893054485321, 0.39710700511932373], [0.5984768271446228, 0.4015231430530548], [0.5995662212371826, 0.400433748960495], [0.6092103123664856, 0.3907897174358368], [0.6005610227584839, 0.3994389772415161], [0.6070607304573059, 0.3929392695426941], [0.5953032374382019, 0.4046967923641205], [0.6048398017883301, 0.3951601982116699], [0.6006413102149963, 0.3993586599826813], [0.6068916320800781, 0.39310839772224426], [0.6020174622535706, 0.39798256754875183], [0.595325231552124, 0.4046747088432312], [0.5987047553062439, 0.4012952148914337], [0.6041671633720398, 0.3958328366279602], [0.6077759861946106, 0.3922240436077118], [0.5955820083618164, 0.4044179916381836], [0.6011567711830139, 0.39884325861930847]], "phq_pred_log1p": [0.5167194604873657, 0.5132555365562439, 0.5184169411659241, 0.5020701289176941, 0.5162511467933655, 0.5170155763626099, 0.5376808643341064, 0.5083508491516113, 0.5308674573898315, 0.5077629089355469, 0.4983333945274353, 0.4992867112159729, 0.5366963148117065, 0.5303152799606323, 0.543213427066803, 0.5076640248298645, 0.49634793400764465, 0.5213229656219482, 0.5047701597213745, 0.5102851390838623, 0.5441126823425293, 0.5101611614227295, 0.5193848013877869], "phq_true_log1p": [2.5649492740631104, 2.079441547393799, 1.0986123085021973, 2.079441547393799, 1.0986123085021973, 1.0986123085021973, 2.079441547393799, 1.0986123085021973, 1.0986123085021973, 2.079441547393799, 1.0986123085021973, 2.079441547393799, 1.0986123085021973, 1.0986123085021973, 2.079441547393799, 1.0986123085021973, 1.0986123085021973, 2.079441547393799, 1.0986123085021973, 2.079441547393799, 1.0986123085021973, 1.0986123085021973, 1.0986123085021973], "y_true": [1, 1, 0, 1, 0, 0, 1, 0, 0, 1, 0, 1, 0, 0, 1, 0, 0, 1, 0, 1, 0, 0, 0], "y_pred": [0, 0, 0, 0, 0, 0, 0, 0, 0, 0, 0, 0, 0, 0, 0, 0, 0, 0, 0, 0, 0, 0, 0]}