{"ckpt": "checkpoints/Track1/A-V-P/ternary/pipeline__A_VpP__wav2vec__openface__bilstm_mean__frozen_val_seed2026/best_model_2026-05-15-22.38.48.pth", "track": "Track1", "task": "ternary", "subtrack": "A-V+P", "audio_feature": "wav2vec", "video_feature": "openface", "encoder_type": "bilstm_mean", "seed": 2026, "experiment_name": "pipeline__A_VpP__wav2vec__openface__bilstm_mean__frozen_val_seed2026", "val": {"acc": 0.6666666666666666, "f1": 0.4230769230769231, "kappa": 0.22857142857142865, "ccc": 0.5016779071538883, "rmse": 0.6070310458048082, "mae": 0.4423703882429335, "confusion_matrix": [[5, 1, 0], [1, 1, 0], [1, 0, 0]], "selection_score": 0.4230769230769231, "r2": 0.38094599858787825, "cls_loss": 1.1878283752335443, "reg_loss": 0.36848670929127064, "loss": 1.5563150776757135}, "metric_split": "val", "test": {"acc": 0.6086956521739131, "f1": 0.3155080213903743, "kappa": 0.07999999999999996, "ccc": 0.11390880683610778, "rmse": 0.5929737134775169, "mae": 0.493872230467589, "confusion_matrix": [[13, 1, 0], [7, 1, 0], [0, 1, 0]], "selection_score": 0.3155080213903743, "r2": -0.33113584586852984}, "ids": [1, 6, 8, 13, 18, 24, 26, 32, 33, 35, 45, 48, 51, 59, 69, 70, 83, 86, 91, 92, 97, 106, 117], "probs": [[0.29138079285621643, 0.4578227698802948, 0.250796377658844], [0.3997063636779785, 0.4408288598060608, 0.1594647318124771], [0.5281797051429749, 0.3518798053264618, 0.11994048207998276], [0.513336181640625, 0.3439922332763672, 0.14267157018184662], [0.40826985239982605, 0.42316460609436035, 0.1685655117034912], [0.6871950626373291, 0.23984505236148834, 0.07295986264944077], [0.6581426858901978, 0.24020877480506897, 0.1016484946012497], [0.8340059518814087, 0.1328648179769516, 0.03312928229570389], [0.5594733357429504, 0.30942603945732117, 0.1311006247997284], [0.5928704738616943, 0.30440986156463623, 0.10271966457366943], [0.5876578688621521, 0.2886834740638733, 0.1236586794257164], [0.8731447458267212, 0.10024677962064743, 0.026608459651470184], [0.4996698200702667, 0.37068116664886475, 0.12964899837970734], [0.5393053889274597, 0.3601679801940918, 0.1005266010761261], [0.4573197662830353, 0.3711510896682739, 0.17152917385101318], [0.6159151792526245, 0.28857237100601196, 0.09551242738962173], [0.7235408425331116, 0.21829554438591003, 0.0581635907292366], [0.6597237586975098, 0.2558702826499939, 0.08440592139959335], [0.5179162621498108, 0.2865792512893677, 0.19550453126430511], [0.7009291648864746, 0.23282574117183685, 0.06624511629343033], [0.5788547396659851, 0.2912614345550537, 0.12988382577896118], [0.5920718908309937, 0.3141077160835266, 0.09382033348083496], [0.6571003794670105, 0.26214417815208435, 0.08075545728206635]], "phq_pred_log1p": [2.1429226398468018, 1.8126857280731201, 1.560326099395752, 1.6373335123062134, 1.745278000831604, 1.127311110496521, 1.2753571271896362, 0.707693338394165, 1.389920949935913, 1.2593632936477661, 1.5430563688278198, 0.49006587266921997, 1.6098815202713013, 1.362036108970642, 1.754787802696228, 1.373561978340149, 1.0753268003463745, 1.2774635553359985, 1.7409858703613281, 1.1955989599227905, 1.5725936889648438, 1.4192062616348267, 1.3291434049606323], "phq_true_log1p": [2.5649492740631104, 2.079441547393799, 1.0986123085021973, 2.079441547393799, 1.0986123085021973, 1.0986123085021973, 2.079441547393799, 1.0986123085021973, 1.0986123085021973, 2.079441547393799, 1.0986123085021973, 2.079441547393799, 1.0986123085021973, 1.0986123085021973, 2.079441547393799, 1.0986123085021973, 1.0986123085021973, 2.079441547393799, 1.0986123085021973, 2.079441547393799, 1.0986123085021973, 1.0986123085021973, 1.0986123085021973], "y_true": [2, 1, 0, 1, 0, 0, 1, 0, 0, 1, 0, 1, 0, 0, 1, 0, 0, 1, 0, 1, 0, 0, 0], "y_pred": [1, 1, 0, 0, 1, 0, 0, 0, 0, 0, 0, 0, 0, 0, 0, 0, 0, 0, 0, 0, 0, 0, 0]}