{"ckpt": "checkpoints/Track1/A-V-G+P/binary/pipeline__A_V_GpP__opensmile__openface__bilstm_mean__frozen_val_seed2026/best_model_2026-05-15-21.30.17.pth", "track": "Track1", "task": "binary", "subtrack": "A-V-G+P", "audio_feature": "opensmile", "video_feature": "openface", "encoder_type": "bilstm_mean", "seed": 2026, "experiment_name": "pipeline__A_V_GpP__opensmile__openface__bilstm_mean__frozen_val_seed2026", "val": {"acc": 0.7777777777777778, "f1": 0.75, "kappa": 0.5, "ccc": 0.36521802143370496, "rmse": 0.6414721751063762, "mae": 0.586588978767395, "confusion_matrix": [[5, 1], [1, 2]], "selection_score": 0.75, "r2": 0.07295164434190682, "cls_loss": 0.5862937635845609, "reg_loss": 0.41148654619852704, "loss": 0.9977803230285645}, "metric_split": "val", "test": {"acc": 0.43478260869565216, "f1": 0.43047619047619046, "kappa": -0.11985018726591767, "ccc": 0.03881993078684461, "rmse": 0.7942585025295492, "mae": 0.6506366975929426, "confusion_matrix": [[6, 8], [5, 4]], "selection_score": 0.43047619047619046, "r2": -1.3882250034522778}, "ids": [1, 6, 8, 13, 18, 24, 26, 32, 33, 35, 45, 48, 51, 59, 69, 70, 83, 86, 91, 92, 97, 106, 117], "probs": [[0.01833791844546795, 0.9816620945930481], [0.05608637258410454, 0.9439136981964111], [0.03405720368027687, 0.9659427404403687], [0.048091769218444824, 0.9519082903862], [0.029719214886426926, 0.9702807664871216], [0.6436178088188171, 0.35638225078582764], [0.9466521143913269, 0.0533478669822216], [0.7438799142837524, 0.25612008571624756], [0.03662485629320145, 0.9633750915527344], [0.7313052415847778, 0.26869475841522217], [0.037732403725385666, 0.9622675776481628], [0.9954851865768433, 0.004514792002737522], [0.07632347196340561, 0.9236765503883362], [0.8252783417701721, 0.1747216284275055], [0.032757967710494995, 0.9672420620918274], [0.36955371499061584, 0.6304463148117065], [0.9942055344581604, 0.00579445855692029], [0.7728594541549683, 0.22714053094387054], [0.058834876865148544, 0.9411650896072388], [0.5978665351867676, 0.4021334946155548], [0.13357283174991608, 0.8664271235466003], [0.906403660774231, 0.09359638392925262], [0.8945407867431641, 0.10545919835567474]], "phq_pred_log1p": [2.4876296520233154, 2.1598808765411377, 2.316807746887207, 2.2482235431671143, 2.2717344760894775, 1.4705642461776733, 1.0136371850967407, 1.5058233737945557, 2.105120897293091, 1.4148979187011719, 2.249680995941162, 0.3786121606826782, 2.0365047454833984, 1.266681432723999, 2.341200590133667, 1.8577789068222046, 0.38811150193214417, 1.5340983867645264, 2.17974591255188, 1.6768059730529785, 1.9904475212097168, 1.2188891172409058, 1.0988677740097046], "phq_true_log1p": [2.5649492740631104, 2.079441547393799, 1.0986123085021973, 2.079441547393799, 1.0986123085021973, 1.0986123085021973, 2.079441547393799, 1.0986123085021973, 1.0986123085021973, 2.079441547393799, 1.0986123085021973, 2.079441547393799, 1.0986123085021973, 1.0986123085021973, 2.079441547393799, 1.0986123085021973, 1.0986123085021973, 2.079441547393799, 1.0986123085021973, 2.079441547393799, 1.0986123085021973, 1.0986123085021973, 1.0986123085021973], "y_true": [1, 1, 0, 1, 0, 0, 1, 0, 0, 1, 0, 1, 0, 0, 1, 0, 0, 1, 0, 1, 0, 0, 0], "y_pred": [1, 1, 1, 1, 1, 0, 0, 0, 1, 0, 1, 0, 1, 0, 1, 1, 0, 0, 1, 0, 1, 0, 0]}