{"ckpt": "checkpoints/Track2/A-V-P/ternary/pipeline__A_VpP__mfcc__openface__bilstm_mean__frozen_val_seed2026/best_model_2026-05-15-22.54.10.pth", "track": "Track2", "task": "ternary", "subtrack": "A-V+P", "audio_feature": "mfcc", "video_feature": "openface", "encoder_type": "bilstm_mean", "seed": 2026, "experiment_name": "pipeline__A_VpP__mfcc__openface__bilstm_mean__frozen_val_seed2026", "val": {"acc": 0.6666666666666666, "f1": 0.4646464646464647, "kappa": 0.3571428571428572, "ccc": 0.3150107489153293, "rmse": 0.47742008931954244, "mae": 0.37684257825215656, "confusion_matrix": [[4, 1, 0], [1, 2, 0], [1, 0, 0]], "selection_score": 0.4646464646464647, "r2": 0.0720042561274804, "cls_loss": 1.1258584062258403, "reg_loss": 0.22792993403143352, "loss": 1.353788349363539}, "metric_split": "val", "test": {"acc": 0.2727272727272727, "f1": 0.19138755980861244, "kappa": -0.28, "ccc": -0.07876544837900731, "rmse": 0.7540889984216516, "mae": 0.6576200398531827, "confusion_matrix": [[4, 7, 0], [6, 2, 0], [1, 2, 0]], "selection_score": 0.19138755980861244, "r2": -1.0605643429155585}, "ids": [1, 5, 7, 13, 15, 22, 28, 33, 34, 40, 42, 44, 47, 58, 74, 83, 85, 89, 90, 93, 105, 110], "probs": [[0.3480439782142639, 0.36026817560195923, 0.29168790578842163], [0.6732478737831116, 0.12977370619773865, 0.1969783902168274], [0.7576027512550354, 0.09466693550348282, 0.14773032069206238], [0.1833236962556839, 0.6674222946166992, 0.14925400912761688], [0.6802394986152649, 0.13256968557834625, 0.18719078600406647], [0.1725073754787445, 0.6627039909362793, 0.1647886037826538], [0.24371661245822906, 0.5868071913719177, 0.1694762259721756], [0.6664243340492249, 0.11197397857904434, 0.2216016799211502], [0.7048311829566956, 0.10221933573484421, 0.19294953346252441], [0.28005337715148926, 0.5425149202346802, 0.17743173241615295], [0.5879560708999634, 0.23299092054367065, 0.17905300855636597], [0.12788993120193481, 0.70147705078125, 0.1706329882144928], [0.19867107272148132, 0.602435827255249, 0.19889311492443085], [0.2426648586988449, 0.5871363878250122, 0.17019875347614288], [0.48024386167526245, 0.311213880777359, 0.20854231715202332], [0.2442512959241867, 0.5233471989631653, 0.232401505112648], [0.13780435919761658, 0.706968367099762, 0.15522724390029907], [0.1330486685037613, 0.7131619453430176, 0.15378940105438232], [0.41379907727241516, 0.3084142208099365, 0.27778664231300354], [0.7540604472160339, 0.10029684752225876, 0.14564266800880432], [0.6558107733726501, 0.16346067190170288, 0.18072859942913055], [0.4905552268028259, 0.18724296987056732, 0.32220178842544556]], "phq_pred_log1p": [1.7782474756240845, 1.0269979238510132, 0.4737481474876404, 1.7196910381317139, 0.9568024277687073, 1.8569366931915283, 1.607072114944458, 1.042039394378662, 0.7616710662841797, 1.5817012786865234, 1.0466668605804443, 2.04734468460083, 1.8927935361862183, 1.7203295230865479, 1.311802625656128, 1.7910475730895996, 1.9058877229690552, 2.0025081634521484, 1.5504670143127441, 0.5780437588691711, 0.9859275221824646, 1.4687812328338623], "phq_true_log1p": [2.4849066734313965, 1.945910096168518, 1.945910096168518, 1.945910096168518, 1.945910096168518, 1.0986123085021973, 1.0986123085021973, 1.0986123085021973, 1.945910096168518, 1.0986123085021973, 1.945910096168518, 1.0986123085021973, 1.0986123085021973, 1.0986123085021973, 2.4849066734313965, 1.0986123085021973, 2.4849066734313965, 1.945910096168518, 1.945910096168518, 1.0986123085021973, 1.0986123085021973, 1.0986123085021973], "y_true": [2, 1, 1, 1, 1, 0, 0, 0, 1, 0, 1, 0, 0, 0, 2, 0, 2, 1, 1, 0, 0, 0], "y_pred": [1, 0, 0, 1, 0, 1, 1, 0, 0, 1, 0, 1, 1, 1, 0, 1, 1, 1, 0, 0, 0, 0]}