{"ckpt": "checkpoints/Track2/A-V-P/ternary/pipeline__A_VpP__mfcc__openface__bilstm_mean__fold3_seed42/best_model_2026-05-16-01.34.28.pth", "track": "Track2", "task": "ternary", "subtrack": "A-V+P", "audio_feature": "mfcc", "video_feature": "openface", "encoder_type": "bilstm_mean", "seed": 42, "experiment_name": "pipeline__A_VpP__mfcc__openface__bilstm_mean__fold3_seed42", "val": {"acc": 0.6470588235294118, "f1": 0.6373737373737374, "kappa": 0.35443037974683544, "ccc": 0.26342654657660725, "rmse": 0.7040602191344082, "mae": 0.5652043398688821, "confusion_matrix": [[7, 2, 0], [3, 3, 0], [1, 0, 1]], "selection_score": 0.6373737373737374, "r2": 0.06358406569787345, "cls_loss": 1.546127231682048, "reg_loss": 0.49570079486104934, "loss": 2.0418280406909832}, "metric_split": "val", "test": {"acc": 0.4090909090909091, "f1": 0.27555555555555555, "kappa": -0.05535055350553497, "ccc": 0.11716851293311771, "rmse": 0.7825923973494832, "mae": 0.6249546171589331, "confusion_matrix": [[7, 3, 1], [6, 2, 0], [1, 2, 0]], "selection_score": 0.27555555555555555, "r2": -1.219280615356361}, "ids": [1, 5, 7, 13, 15, 22, 28, 33, 34, 40, 42, 44, 47, 58, 74, 83, 85, 89, 90, 93, 105, 110], "probs": [[0.9032098054885864, 0.021713241934776306, 0.07507694512605667], [0.9704911112785339, 0.007370949722826481, 0.02213793247938156], [0.9892240166664124, 0.0031766865868121386, 0.007599304895848036], [0.8266337513923645, 0.16308026015758514, 0.010286102071404457], [0.9824112057685852, 0.004320402629673481, 0.01326833851635456], [0.8521491289138794, 0.1404738426208496, 0.007376993075013161], [0.9832247495651245, 0.013036335818469524, 0.0037388999480754137], [0.9489487409591675, 0.0075853075832128525, 0.04346603527665138], [0.9689038991928101, 0.004021174274384975, 0.027074960991740227], [0.026253512129187584, 0.9456908702850342, 0.02805565670132637], [0.22392699122428894, 0.7136971354484558, 0.06237584352493286], [0.006131827365607023, 0.6694605350494385, 0.3244076669216156], [0.7074625492095947, 0.27970460057258606, 0.0128328250721097], [0.010065155103802681, 0.9528488516807556, 0.03708598390221596], [0.09723291546106339, 0.6468535661697388, 0.25591355562210083], [0.18831105530261993, 0.21444173157215118, 0.5972472429275513], [0.008869500830769539, 0.8963932991027832, 0.0947372242808342], [0.019091587513685226, 0.9211522936820984, 0.05975615233182907], [0.9370479583740234, 0.018437672406435013, 0.044514335691928864], [0.9900000691413879, 0.0033419018145650625, 0.006658022291958332], [0.9845313429832458, 0.005767762195318937, 0.009700827300548553], [0.9258760213851929, 0.00988013669848442, 0.06424383074045181]], "phq_pred_log1p": [1.5603399276733398, 1.1366558074951172, 0.17424534261226654, 1.2132060527801514, 0.8144618272781372, 1.138120174407959, 0.8419139981269836, 1.1733474731445312, 0.6023982763290405, 1.9787514209747314, 1.80255925655365, 2.3139920234680176, 1.2712013721466064, 2.0299761295318604, 2.0736076831817627, 1.9744131565093994, 2.1462998390197754, 2.142611265182495, 1.390605092048645, 0.3646814823150635, 0.9614293575286865, 1.0253511667251587], "phq_true_log1p": [2.4849066734313965, 1.945910096168518, 1.945910096168518, 1.945910096168518, 1.945910096168518, 1.0986123085021973, 1.0986123085021973, 1.0986123085021973, 1.945910096168518, 1.0986123085021973, 1.945910096168518, 1.0986123085021973, 1.0986123085021973, 1.0986123085021973, 2.4849066734313965, 1.0986123085021973, 2.4849066734313965, 1.945910096168518, 1.945910096168518, 1.0986123085021973, 1.0986123085021973, 1.0986123085021973], "y_true": [2, 1, 1, 1, 1, 0, 0, 0, 1, 0, 1, 0, 0, 0, 2, 0, 2, 1, 1, 0, 0, 0], "y_pred": [0, 0, 0, 0, 0, 0, 0, 0, 0, 1, 1, 1, 0, 1, 1, 2, 1, 1, 0, 0, 0, 0]}