{"ckpt": "checkpoints/Track2/A-V-P/ternary/pipeline__A_VpP__mfcc__openface__bilstm_mean__fold1_seed42/best_model_2026-05-16-01.29.33.pth", "track": "Track2", "task": "ternary", "subtrack": "A-V+P", "audio_feature": "mfcc", "video_feature": "openface", "encoder_type": "bilstm_mean", "seed": 42, "experiment_name": "pipeline__A_VpP__mfcc__openface__bilstm_mean__fold1_seed42", "val": {"acc": 0.6666666666666666, "f1": 0.48370927318295737, "kappa": 0.4098360655737705, "ccc": 0.024081792204737388, "rmse": 0.8854280186728366, "mae": 0.6299334069093069, "confusion_matrix": [[7, 2, 0], [1, 5, 1], [2, 0, 0]], "selection_score": 0.48370927318295737, "r2": -0.5134005330283706, "cls_loss": 1.3434232539600797, "reg_loss": 0.7839827703105079, "loss": 2.12740601433648}, "metric_split": "val", "test": {"acc": 0.45454545454545453, "f1": 0.4444444444444445, "kappa": 0.03649635036496357, "ccc": 0.1126742380541232, "rmse": 0.8374413963240463, "mae": 0.6803134239532731, "confusion_matrix": [[7, 4, 0], [6, 2, 0], [0, 2, 1]], "selection_score": 0.4444444444444445, "r2": -1.5412642143962065}, "ids": [1, 5, 7, 13, 15, 22, 28, 33, 34, 40, 42, 44, 47, 58, 74, 83, 85, 89, 90, 93, 105, 110], "probs": [[0.20153479278087616, 0.36517199873924255, 0.4332931935787201], [0.8210582733154297, 0.08340650051832199, 0.09553515911102295], [0.9380282163619995, 0.031927380710840225, 0.030044464394450188], [0.4860548675060272, 0.4493691027164459, 0.06457599252462387], [0.9265226125717163, 0.033898260444402695, 0.0395791120827198], [0.7705397605895996, 0.11534300446510315, 0.11411724984645844], [0.15302574634552002, 0.7628440260887146, 0.08413022756576538], [0.7761809229850769, 0.046149883419275284, 0.17766915261745453], [0.9082329273223877, 0.0284267608076334, 0.06334032118320465], [0.2525801658630371, 0.6634179353713989, 0.08400185406208038], [0.2812923789024353, 0.6724523305892944, 0.046255286782979965], [0.03928105905652046, 0.797879159450531, 0.16283972561359406], [0.5690843462944031, 0.362834095954895, 0.0680815726518631], [0.09289031475782394, 0.835525631904602, 0.07158402353525162], [0.3903459906578064, 0.5146023631095886, 0.09505163878202438], [0.6420095562934875, 0.20998349785804749, 0.14800693094730377], [0.10161329060792923, 0.6500263214111328, 0.24836038053035736], [0.07424085587263107, 0.7827701568603516, 0.14298900961875916], [0.6026501655578613, 0.2558555603027344, 0.1414942592382431], [0.9435334801673889, 0.030112022534012794, 0.026354510337114334], [0.8931471705436707, 0.0739053264260292, 0.03294749557971954], [0.7393651604652405, 0.05789289250969887, 0.20274195075035095]], "phq_pred_log1p": [2.1403701305389404, 1.2446058988571167, 0.201381653547287, 1.2360060214996338, 0.35776984691619873, 1.2326984405517578, 1.8779162168502808, 1.0134196281433105, 0.31501469016075134, 1.8261821269989014, 1.4521881341934204, 2.3275654315948486, 1.2432206869125366, 2.0083465576171875, 1.6919695138931274, 1.4035505056381226, 2.1941471099853516, 2.1486523151397705, 1.3581677675247192, 0.1289755254983902, 0.7172840237617493, 0.8842806816101074], "phq_true_log1p": [2.4849066734313965, 1.945910096168518, 1.945910096168518, 1.945910096168518, 1.945910096168518, 1.0986123085021973, 1.0986123085021973, 1.0986123085021973, 1.945910096168518, 1.0986123085021973, 1.945910096168518, 1.0986123085021973, 1.0986123085021973, 1.0986123085021973, 2.4849066734313965, 1.0986123085021973, 2.4849066734313965, 1.945910096168518, 1.945910096168518, 1.0986123085021973, 1.0986123085021973, 1.0986123085021973], "y_true": [2, 1, 1, 1, 1, 0, 0, 0, 1, 0, 1, 0, 0, 0, 2, 0, 2, 1, 1, 0, 0, 0], "y_pred": [2, 0, 0, 0, 0, 0, 1, 0, 0, 1, 1, 1, 0, 1, 1, 0, 1, 1, 0, 0, 0, 0]}