{"ckpt": "checkpoints/Track2/A-V-P/binary/pipeline__A_VpP__opensmile__resnet__bilstm_mean__frozen_val_seed3407/best_model_2026-05-15-21.39.12.pth", "track": "Track2", "task": "binary", "subtrack": "A-V+P", "audio_feature": "opensmile", "video_feature": "resnet", "encoder_type": "bilstm_mean", "seed": 3407, "experiment_name": "pipeline__A_VpP__opensmile__resnet__bilstm_mean__frozen_val_seed3407", "val": {"acc": 0.6666666666666666, "f1": 0.6666666666666666, "kappa": 0.3414634146341463, "ccc": -0.15557365583661653, "rmse": 0.8546948684553124, "mae": 0.6042309072282579, "confusion_matrix": [[3, 2], [1, 3]], "selection_score": 0.6666666666666666, "r2": -0.3305325708682456, "cls_loss": 0.7719052765104506, "reg_loss": 0.7305033314559195, "loss": 1.5024086601204343}, "metric_split": "val", "test": {"acc": 0.2727272727272727, "f1": 0.24786324786324787, "kappa": -0.4545454545454546, "ccc": -0.048440549565398214, "rmse": 0.5872198487794937, "mae": 0.5425605340437456, "confusion_matrix": [[5, 6], [10, 1]], "selection_score": 0.24786324786324787, "r2": -0.24951773426203605}, "ids": [1, 5, 7, 13, 15, 22, 28, 33, 34, 40, 42, 44, 47, 58, 74, 83, 85, 89, 90, 93, 105, 110], "probs": [[0.051506731659173965, 0.948493242263794], [0.6910949945449829, 0.3089050352573395], [0.6258226633071899, 0.37417733669281006], [0.5477516055107117, 0.45224833488464355], [0.6882021427154541, 0.3117978572845459], [0.3906884491443634, 0.609311580657959], [0.29517650604248047, 0.7048234939575195], [0.8464343547821045, 0.1535656899213791], [0.8813148140907288, 0.11868522316217422], [0.337574303150177, 0.662425696849823], [0.7436647415161133, 0.25633522868156433], [0.5666646957397461, 0.4333353340625763], [0.5393157601356506, 0.46068423986434937], [0.7174516320228577, 0.28254833817481995], [0.5108641386032104, 0.48913589119911194], [0.562074601650238, 0.43792539834976196], [0.6699779033660889, 0.33002206683158875], [0.5631263852119446, 0.4368736445903778], [0.5709632635116577, 0.4290367066860199], [0.49466365575790405, 0.505336344242096], [0.44277116656303406, 0.5572288036346436], [0.3487584590911865, 0.6512414813041687]], "phq_pred_log1p": [2.1563503742218018, 1.4934239387512207, 1.5160757303237915, 1.649134874343872, 1.4637348651885986, 1.814298391342163, 1.8788539171218872, 1.1733629703521729, 1.079775094985962, 1.860742449760437, 1.369692087173462, 1.6174330711364746, 1.570959448814392, 1.4418785572052002, 1.616403579711914, 1.5990930795669556, 1.5129590034484863, 1.6940279006958008, 1.6427322626113892, 1.718001365661621, 1.7013003826141357, 1.8174524307250977], "phq_true_log1p": [2.4849066734313965, 1.945910096168518, 1.945910096168518, 1.945910096168518, 1.945910096168518, 1.0986123085021973, 1.0986123085021973, 1.0986123085021973, 1.945910096168518, 1.0986123085021973, 1.945910096168518, 1.0986123085021973, 1.0986123085021973, 1.0986123085021973, 2.4849066734313965, 1.0986123085021973, 2.4849066734313965, 1.945910096168518, 1.945910096168518, 1.0986123085021973, 1.0986123085021973, 1.0986123085021973], "y_true": [1, 1, 1, 1, 1, 0, 0, 0, 1, 0, 1, 0, 0, 0, 1, 0, 1, 1, 1, 0, 0, 0], "y_pred": [1, 0, 0, 0, 0, 1, 1, 0, 0, 1, 0, 0, 0, 0, 0, 0, 0, 0, 0, 1, 1, 1]}