{"ckpt": "checkpoints/Track1/A-V-G+P/binary/pipeline__A_V_GpP__wav2vec__openface__bilstm_mean__frozen_val_seed3407/best_model_2026-05-15-21.32.21.pth", "track": "Track1", "task": "binary", "subtrack": "A-V-G+P", "audio_feature": "wav2vec", "video_feature": "openface", "encoder_type": "bilstm_mean", "seed": 3407, "experiment_name": "pipeline__A_V_GpP__wav2vec__openface__bilstm_mean__frozen_val_seed3407", "val": {"acc": 0.7777777777777778, "f1": 0.6785714285714286, "kappa": 0.3999999999999999, "ccc": 0.2914436796233843, "rmse": 0.6038367760052985, "mae": 0.4915010333061218, "confusion_matrix": [[6, 0], [2, 1]], "selection_score": 0.6785714285714286, "r2": 0.17854105787535002, "cls_loss": 0.7495544221666124, "reg_loss": 0.36461886432435775, "loss": 1.1141732864909701}, "metric_split": "val", "test": {"acc": 0.6086956521739131, "f1": 0.5548387096774194, "kappa": 0.12658227848101267, "ccc": 0.12654054164801581, "rmse": 0.659624873600228, "mae": 0.5208957687668179, "confusion_matrix": [[11, 3], [6, 3]], "selection_score": 0.5548387096774194, "r2": -0.6471970032868595}, "ids": [1, 6, 8, 13, 18, 24, 26, 32, 33, 35, 45, 48, 51, 59, 69, 70, 83, 86, 91, 92, 97, 106, 117], "probs": [[0.061406198889017105, 0.9385938048362732], [0.15158362686634064, 0.8484163284301758], [0.32315853238105774, 0.6768414378166199], [0.781773567199707, 0.21822641789913177], [0.413705050945282, 0.586294949054718], [0.7837604880332947, 0.21623949706554413], [0.9787484407424927, 0.02125154621899128], [0.9850815534591675, 0.014918397180736065], [0.7562174201011658, 0.24378252029418945], [0.9514854550361633, 0.04851455241441727], [0.2269255369901657, 0.7730745077133179], [0.9882653951644897, 0.011734637431800365], [0.5238177180290222, 0.4761822819709778], [0.8751825094223022, 0.12481747567653656], [0.17628048360347748, 0.8237195014953613], [0.86873459815979, 0.13126537203788757], [0.9747371077537537, 0.025262931361794472], [0.9525658488273621, 0.04743416607379913], [0.7368112802505493, 0.26318874955177307], [0.9179419875144958, 0.08205801248550415], [0.9136794805526733, 0.08632058650255203], [0.8963726162910461, 0.10362737625837326], [0.9590836763381958, 0.04091629758477211]], "phq_pred_log1p": [2.448472261428833, 2.2475290298461914, 1.9338829517364502, 1.6268165111541748, 1.767418622970581, 1.4837236404418945, 0.848932147026062, 0.7663672566413879, 1.3539034128189087, 0.8502419590950012, 2.123854398727417, 0.7391601800918579, 1.754741907119751, 1.3109890222549438, 2.153978109359741, 1.3408937454223633, 0.9796531796455383, 1.1636526584625244, 1.597822904586792, 1.246104121208191, 1.1586017608642578, 1.375499963760376, 1.1505711078643799], "phq_true_log1p": [2.5649492740631104, 2.079441547393799, 1.0986123085021973, 2.079441547393799, 1.0986123085021973, 1.0986123085021973, 2.079441547393799, 1.0986123085021973, 1.0986123085021973, 2.079441547393799, 1.0986123085021973, 2.079441547393799, 1.0986123085021973, 1.0986123085021973, 2.079441547393799, 1.0986123085021973, 1.0986123085021973, 2.079441547393799, 1.0986123085021973, 2.079441547393799, 1.0986123085021973, 1.0986123085021973, 1.0986123085021973], "y_true": [1, 1, 0, 1, 0, 0, 1, 0, 0, 1, 0, 1, 0, 0, 1, 0, 0, 1, 0, 1, 0, 0, 0], "y_pred": [1, 1, 1, 0, 1, 0, 0, 0, 0, 0, 1, 0, 0, 0, 1, 0, 0, 0, 0, 0, 0, 0, 0]}