{"ckpt": "checkpoints/Track2/A-V-P/binary/pipeline__A_VpP__wav2vec__resnet__bilstm_mean__frozen_val_seed3407/best_model_2026-05-15-21.45.06.pth", "track": "Track2", "task": "binary", "subtrack": "A-V+P", "audio_feature": "wav2vec", "video_feature": "resnet", "encoder_type": "bilstm_mean", "seed": 3407, "experiment_name": "pipeline__A_VpP__wav2vec__resnet__bilstm_mean__frozen_val_seed3407", "val": {"acc": 0.5555555555555556, "f1": 0.55, "kappa": 0.10000000000000009, "ccc": -0.18246889405145503, "rmse": 0.8345975787611979, "mae": 0.6657763984468248, "confusion_matrix": [[3, 2], [2, 2]], "selection_score": 0.55, "r2": -0.26869596403627605, "cls_loss": 0.7418462667200301, "reg_loss": 0.6965531143877242, "loss": 1.4383993678622775}, "metric_split": "val", "test": {"acc": 0.5, "f1": 0.44367816091954027, "kappa": 0.0, "ccc": 0.038983745913822906, "rmse": 0.5787660242819607, "mae": 0.4960286617279053, "confusion_matrix": [[9, 2], [9, 2]], "selection_score": 0.44367816091954027, "r2": -0.21379970515500446}, "ids": [1, 5, 7, 13, 15, 22, 28, 33, 34, 40, 42, 44, 47, 58, 74, 83, 85, 89, 90, 93, 105, 110], "probs": [[0.11858335882425308, 0.8814166784286499], [0.6072400212287903, 0.39275994896888733], [0.6447229981422424, 0.35527703166007996], [0.4577373266220093, 0.5422626733779907], [0.5937404036521912, 0.4062596261501312], [0.5520721077919006, 0.44792789220809937], [0.34628555178642273, 0.6537144780158997], [0.7556153535842896, 0.24438466131687164], [0.7642255425453186, 0.2357744574546814], [0.5111070275306702, 0.48889297246932983], [0.6351248025894165, 0.3648752272129059], [0.6858830451965332, 0.3141169846057892], [0.5168826580047607, 0.4831172823905945], [0.6996647715568542, 0.300335168838501], [0.5877398252487183, 0.41226014494895935], [0.6967651844024658, 0.3032348155975342], [0.8092945218086243, 0.19070547819137573], [0.6358200311660767, 0.36417990922927856], [0.6579923629760742, 0.3420076072216034], [0.6473621726036072, 0.3526378273963928], [0.447907418012619, 0.5520926117897034], [0.5938921570777893, 0.4061078131198883]], "phq_pred_log1p": [1.9675015211105347, 1.43097984790802, 1.3243919610977173, 1.5196441411972046, 1.4236801862716675, 1.4977574348449707, 1.602754831314087, 1.183897614479065, 1.187517523765564, 1.5234005451202393, 1.3822786808013916, 1.269168496131897, 1.4838857650756836, 1.2120734453201294, 1.4361982345581055, 1.2604548931121826, 1.0506967306137085, 1.3557511568069458, 1.3206583261489868, 1.3481806516647339, 1.5679010152816772, 1.4251887798309326], "phq_true_log1p": [2.4849066734313965, 1.945910096168518, 1.945910096168518, 1.945910096168518, 1.945910096168518, 1.0986123085021973, 1.0986123085021973, 1.0986123085021973, 1.945910096168518, 1.0986123085021973, 1.945910096168518, 1.0986123085021973, 1.0986123085021973, 1.0986123085021973, 2.4849066734313965, 1.0986123085021973, 2.4849066734313965, 1.945910096168518, 1.945910096168518, 1.0986123085021973, 1.0986123085021973, 1.0986123085021973], "y_true": [1, 1, 1, 1, 1, 0, 0, 0, 1, 0, 1, 0, 0, 0, 1, 0, 1, 1, 1, 0, 0, 0], "y_pred": [1, 0, 0, 1, 0, 0, 1, 0, 0, 0, 0, 0, 0, 0, 0, 0, 0, 0, 0, 0, 1, 0]}