{"ckpt": "checkpoints/Track2/A-V-G+P/binary/pipeline__A_V_GpP__mfcc__resnet__bilstm_mean__fold2_seed42/best_model_2026-05-16-00.50.37.pth", "track": "Track2", "task": "binary", "subtrack": "A-V-G+P", "audio_feature": "mfcc", "video_feature": "resnet", "encoder_type": "bilstm_mean", "seed": 42, "experiment_name": "pipeline__A_V_GpP__mfcc__resnet__bilstm_mean__fold2_seed42", "val": {"acc": 0.7777777777777778, "f1": 0.775, "kappa": 0.5555555555555556, "ccc": 0.21855893422116018, "rmse": 0.6055242971889138, "mae": 0.5274839136335585, "confusion_matrix": [[8, 1], [3, 6]], "selection_score": 0.775, "r2": 0.12174927517313228, "cls_loss": 0.8713023795021905, "reg_loss": 0.36665967769092983, "loss": 1.2379620605044894}, "metric_split": "val", "test": {"acc": 0.5, "f1": 0.4905263157894737, "kappa": 0.0, "ccc": 0.04185870420016088, "rmse": 0.5911190877222684, "mae": 0.5022880218245767, "confusion_matrix": [[7, 4], [7, 4]], "selection_score": 0.4905263157894737, "r2": -0.26616684525189016}, "ids": [1, 5, 7, 13, 15, 22, 28, 33, 34, 40, 42, 44, 47, 58, 74, 83, 85, 89, 90, 93, 105, 110], "probs": [[0.010160751640796661, 0.9898391962051392], [0.42312926054000854, 0.5768707990646362], [0.9531003832817078, 0.04689967632293701], [0.3183264434337616, 0.6816735863685608], [0.43445777893066406, 0.5655422806739807], [0.060205332934856415, 0.939794659614563], [0.9661529064178467, 0.03384707495570183], [0.9859462380409241, 0.014053787104785442], [0.9566299915313721, 0.04337005317211151], [0.798334002494812, 0.20166604220867157], [0.9904006123542786, 0.009599332697689533], [0.9863161444664001, 0.013683891855180264], [0.23444874584674835, 0.7655512094497681], [0.5407437682151794, 0.45925623178482056], [0.9594161510467529, 0.04058390483260155], [0.9729273915290833, 0.027072669938206673], [0.6032783389091492, 0.39672163128852844], [0.9386289119720459, 0.061371129006147385], [0.7980883717536926, 0.20191167294979095], [0.8765384554862976, 0.12346158176660538], [0.03894792124629021, 0.9610520601272583], [0.08603110909461975, 0.9139689207077026]], "phq_pred_log1p": [1.9142190217971802, 1.6852266788482666, 1.1513656377792358, 1.6428816318511963, 1.779587745666504, 1.8231384754180908, 1.048217535018921, 1.1360890865325928, 1.2892358303070068, 1.4592889547348022, 1.0692613124847412, 1.143833875656128, 1.6609456539154053, 1.601533055305481, 1.2343987226486206, 1.286071538925171, 1.627547264099121, 1.387954831123352, 1.5470795631408691, 1.442282795906067, 1.8917860984802246, 1.8478527069091797], "phq_true_log1p": [2.4849066734313965, 1.945910096168518, 1.945910096168518, 1.945910096168518, 1.945910096168518, 1.0986123085021973, 1.0986123085021973, 1.0986123085021973, 1.945910096168518, 1.0986123085021973, 1.945910096168518, 1.0986123085021973, 1.0986123085021973, 1.0986123085021973, 2.4849066734313965, 1.0986123085021973, 2.4849066734313965, 1.945910096168518, 1.945910096168518, 1.0986123085021973, 1.0986123085021973, 1.0986123085021973], "y_true": [1, 1, 1, 1, 1, 0, 0, 0, 1, 0, 1, 0, 0, 0, 1, 0, 1, 1, 1, 0, 0, 0], "y_pred": [1, 1, 0, 1, 1, 1, 0, 0, 0, 0, 0, 0, 1, 0, 0, 0, 0, 0, 0, 0, 1, 1]}