{
  "binary": {
    "n_ckpts": 3,
    "val_metrics_per_ckpt": [
      {
        "acc": 0.6666666666666666,
        "f1": 0.5846153846153846,
        "kappa": 0.18181818181818188,
        "ccc": -0.014616710694953346,
        "rmse": 0.9462283916067613,
        "mae": 0.7752597464455498,
        "confusion_matrix": [
          [
            5,
            1
          ],
          [
            2,
            1
          ]
        ],
        "selection_score": 0.5846153846153846,
        "r2": -0.1924449661166614,
        "cls_loss": 1.0925115976068709,
        "reg_loss": 0.8953481515248617,
        "loss": 1.9878597226407793
      },
      {
        "acc": 0.6666666666666666,
        "f1": 0.5846153846153846,
        "kappa": 0.18181818181818188,
        "ccc": 0.1826374470033862,
        "rmse": 0.8735764587368965,
        "mae": 0.6560085283385383,
        "confusion_matrix": [
          [
            5,
            1
          ],
          [
            2,
            1
          ]
        ],
        "selection_score": 0.5846153846153846,
        "r2": -0.01636157808397809,
        "cls_loss": 1.089143109197418,
        "reg_loss": 0.763135821157549,
        "loss": 1.8522789833239384
      },
      {
        "acc": 0.6666666666666666,
        "f1": 0.5846153846153846,
        "kappa": 0.18181818181818188,
        "ccc": -0.0038577565100202825,
        "rmse": 0.9700001496716788,
        "mae": 0.7348563737339444,
        "confusion_matrix": [
          [
            5,
            1
          ],
          [
            2,
            1
          ]
        ],
        "selection_score": 0.5846153846153846,
        "r2": -0.25311231273373314,
        "cls_loss": 0.6984053916401334,
        "reg_loss": 0.9409003624071678,
        "loss": 1.6393057571517096
      }
    ],
    "mean_val_f1": 0.5846153846153846,
    "mean_val_ccc": 0.05472099326613752
  },
  "ternary": {
    "n_ckpts": 3,
    "val_metrics_per_ckpt": [
      {
        "acc": 0.4444444444444444,
        "f1": 0.3333333333333333,
        "kappa": 0.08163265306122447,
        "ccc": -0.06840467563356968,
        "rmse": 0.8970326864938828,
        "mae": 0.6495204104317559,
        "confusion_matrix": [
          [
            3,
            1,
            2
          ],
          [
            1,
            1,
            0
          ],
          [
            0,
            1,
            0
          ]
        ],
        "selection_score": 0.3333333333333333,
        "r2": -0.5366977151223258,
        "cls_loss": 1.17485683494144,
        "reg_loss": 0.8046676455479529,
        "loss": 1.9795244799719915
      },
      {
        "acc": 0.5555555555555556,
        "f1": 0.38888888888888884,
        "kappa": 0.10000000000000009,
        "ccc": -0.07443157112896882,
        "rmse": 0.8430420751674313,
        "mae": 0.6207729445563422,
        "confusion_matrix": [
          [
            4,
            1,
            1
          ],
          [
            1,
            1,
            0
          ],
          [
            1,
            0,
            0
          ]
        ],
        "selection_score": 0.38888888888888884,
        "r2": -0.35728299922151807,
        "cls_loss": 1.1528018249405756,
        "reg_loss": 0.7107199393212795,
        "loss": 1.863521761364407
      },
      {
        "acc": 0.4444444444444444,
        "f1": 0.38888888888888884,
        "kappa": 0.18181818181818177,
        "ccc": -0.05827915308258126,
        "rmse": 1.0633158063999588,
        "mae": 0.7513143618901571,
        "confusion_matrix": [
          [
            3,
            0,
            3
          ],
          [
            0,
            1,
            1
          ],
          [
            0,
            1,
            0
          ]
        ],
        "selection_score": 0.38888888888888884,
        "r2": -1.1592177833299835,
        "cls_loss": 2.2864005631870694,
        "reg_loss": 1.1306405302949984,
        "loss": 3.417041149404314
      }
    ],
    "mean_val_f1": 0.3703703703703703,
    "mean_val_ccc": -0.06703846661503993
  },
  "phq_source": "binary (mean val_ccc=0.055)",
  "phq_strategy": "mean",
  "phq_pred_stats": {
    "mean": 3.8066380350739393,
    "std": 0.9629943380733057,
    "min": 1.4355408470606188,
    "max": 5.462716926774783
  },
  "binary_pred_dist": {
    "0": 14,
    "1": 9
  },
  "ternary_pred_dist": {
    "0": 13,
    "1": 5,
    "2": 5
  },
  "zip": "sub/avgp_repro_v1/submission_Track1_A-V-G+P.zip"
}